didn't find M0R1M2 in the database, skipped it
didn't find M0R1M3 in the database, skipped it
didn't find M0R1M7 in the database, skipped it
didn't find M0R1M8 in the database, skipped it
didn't find M0R1M9 in the database, skipped it
didn't find M0R1N0 in the database, skipped it
didn't find M0R1N1 in the database, skipped it
didn't find M0R1N2 in the database, skipped it
didn't find M0R1N4 in the database, skipped it
didn't find M0R1N7 in the database, skipped it
didn't find M0R1P0 in the database, skipped it
didn't find M0R1P1 in the database, skipped it
didn't find M0R1P2 in the database, skipped it
didn't find M0R1P3 in the database, skipped it
didn't find M0R1P5 in the database, skipped it
didn't find M0R1P9 in the database, skipped it
didn't find M0R1Q1 in the database, skipped it
didn't find M0R1Q2 in the database, skipped it
didn't find M0R1Q3 in the database, skipped it
didn't find M0R1Q6 in the database, skipped it
didn't find M0R1Q7 in the database, skipped it
didn't find M0R1Q8 in the database, skipped it
didn't find M0R1Q9 in the database, skipped it
didn't find M0R1R0 in the database, skipped it
didn't find M0R1R1 in the database, skipped it
didn't find M0R1R2 in the database, skipped it
didn't find M0R1R3 in the database, skipped it
didn't find M0R1R5 in the database, skipped it
didn't find M0R1R6 in the database, skipped it
didn't find M0R1R8 in the database, skipped it
didn't find M0R1S0 in the database, skipped it
didn't find M0R1S1 in the database, skipped it
didn't find M0R1S7 in the database, skipped it
didn't find M0R1T0 in the database, skipped it
didn't find M0R1T1 in the database, skipped it
didn't find M0R1T2 in the database, skipped it
didn't find M0R1T3 in the database, skipped it
didn't find M0R1T4 in the database, skipped it
didn't find M0R1T7 in the database, skipped it
didn't find M0R1T8 in the database, skipped it
didn't find M0R1U0 in the database, skipped it
didn't find M0R1U5 in the database, skipped it
didn't find M0R1U8 in the database, skipped it
didn't find M0R1U9 in the database, skipped it
didn't find M0R1V2 in the database, skipped it
didn't find M0R1V4 in the database, skipped it
didn't find M0R1V5 in the database, skipped it
didn't find M0R1V6 in the database, skipped it
didn't find M0R1V7 in the database, skipped it
didn't find M0R1V9 in the database, skipped it
didn't find M0R1W1 in the database, skipped it
didn't find M0R1W4 in the database, skipped it
didn't find M0R1W6 in the database, skipped it
didn't find M0R1W7 in the database, skipped it
didn't find M0R1W8 in the database, skipped it
didn't find M0R1W9 in the database, skipped it
didn't find M0R1X0 in the database, skipped it
didn't find M0R1X1 in the database, skipped it
didn't find M0R1X3 in the database, skipped it
didn't find M0R1X5 in the database, skipped it
didn't find M0R1X8 in the database, skipped it
didn't find M0R1X9 in the database, skipped it
didn't find M0R1Y0 in the database, skipped it
didn't find M0R1Y1 in the database, skipped it
didn't find M0R1Y3 in the database, skipped it
didn't find M0R1Y5 in the database, skipped it
didn't find M0R1Y6 in the database, skipped it
didn't find M0R1Y8 in the database, skipped it
didn't find M0R1Z4 in the database, skipped it
didn't find M0R1Z7 in the database, skipped it
didn't find M0R1Z8 in the database, skipped it
didn't find M0R200 in the database, skipped it
didn't find M0R201 in the database, skipped it
didn't find M0R202 in the database, skipped it
didn't find M0R203 in the database, skipped it
didn't find M0R204 in the database, skipped it
didn't find M0R209 in the database, skipped it
didn't find M0R211 in the database, skipped it
didn't find M0R213 in the database, skipped it
didn't find M0R215 in the database, skipped it
didn't find M0R216 in the database, skipped it
didn't find M0R217 in the database, skipped it
didn't find M0R218 in the database, skipped it
didn't find M0R219 in the database, skipped it
didn't find M0R220 in the database, skipped it
didn't find M0R221 in the database, skipped it
didn't find M0R225 in the database, skipped it
didn't find M0R228 in the database, skipped it
didn't find M0R229 in the database, skipped it
didn't find M0R231 in the database, skipped it
didn't find M0R232 in the database, skipped it
didn't find M0R233 in the database, skipped it
didn't find M0R235 in the database, skipped it
didn't find M0R238 in the database, skipped it
didn't find M0R240 in the database, skipped it
didn't find M0R243 in the database, skipped it
didn't find M0R244 in the database, skipped it
didn't find M0R246 in the database, skipped it
didn't find M0R247 in the database, skipped it
didn't find M0R248 in the database, skipped it
didn't find M0R249 in the database, skipped it
didn't find M0R251 in the database, skipped it
didn't find M0R252 in the database, skipped it
didn't find M0R253 in the database, skipped it
didn't find M0R254 in the database, skipped it
didn't find M0R256 in the database, skipped it
didn't find M0R258 in the database, skipped it
didn't find M0R262 in the database, skipped it
didn't find M0R263 in the database, skipped it
didn't find M0R264 in the database, skipped it
didn't find M0R265 in the database, skipped it
didn't find M0R266 in the database, skipped it
didn't find M0R267 in the database, skipped it
didn't find M0R268 in the database, skipped it
didn't find M0R271 in the database, skipped it
didn't find M0R274 in the database, skipped it
didn't find M0R276 in the database, skipped it
didn't find M0R277 in the database, skipped it
didn't find M0R279 in the database, skipped it
didn't find M0R280 in the database, skipped it
didn't find M0R281 in the database, skipped it
didn't find M0R283 in the database, skipped it
didn't find M0R284 in the database, skipped it
didn't find M0R286 in the database, skipped it
didn't find M0R287 in the database, skipped it
didn't find M0R288 in the database, skipped it
didn't find M0R290 in the database, skipped it
didn't find M0R292 in the database, skipped it
didn't find M0R293 in the database, skipped it
didn't find M0R294 in the database, skipped it
didn't find M0R296 in the database, skipped it
didn't find M0R297 in the database, skipped it
didn't find M0R2A2 in the database, skipped it
didn't find M0R2A6 in the database, skipped it
didn't find M0R2A7 in the database, skipped it
didn't find M0R2B3 in the database, skipped it
didn't find M0R2B6 in the database, skipped it
didn't find M0R2B8 in the database, skipped it
didn't find M0R2B9 in the database, skipped it
didn't find M0R2C0 in the database, skipped it
didn't find M0R2C1 in the database, skipped it
didn't find M0R2C2 in the database, skipped it
didn't find M0R2C3 in the database, skipped it
didn't find M0R2C7 in the database, skipped it
didn't find M0R2D0 in the database, skipped it
didn't find M0R2D2 in the database, skipped it
didn't find M0R2D4 in the database, skipped it
didn't find M0R2D5 in the database, skipped it
didn't find M0R2D8 in the database, skipped it
didn't find M0R2D9 in the database, skipped it
didn't find M0R2E1 in the database, skipped it
didn't find M0R2E5 in the database, skipped it
didn't find M0R2E7 in the database, skipped it
didn't find M0R2E8 in the database, skipped it
didn't find M0R2E9 in the database, skipped it
didn't find M0R2F0 in the database, skipped it
didn't find M0R2F1 in the database, skipped it
didn't find M0R2F4 in the database, skipped it
didn't find M0R2F5 in the database, skipped it
didn't find M0R2F6 in the database, skipped it
didn't find M0R2F7 in the database, skipped it
didn't find M0R2G0 in the database, skipped it
didn't find M0R2G1 in the database, skipped it
didn't find M0R2G3 in the database, skipped it
didn't find M0R2G5 in the database, skipped it
didn't find M0R2G7 in the database, skipped it
didn't find M0R2G8 in the database, skipped it
didn't find M0R2H0 in the database, skipped it
didn't find M0R2H3 in the database, skipped it
didn't find M0R2H4 in the database, skipped it
didn't find M0R2H5 in the database, skipped it
didn't find M0R2H6 in the database, skipped it
didn't find M0R2H7 in the database, skipped it
didn't find M0R2I0 in the database, skipped it
didn't find M0R2I1 in the database, skipped it
didn't find M0R2I3 in the database, skipped it
didn't find M0R2I5 in the database, skipped it
didn't find M0R2I7 in the database, skipped it
didn't find M0R2J6 in the database, skipped it
didn't find M0R2J7 in the database, skipped it
didn't find M0R2J9 in the database, skipped it
didn't find M0R2K0 in the database, skipped it
didn't find M0R2K1 in the database, skipped it
didn't find M0R2K2 in the database, skipped it
didn't find M0R2K4 in the database, skipped it
didn't find M0R2K5 in the database, skipped it
didn't find M0R2K6 in the database, skipped it
didn't find M0R2K8 in the database, skipped it
didn't find M0R2L0 in the database, skipped it
didn't find M0R2L2 in the database, skipped it
didn't find M0R2L3 in the database, skipped it
didn't find M0R2L4 in the database, skipped it
didn't find M0R2L6 in the database, skipped it
didn't find M0R2L7 in the database, skipped it
didn't find M0R2L8 in the database, skipped it
didn't find M0R2M0 in the database, skipped it
didn't find M0R2M1 in the database, skipped it
didn't find M0R2M4 in the database, skipped it
didn't find M0R2M5 in the database, skipped it
didn't find M0R2M6 in the database, skipped it
didn't find M0R2M8 in the database, skipped it
didn't find M0R2N0 in the database, skipped it
didn't find M0R2N1 in the database, skipped it
didn't find M0R2N2 in the database, skipped it
didn't find M0R2N6 in the database, skipped it
didn't find M0R2N8 in the database, skipped it
didn't find M0R2P2 in the database, skipped it
didn't find M0R2P3 in the database, skipped it
didn't find M0R2P6 in the database, skipped it
didn't find M0R2P8 in the database, skipped it
didn't find M0R2P9 in the database, skipped it
didn't find M0R2Q5 in the database, skipped it
didn't find M0R2Q7 in the database, skipped it
didn't find M0R2Q9 in the database, skipped it
didn't find M0R2R1 in the database, skipped it
didn't find M0R2R3 in the database, skipped it
didn't find M0R2R5 in the database, skipped it
didn't find M0R2R8 in the database, skipped it
didn't find M0R2S2 in the database, skipped it
didn't find M0R2S3 in the database, skipped it
didn't find M0R2S4 in the database, skipped it
didn't find M0R2S5 in the database, skipped it
didn't find M0R2S7 in the database, skipped it
didn't find M0R2S9 in the database, skipped it
didn't find M0R2T0 in the database, skipped it
didn't find M0R2T2 in the database, skipped it
didn't find M0R2T3 in the database, skipped it
didn't find M0R2T4 in the database, skipped it
didn't find M0R2T5 in the database, skipped it
didn't find M0R2T6 in the database, skipped it
didn't find M0R2T8 in the database, skipped it
didn't find M0R2U1 in the database, skipped it
didn't find M0R2U3 in the database, skipped it
didn't find M0R2U6 in the database, skipped it
didn't find M0R2U8 in the database, skipped it
didn't find M0R2V2 in the database, skipped it
didn't find M0R2V3 in the database, skipped it
didn't find M0R2V7 in the database, skipped it
didn't find M0R2V8 in the database, skipped it
didn't find M0R2W0 in the database, skipped it
didn't find M0R2W2 in the database, skipped it
didn't find M0R2W3 in the database, skipped it
didn't find M0R2W4 in the database, skipped it
didn't find M0R2W5 in the database, skipped it
didn't find M0R2W6 in the database, skipped it
didn't find M0R2W8 in the database, skipped it
didn't find M0R2W9 in the database, skipped it
didn't find M0R2X0 in the database, skipped it
didn't find M0R2X1 in the database, skipped it
didn't find M0R2X2 in the database, skipped it
didn't find M0R2X3 in the database, skipped it
didn't find M0R2X5 in the database, skipped it
didn't find M0R2X7 in the database, skipped it
didn't find M0R2X8 in the database, skipped it
didn't find M0R2X9 in the database, skipped it
didn't find M0R2Y1 in the database, skipped it
didn't find M0R2Y3 in the database, skipped it
didn't find M0R2Y4 in the database, skipped it
didn't find M0R2Y5 in the database, skipped it
didn't find M0R2Y7 in the database, skipped it
didn't find M0R2Y9 in the database, skipped it
didn't find M0R2Z0 in the database, skipped it
didn't find M0R2Z3 in the database, skipped it
didn't find M0R2Z4 in the database, skipped it
didn't find M0R2Z8 in the database, skipped it
didn't find M0R301 in the database, skipped it
didn't find M0R302 in the database, skipped it
didn't find M0R303 in the database, skipped it
didn't find M0R304 in the database, skipped it
didn't find M0R307 in the database, skipped it
didn't find M0R308 in the database, skipped it
didn't find M0R310 in the database, skipped it
didn't find M0R314 in the database, skipped it
didn't find M0R317 in the database, skipped it
didn't find M0R318 in the database, skipped it
didn't find M0R321 in the database, skipped it
didn't find M0R322 in the database, skipped it
didn't find M0R323 in the database, skipped it
didn't find M0R325 in the database, skipped it
didn't find M0R327 in the database, skipped it
didn't find M0R328 in the database, skipped it
didn't find M0R329 in the database, skipped it
didn't find M0R330 in the database, skipped it
didn't find M0R331 in the database, skipped it
didn't find M0R332 in the database, skipped it
didn't find M0R336 in the database, skipped it
didn't find M0R337 in the database, skipped it
didn't find M0R338 in the database, skipped it
didn't find M0R339 in the database, skipped it
didn't find M0R340 in the database, skipped it
didn't find M0R342 in the database, skipped it
didn't find M0R343 in the database, skipped it
didn't find M0R344 in the database, skipped it
didn't find M0R346 in the database, skipped it
didn't find M0R348 in the database, skipped it
didn't find M0R349 in the database, skipped it
didn't find M0R350 in the database, skipped it
didn't find M0R351 in the database, skipped it
didn't find M0R352 in the database, skipped it
didn't find M0R353 in the database, skipped it
didn't find M0R354 in the database, skipped it
didn't find M0R358 in the database, skipped it
didn't find M0R359 in the database, skipped it
didn't find M0R361 in the database, skipped it
didn't find M0R362 in the database, skipped it
didn't find M0R363 in the database, skipped it
didn't find M0R364 in the database, skipped it
didn't find M0R365 in the database, skipped it
didn't find M0R367 in the database, skipped it
didn't find M0R369 in the database, skipped it
didn't find M0R370 in the database, skipped it
didn't find M0R373 in the database, skipped it
didn't find M0R375 in the database, skipped it
didn't find M0R376 in the database, skipped it
didn't find M0R377 in the database, skipped it
didn't find M0R378 in the database, skipped it
didn't find M0R381 in the database, skipped it
didn't find M0R382 in the database, skipped it
didn't find M0R384 in the database, skipped it
didn't find M0R386 in the database, skipped it
didn't find M0R388 in the database, skipped it
didn't find M0R390 in the database, skipped it
didn't find M0R391 in the database, skipped it
didn't find M0R392 in the database, skipped it
didn't find M0R393 in the database, skipped it
didn't find M0R395 in the database, skipped it
didn't find M0R398 in the database, skipped it
didn't find M0R399 in the database, skipped it
didn't find M0R3A2 in the database, skipped it
didn't find M0R3A4 in the database, skipped it
didn't find M0R3A5 in the database, skipped it
didn't find M0R3A6 in the database, skipped it
didn't find M0R3A7 in the database, skipped it
didn't find M0R3A8 in the database, skipped it
didn't find M0R3B1 in the database, skipped it
didn't find M0R3B3 in the database, skipped it
didn't find M0R3B5 in the database, skipped it
didn't find M0R3B6 in the database, skipped it
didn't find M0R3B8 in the database, skipped it
didn't find M0R3B9 in the database, skipped it
didn't find M0R3C0 in the database, skipped it
didn't find M0R3C1 in the database, skipped it
didn't find M0R3C3 in the database, skipped it
didn't find M0R3C6 in the database, skipped it
didn't find M0R3C7 in the database, skipped it
didn't find M0R3D3 in the database, skipped it
didn't find M0R3D5 in the database, skipped it
didn't find M0R3D9 in the database, skipped it
didn't find M0R3E1 in the database, skipped it
didn't find M0R3E2 in the database, skipped it
didn't find M0R3E3 in the database, skipped it
didn't find M0R3E4 in the database, skipped it
didn't find M0R3E5 in the database, skipped it
didn't find M0R3E6 in the database, skipped it
didn't find M0R3E7 in the database, skipped it
didn't find M0R3F1 in the database, skipped it
didn't find M0R3F2 in the database, skipped it
didn't find M0R3F5 in the database, skipped it
didn't find M0R3F6 in the database, skipped it
didn't find M0R3F7 in the database, skipped it
didn't find M0R3F8 in the database, skipped it
didn't find M0R3G3 in the database, skipped it
didn't find M0R3G4 in the database, skipped it
didn't find M0R3G5 in the database, skipped it
didn't find M0R3G7 in the database, skipped it
didn't find M0R3G8 in the database, skipped it
didn't find M0R3G9 in the database, skipped it
didn't find M0R3H1 in the database, skipped it
didn't find M0R3H2 in the database, skipped it
didn't find M0R3H3 in the database, skipped it
didn't find M0R3H4 in the database, skipped it
didn't find M0R3H5 in the database, skipped it
didn't find M0R3H6 in the database, skipped it
didn't find M0R3H7 in the database, skipped it
didn't find M0R3H9 in the database, skipped it
didn't find M0R3I0 in the database, skipped it
didn't find M0R3I1 in the database, skipped it
didn't find M0R3I4 in the database, skipped it
didn't find M0R3I5 in the database, skipped it
didn't find M0R3I7 in the database, skipped it
didn't find M0R3I9 in the database, skipped it
didn't find M0R3J0 in the database, skipped it
didn't find M0R3J1 in the database, skipped it
didn't find M0R3J2 in the database, skipped it
didn't find M1EA23 in the database, skipped it
didn't find M4PM71 in the database, skipped it
didn't find M4PNB5 in the database, skipped it
didn't find M4PNC0 in the database, skipped it
didn't find M9MMK7 in the database, skipped it
didn't find M9MMK8 in the database, skipped it
didn't find M9MMK9 in the database, skipped it
didn't find M9MML3 in the database, skipped it
didn't find M9MML4 in the database, skipped it
didn't find M9MML5 in the database, skipped it
didn't find N0GVR9 in the database, skipped it
didn't find O14909 in the database, skipped it
didn't find O43469 in the database, skipped it


uniprot id 1	entrez gene id 1	gene name 1	uniprot id 2	entrez gene id 2	gene name 2	score
GR6_HUMAN	23434	LINC01565	NDUS6_HUMAN	4726	NDUFS6	0.63
GR6_HUMAN	23434	LINC01565	TAZ_HUMAN	6901	TAZ	0.63
GR6_HUMAN	23434	LINC01565	TOP3A_HUMAN	7156	TOP3A	0.63
GR6_HUMAN	23434	LINC01565	RN123_HUMAN	63891	RNF123	0.63
GR6_HUMAN	23434	LINC01565	AB17B_HUMAN	51104	ABHD17B	0.63
GR6_HUMAN	23434	LINC01565	VPS18_HUMAN	57617	VPS18	0.63
GR6_HUMAN	23434	LINC01565	UBAC1_HUMAN	10422	UBAC1	0.63
INE1_HUMAN	8552	INE1	DDX58_HUMAN	23586	DDX58	0.63
GR6_HUMAN	23434	LINC01565	ZCCHL_HUMAN	92092	ZC3HAV1L	0.63
GR6_HUMAN	23434	LINC01565	OXND1_HUMAN	92106	OXNAD1	0.63
