didn't find C9JBW9 in the database, skipped it
didn't find C9JBX0 in the database, skipped it
didn't find C9JBX2 in the database, skipped it
didn't find C9JBX7 in the database, skipped it
didn't find C9JBY0 in the database, skipped it
didn't find C9JBY2 in the database, skipped it
didn't find C9JBZ7 in the database, skipped it
didn't find C9JC03 in the database, skipped it
didn't find C9JC04 in the database, skipped it
didn't find C9JC05 in the database, skipped it
didn't find C9JC06 in the database, skipped it
didn't find C9JC07 in the database, skipped it
didn't find C9JC11 in the database, skipped it
didn't find C9JC15 in the database, skipped it
didn't find C9JC17 in the database, skipped it
didn't find C9JC20 in the database, skipped it
didn't find C9JC21 in the database, skipped it
didn't find C9JC24 in the database, skipped it
didn't find C9JC25 in the database, skipped it
didn't find C9JC32 in the database, skipped it
didn't find C9JC46 in the database, skipped it
didn't find C9JC63 in the database, skipped it
didn't find C9JC65 in the database, skipped it
didn't find C9JC67 in the database, skipped it
didn't find C9JC68 in the database, skipped it
didn't find C9JC71 in the database, skipped it
didn't find C9JC72 in the database, skipped it
didn't find C9JC73 in the database, skipped it
didn't find C9JC78 in the database, skipped it
didn't find C9JC83 in the database, skipped it
didn't find C9JC88 in the database, skipped it
didn't find C9JC90 in the database, skipped it
didn't find C9JCA6 in the database, skipped it
didn't find C9JCA7 in the database, skipped it
didn't find C9JCA9 in the database, skipped it
didn't find C9JCB7 in the database, skipped it
didn't find C9JCB9 in the database, skipped it
didn't find C9JCC0 in the database, skipped it
didn't find C9JCC6 in the database, skipped it
didn't find C9JCD5 in the database, skipped it
didn't find C9JCD6 in the database, skipped it
didn't find C9JCD9 in the database, skipped it
didn't find C9JCE0 in the database, skipped it
didn't find C9JCE1 in the database, skipped it
didn't find C9JCE4 in the database, skipped it
didn't find C9JCF5 in the database, skipped it
didn't find C9JCF9 in the database, skipped it
didn't find C9JCG1 in the database, skipped it
didn't find C9JCG6 in the database, skipped it
didn't find C9JCH3 in the database, skipped it
didn't find C9JCI4 in the database, skipped it
didn't find C9JCI7 in the database, skipped it
didn't find C9JCI8 in the database, skipped it
didn't find C9JCJ0 in the database, skipped it
didn't find C9JCJ2 in the database, skipped it
didn't find C9JCJ9 in the database, skipped it
didn't find C9JCK0 in the database, skipped it
didn't find C9JCK1 in the database, skipped it
didn't find C9JCK3 in the database, skipped it
didn't find C9JCK5 in the database, skipped it
didn't find C9JCK7 in the database, skipped it
didn't find C9JCK8 in the database, skipped it
didn't find C9JCL2 in the database, skipped it
didn't find C9JCL4 in the database, skipped it
didn't find C9JCL8 in the database, skipped it
didn't find C9JCL9 in the database, skipped it
didn't find C9JCM2 in the database, skipped it
didn't find C9JCM6 in the database, skipped it
didn't find C9JCN1 in the database, skipped it
didn't find C9JCN8 in the database, skipped it
didn't find C9JCP6 in the database, skipped it
didn't find C9JCQ0 in the database, skipped it
didn't find C9JCQ3 in the database, skipped it
didn't find C9JCQ9 in the database, skipped it
didn't find C9JCR1 in the database, skipped it
didn't find C9JCR2 in the database, skipped it
didn't find C9JCS5 in the database, skipped it
didn't find C9JCS6 in the database, skipped it
didn't find C9JCS7 in the database, skipped it
didn't find C9JCT1 in the database, skipped it
didn't find C9JCU0 in the database, skipped it
didn't find C9JCV5 in the database, skipped it
didn't find C9JCV8 in the database, skipped it
didn't find C9JCW3 in the database, skipped it
didn't find C9JCW4 in the database, skipped it
didn't find C9JCX0 in the database, skipped it
didn't find C9JCX3 in the database, skipped it
didn't find C9JCX6 in the database, skipped it
didn't find C9JCY0 in the database, skipped it
didn't find C9JCY1 in the database, skipped it
didn't find C9JCY2 in the database, skipped it
didn't find C9JCY4 in the database, skipped it
didn't find C9JCY5 in the database, skipped it
didn't find C9JCY7 in the database, skipped it
didn't find C9JCZ4 in the database, skipped it
didn't find C9JCZ8 in the database, skipped it
didn't find C9JD04 in the database, skipped it
didn't find C9JD05 in the database, skipped it
didn't find C9JD07 in the database, skipped it
didn't find C9JD09 in the database, skipped it
didn't find C9JD13 in the database, skipped it
didn't find C9JD14 in the database, skipped it
didn't find C9JD15 in the database, skipped it
didn't find C9JD16 in the database, skipped it
didn't find C9JD19 in the database, skipped it
didn't find C9JD20 in the database, skipped it
didn't find C9JD25 in the database, skipped it
didn't find C9JD35 in the database, skipped it
didn't find C9JD37 in the database, skipped it
didn't find C9JD41 in the database, skipped it
didn't find C9JD43 in the database, skipped it
didn't find C9JD50 in the database, skipped it
didn't find C9JD53 in the database, skipped it
didn't find C9JD54 in the database, skipped it
didn't find C9JD58 in the database, skipped it
didn't find C9JD73 in the database, skipped it
didn't find C9JD74 in the database, skipped it
didn't find C9JD80 in the database, skipped it
didn't find C9JD81 in the database, skipped it
didn't find C9JD82 in the database, skipped it
didn't find C9JD91 in the database, skipped it
didn't find C9JD93 in the database, skipped it
didn't find C9JDA1 in the database, skipped it
didn't find C9JDA2 in the database, skipped it
didn't find C9JDA5 in the database, skipped it
didn't find C9JDB3 in the database, skipped it
didn't find C9JDB4 in the database, skipped it
didn't find C9JDD2 in the database, skipped it
didn't find C9JDD7 in the database, skipped it
didn't find C9JDD9 in the database, skipped it
didn't find C9JDE2 in the database, skipped it
didn't find C9JDE6 in the database, skipped it
didn't find C9JDF0 in the database, skipped it
didn't find C9JDF5 in the database, skipped it
didn't find C9JDG6 in the database, skipped it
didn't find C9JDG7 in the database, skipped it
didn't find C9JDH9 in the database, skipped it
didn't find C9JDI3 in the database, skipped it
didn't find C9JDI6 in the database, skipped it
didn't find C9JDI8 in the database, skipped it
didn't find C9JDI9 in the database, skipped it
didn't find C9JDJ4 in the database, skipped it
didn't find C9JDJ7 in the database, skipped it
didn't find C9JDK6 in the database, skipped it
didn't find C9JDK8 in the database, skipped it
didn't find C9JDL1 in the database, skipped it
didn't find C9JDL5 in the database, skipped it
didn't find C9JDL7 in the database, skipped it
didn't find C9JDM8 in the database, skipped it
didn't find C9JDN6 in the database, skipped it
didn't find C9JDP3 in the database, skipped it
didn't find C9JDP4 in the database, skipped it
didn't find C9JDP7 in the database, skipped it
didn't find C9JDQ2 in the database, skipped it
didn't find C9JDQ8 in the database, skipped it
didn't find C9JDR3 in the database, skipped it
didn't find C9JDR5 in the database, skipped it
didn't find C9JDR7 in the database, skipped it
didn't find C9JDR8 in the database, skipped it
didn't find C9JDS5 in the database, skipped it
didn't find C9JDT8 in the database, skipped it
didn't find C9JDT9 in the database, skipped it
didn't find C9JDU0 in the database, skipped it
didn't find C9JDV0 in the database, skipped it
didn't find C9JDV1 in the database, skipped it
didn't find C9JDV3 in the database, skipped it
didn't find C9JDV8 in the database, skipped it
didn't find C9JDV9 in the database, skipped it
didn't find C9JDW1 in the database, skipped it
didn't find C9JDW2 in the database, skipped it
didn't find C9JDW7 in the database, skipped it
didn't find C9JDX0 in the database, skipped it
didn't find C9JDX2 in the database, skipped it
didn't find C9JDX6 in the database, skipped it
didn't find C9JDY4 in the database, skipped it
didn't find C9JDY5 in the database, skipped it
didn't find C9JDY7 in the database, skipped it
didn't find C9JDY8 in the database, skipped it
didn't find C9JDZ2 in the database, skipped it
didn't find C9JDZ9 in the database, skipped it
didn't find C9JE00 in the database, skipped it
didn't find C9JE01 in the database, skipped it
didn't find C9JE02 in the database, skipped it
didn't find C9JE08 in the database, skipped it
didn't find C9JE09 in the database, skipped it
didn't find C9JE15 in the database, skipped it
didn't find C9JE17 in the database, skipped it
didn't find C9JE21 in the database, skipped it
didn't find C9JE24 in the database, skipped it
didn't find C9JE27 in the database, skipped it
didn't find C9JE31 in the database, skipped it
didn't find C9JE35 in the database, skipped it
didn't find C9JE41 in the database, skipped it
didn't find C9JE46 in the database, skipped it
didn't find C9JE50 in the database, skipped it
didn't find C9JE51 in the database, skipped it
didn't find C9JE55 in the database, skipped it
didn't find C9JE61 in the database, skipped it
didn't find C9JE62 in the database, skipped it
didn't find C9JE69 in the database, skipped it
didn't find C9JE72 in the database, skipped it
didn't find C9JE76 in the database, skipped it
didn't find C9JE79 in the database, skipped it
didn't find C9JE81 in the database, skipped it
didn't find C9JE82 in the database, skipped it
didn't find C9JE84 in the database, skipped it
didn't find C9JE88 in the database, skipped it
didn't find C9JE93 in the database, skipped it
didn't find C9JEA3 in the database, skipped it
didn't find C9JEA9 in the database, skipped it
didn't find C9JEC2 in the database, skipped it
didn't find C9JEC5 in the database, skipped it
didn't find C9JEC8 in the database, skipped it
didn't find C9JEC9 in the database, skipped it
didn't find C9JED2 in the database, skipped it
didn't find C9JED5 in the database, skipped it
didn't find C9JED7 in the database, skipped it
didn't find C9JEE0 in the database, skipped it
didn't find C9JEE2 in the database, skipped it
didn't find C9JEE7 in the database, skipped it
didn't find C9JEE9 in the database, skipped it
didn't find C9JEF0 in the database, skipped it
didn't find C9JEF1 in the database, skipped it
didn't find C9JEF2 in the database, skipped it
didn't find C9JEG4 in the database, skipped it
didn't find C9JEH4 in the database, skipped it
didn't find C9JEH7 in the database, skipped it
didn't find C9JEJ8 in the database, skipped it
didn't find C9JEK0 in the database, skipped it
didn't find C9JEK3 in the database, skipped it
didn't find C9JEK5 in the database, skipped it
didn't find C9JEL3 in the database, skipped it
didn't find C9JEL4 in the database, skipped it
didn't find C9JEM1 in the database, skipped it
didn't find C9JEN3 in the database, skipped it
didn't find C9JEN4 in the database, skipped it
didn't find C9JEN8 in the database, skipped it
didn't find C9JEP0 in the database, skipped it
didn't find C9JEP1 in the database, skipped it
didn't find C9JEQ7 in the database, skipped it
didn't find C9JEQ8 in the database, skipped it
didn't find C9JER0 in the database, skipped it
didn't find C9JER5 in the database, skipped it
didn't find C9JER6 in the database, skipped it
didn't find C9JES4 in the database, skipped it
didn't find C9JES6 in the database, skipped it
didn't find C9JES7 in the database, skipped it
didn't find C9JES8 in the database, skipped it
didn't find C9JES9 in the database, skipped it
didn't find C9JEV0 in the database, skipped it
didn't find C9JEV4 in the database, skipped it
didn't find C9JEW2 in the database, skipped it
didn't find C9JEW3 in the database, skipped it
didn't find C9JEW7 in the database, skipped it
didn't find C9JEY0 in the database, skipped it
didn't find C9JEY3 in the database, skipped it
didn't find C9JEY6 in the database, skipped it
didn't find C9JF06 in the database, skipped it
didn't find C9JF13 in the database, skipped it
didn't find C9JF14 in the database, skipped it
didn't find C9JF15 in the database, skipped it
didn't find C9JF16 in the database, skipped it
didn't find C9JF25 in the database, skipped it
didn't find C9JF31 in the database, skipped it
didn't find C9JF32 in the database, skipped it
didn't find C9JF34 in the database, skipped it
didn't find C9JF35 in the database, skipped it
didn't find C9JF39 in the database, skipped it
didn't find C9JF41 in the database, skipped it
didn't find C9JF43 in the database, skipped it
didn't find C9JF51 in the database, skipped it
didn't find C9JF56 in the database, skipped it
didn't find C9JF58 in the database, skipped it
didn't find C9JF73 in the database, skipped it
didn't find C9JF75 in the database, skipped it
didn't find C9JF90 in the database, skipped it
didn't find C9JF97 in the database, skipped it
didn't find C9JF98 in the database, skipped it
didn't find C9JFA7 in the database, skipped it
didn't find C9JFB6 in the database, skipped it
didn't find C9JFC0 in the database, skipped it
didn't find C9JFC1 in the database, skipped it
didn't find C9JFC9 in the database, skipped it
didn't find C9JFD7 in the database, skipped it
didn't find C9JFF4 in the database, skipped it
didn't find C9JFF6 in the database, skipped it
didn't find C9JFF8 in the database, skipped it
didn't find C9JFF9 in the database, skipped it
didn't find C9JFH2 in the database, skipped it
didn't find C9JFI0 in the database, skipped it
didn't find C9JFJ0 in the database, skipped it
didn't find C9JFJ1 in the database, skipped it
didn't find C9JFJ2 in the database, skipped it
didn't find C9JFK0 in the database, skipped it
didn't find C9JFK7 in the database, skipped it
didn't find C9JFK9 in the database, skipped it
didn't find C9JFL0 in the database, skipped it
didn't find C9JFL1 in the database, skipped it
didn't find C9JFL2 in the database, skipped it
didn't find C9JFL4 in the database, skipped it
didn't find C9JFL5 in the database, skipped it
didn't find C9JFL7 in the database, skipped it
didn't find C9JFM2 in the database, skipped it
didn't find C9JFM4 in the database, skipped it
didn't find C9JFM5 in the database, skipped it
didn't find C9JFN4 in the database, skipped it
didn't find C9JFP1 in the database, skipped it
didn't find C9JFP6 in the database, skipped it
didn't find C9JFQ0 in the database, skipped it
didn't find C9JFQ5 in the database, skipped it
didn't find C9JFR2 in the database, skipped it
didn't find C9JFR5 in the database, skipped it
didn't find C9JFR8 in the database, skipped it
didn't find C9JFS0 in the database, skipped it
didn't find C9JFS8 in the database, skipped it
didn't find C9JFS9 in the database, skipped it
didn't find C9JFT1 in the database, skipped it
didn't find C9JFT4 in the database, skipped it
didn't find C9JFT7 in the database, skipped it
didn't find C9JFU1 in the database, skipped it
didn't find C9JFU4 in the database, skipped it
didn't find C9JFU6 in the database, skipped it
didn't find C9JFW7 in the database, skipped it
didn't find C9JFW8 in the database, skipped it
didn't find C9JFX4 in the database, skipped it
didn't find C9JFY0 in the database, skipped it
didn't find C9JFY7 in the database, skipped it
didn't find C9JFZ0 in the database, skipped it
didn't find C9JG07 in the database, skipped it
didn't find C9JG08 in the database, skipped it
didn't find C9JG15 in the database, skipped it
didn't find C9JG32 in the database, skipped it
didn't find C9JG34 in the database, skipped it
didn't find C9JG35 in the database, skipped it
didn't find C9JG37 in the database, skipped it
didn't find C9JG62 in the database, skipped it
didn't find C9JG65 in the database, skipped it
didn't find C9JG66 in the database, skipped it
didn't find C9JG77 in the database, skipped it
didn't find C9JG84 in the database, skipped it
didn't find C9JG86 in the database, skipped it
didn't find C9JG87 in the database, skipped it
didn't find C9JG89 in the database, skipped it
didn't find C9JG93 in the database, skipped it
didn't find C9JG98 in the database, skipped it
didn't find C9JGA2 in the database, skipped it
didn't find C9JGA3 in the database, skipped it
didn't find C9JGA6 in the database, skipped it
didn't find C9JGB1 in the database, skipped it
didn't find C9JGC1 in the database, skipped it
didn't find C9JGF3 in the database, skipped it
didn't find C9JGF5 in the database, skipped it
didn't find C9JGG1 in the database, skipped it
didn't find C9JGI3 in the database, skipped it
didn't find C9JGI8 in the database, skipped it
didn't find C9JGI9 in the database, skipped it
didn't find C9JGJ7 in the database, skipped it
didn't find C9JGK9 in the database, skipped it
didn't find C9JGL2 in the database, skipped it
didn't find C9JGL4 in the database, skipped it
didn't find C9JGL8 in the database, skipped it
didn't find C9JGM0 in the database, skipped it
didn't find C9JGM1 in the database, skipped it
didn't find C9JGM6 in the database, skipped it
didn't find C9JGM8 in the database, skipped it
didn't find C9JGM9 in the database, skipped it
didn't find C9JGN4 in the database, skipped it
didn't find C9JGP4 in the database, skipped it
didn't find C9JGQ0 in the database, skipped it
didn't find C9JGQ2 in the database, skipped it
didn't find C9JGQ4 in the database, skipped it
didn't find C9JGR2 in the database, skipped it
didn't find C9JGR5 in the database, skipped it
didn't find C9JGS4 in the database, skipped it
didn't find C9JGS7 in the database, skipped it
didn't find C9JGS9 in the database, skipped it
didn't find C9JGT0 in the database, skipped it
didn't find C9JGT3 in the database, skipped it
didn't find C9JGT5 in the database, skipped it
didn't find C9JGU9 in the database, skipped it
didn't find C9JGV1 in the database, skipped it
didn't find C9JGV3 in the database, skipped it
didn't find C9JGV6 in the database, skipped it
didn't find C9JGV7 in the database, skipped it
didn't find C9JGY5 in the database, skipped it
didn't find C9JH00 in the database, skipped it
didn't find C9JH14 in the database, skipped it
didn't find C9JH16 in the database, skipped it
didn't find C9JH33 in the database, skipped it
didn't find C9JH37 in the database, skipped it
didn't find C9JH41 in the database, skipped it
didn't find C9JH43 in the database, skipped it
didn't find C9JH44 in the database, skipped it
didn't find C9JH46 in the database, skipped it
didn't find C9JH59 in the database, skipped it
didn't find C9JH61 in the database, skipped it
didn't find C9JH62 in the database, skipped it
didn't find C9JH72 in the database, skipped it


uniprot id 1	entrez gene id 1	gene name 1	uniprot id 2	entrez gene id 2	gene name 2	score
F157A_HUMAN	728262	FAM157A	DX39A_HUMAN	10212	DDX39A	0.63
