didn't find A8MUI5 in the database, skipped it
didn't find A8MUK0 in the database, skipped it
didn't find A8MUK5 in the database, skipped it
didn't find A8MUL8 in the database, skipped it
didn't find A8MUN0 in the database, skipped it
didn't find A8MUT6 in the database, skipped it
didn't find A8MUT9 in the database, skipped it
didn't find A8MV53 in the database, skipped it
didn't find A8MV79 in the database, skipped it
didn't find A8MVA8 in the database, skipped it
didn't find A8MVC2 in the database, skipped it
didn't find A8MVE6 in the database, skipped it
didn't find A8MVF3 in the database, skipped it
didn't find A8MVG1 in the database, skipped it
didn't find A8MVG7 in the database, skipped it
didn't find A8MVH1 in the database, skipped it
didn't find A8MVI5 in the database, skipped it
didn't find A8MVK1 in the database, skipped it
didn't find A8MVK8 in the database, skipped it
didn't find A8MVL9 in the database, skipped it
didn't find A8MVM1 in the database, skipped it
didn't find A8MVW4 in the database, skipped it
didn't find A8MVZ6 in the database, skipped it
didn't find A8MW78 in the database, skipped it
didn't find A8MWQ5 in the database, skipped it
didn't find A8MWR2 in the database, skipped it
didn't find A8MWT1 in the database, skipped it
didn't find A8MWV3 in the database, skipped it
didn't find A8MX02 in the database, skipped it
didn't find A8MX15 in the database, skipped it
didn't find A8MX17 in the database, skipped it
didn't find A8MX21 in the database, skipped it
didn't find A8MX49 in the database, skipped it
didn't find A8MX62 in the database, skipped it
didn't find A8MX96 in the database, skipped it
didn't find A8MXB7 in the database, skipped it
didn't find A8MXE8 in the database, skipped it
didn't find A8MXF6 in the database, skipped it
didn't find A8MXH2 in the database, skipped it
didn't find A8MXP8 in the database, skipped it
didn't find A8MXP9 in the database, skipped it
didn't find A8MXQ1 in the database, skipped it
didn't find A8MXQ8 in the database, skipped it
didn't find A8MXR1 in the database, skipped it
didn't find A8MXR3 in the database, skipped it
didn't find A8MXT8 in the database, skipped it
didn't find A8MXU7 in the database, skipped it
didn't find A8MXW3 in the database, skipped it
didn't find A8MXZ9 in the database, skipped it
didn't find A8MY26 in the database, skipped it
didn't find A8MY32 in the database, skipped it
didn't find A8MY48 in the database, skipped it
didn't find A8MY60 in the database, skipped it
didn't find A8MYA3 in the database, skipped it
didn't find A8MYG5 in the database, skipped it
didn't find A8MYR4 in the database, skipped it
didn't find A8MYR7 in the database, skipped it
didn't find A8MYV4 in the database, skipped it
didn't find A8MYZ9 in the database, skipped it
didn't find A8MZ10 in the database, skipped it
didn't find A8MZ31 in the database, skipped it
didn't find A8MZ84 in the database, skipped it
didn't find A8MZD0 in the database, skipped it
didn't find A8MZF8 in the database, skipped it
didn't find A8MZG1 in the database, skipped it
didn't find A8MZH0 in the database, skipped it
didn't find A8MZH3 in the database, skipped it
didn't find A8MZH8 in the database, skipped it
didn't find A8MZI4 in the database, skipped it
didn't find A8WI61 in the database, skipped it
didn't find A8WI62 in the database, skipped it
didn't find A8XR14 in the database, skipped it
didn't find A9IYQ1 in the database, skipped it
didn't find A9J571 in the database, skipped it
didn't find A9J575 in the database, skipped it
didn't find A9JR48 in the database, skipped it
didn't find A9JX13 in the database, skipped it
didn't find A9UJN3 in the database, skipped it
didn't find A9UJP8 in the database, skipped it
didn't find A9UJP9 in the database, skipped it
didn't find A9UJQ1 in the database, skipped it
didn't find A9Y844 in the database, skipped it
didn't find A9Z1W8 in the database, skipped it
didn't find A9Z1W9 in the database, skipped it
didn't find A9Z1X7 in the database, skipped it
didn't find A9Z1Z2 in the database, skipped it
didn't find B0AZS6 in the database, skipped it
didn't find B0EVZ6 in the database, skipped it
didn't find B0QXZ4 in the database, skipped it
didn't find B0QXZ5 in the database, skipped it
didn't find B0QXZ8 in the database, skipped it
didn't find B0QXZ9 in the database, skipped it
didn't find B0QY01 in the database, skipped it
didn't find B0QY02 in the database, skipped it
didn't find B0QY04 in the database, skipped it
didn't find B0QY07 in the database, skipped it
didn't find B0QY16 in the database, skipped it
didn't find B0QY18 in the database, skipped it
didn't find B0QY20 in the database, skipped it
didn't find B0QY26 in the database, skipped it
didn't find B0QY27 in the database, skipped it
didn't find B0QY28 in the database, skipped it
didn't find B0QY29 in the database, skipped it
didn't find B0QY51 in the database, skipped it
didn't find B0QY53 in the database, skipped it
didn't find B0QY54 in the database, skipped it
didn't find B0QY59 in the database, skipped it
didn't find B0QY63 in the database, skipped it
didn't find B0QY66 in the database, skipped it
didn't find B0QY67 in the database, skipped it
didn't find B0QY68 in the database, skipped it
didn't find B0QY69 in the database, skipped it
didn't find B0QY71 in the database, skipped it
didn't find B0QY80 in the database, skipped it
didn't find B0QY81 in the database, skipped it
didn't find B0QY86 in the database, skipped it
didn't find B0QY91 in the database, skipped it
didn't find B0QY92 in the database, skipped it
didn't find B0QY93 in the database, skipped it
didn't find B0QY94 in the database, skipped it
didn't find B0QY95 in the database, skipped it
didn't find B0QYA2 in the database, skipped it
didn't find B0QYA4 in the database, skipped it
didn't find B0QYA5 in the database, skipped it
didn't find B0QYA6 in the database, skipped it
didn't find B0QYA8 in the database, skipped it
didn't find B0QYB2 in the database, skipped it
didn't find B0QYB3 in the database, skipped it
didn't find B0QYB6 in the database, skipped it
didn't find B0QYC0 in the database, skipped it
didn't find B0QYC1 in the database, skipped it
didn't find B0QYC2 in the database, skipped it
didn't find B0QYC3 in the database, skipped it
didn't find B0QYC4 in the database, skipped it
didn't find B0QYC6 in the database, skipped it
didn't find B0QYC7 in the database, skipped it
didn't find B0QYC8 in the database, skipped it
didn't find B0QYC9 in the database, skipped it
didn't find B0QYD3 in the database, skipped it
didn't find B0QYE0 in the database, skipped it
didn't find B0QYE1 in the database, skipped it
didn't find B0QYE9 in the database, skipped it
didn't find B0QYF0 in the database, skipped it
didn't find B0QYG7 in the database, skipped it
didn't find B0QYG8 in the database, skipped it
didn't find B0QYG9 in the database, skipped it
didn't find B0QYH1 in the database, skipped it
didn't find B0QYH3 in the database, skipped it
didn't find B0QYH4 in the database, skipped it
didn't find B0QYH5 in the database, skipped it
didn't find B0QYI1 in the database, skipped it
didn't find B0QYI5 in the database, skipped it
didn't find B0QYJ1 in the database, skipped it
didn't find B0QYJ2 in the database, skipped it
didn't find B0QYJ3 in the database, skipped it
didn't find B0QYJ4 in the database, skipped it
didn't find B0QYJ5 in the database, skipped it
didn't find B0QYJ6 in the database, skipped it
didn't find B0QYJ7 in the database, skipped it
didn't find B0QYK2 in the database, skipped it
didn't find B0QYK3 in the database, skipped it
didn't find B0QYK4 in the database, skipped it
didn't find B0QYK5 in the database, skipped it
didn't find B0QYK8 in the database, skipped it
didn't find B0QYL8 in the database, skipped it
didn't find B0QYL9 in the database, skipped it
didn't find B0QYM1 in the database, skipped it
didn't find B0QYM2 in the database, skipped it
didn't find B0QYM9 in the database, skipped it
didn't find B0QYN0 in the database, skipped it
didn't find B0QYN4 in the database, skipped it
didn't find B0QYP2 in the database, skipped it
didn't find B0QYP3 in the database, skipped it
didn't find B0QYP4 in the database, skipped it
didn't find B0QYP5 in the database, skipped it
didn't find B0QYQ2 in the database, skipped it
didn't find B0QYQ6 in the database, skipped it
didn't find B0QYQ9 in the database, skipped it
didn't find B0QYR0 in the database, skipped it
didn't find B0QYR1 in the database, skipped it
didn't find B0QYR5 in the database, skipped it
didn't find B0QYR8 in the database, skipped it
didn't find B0QYR9 in the database, skipped it
didn't find B0QYS0 in the database, skipped it
didn't find B0QYS1 in the database, skipped it
didn't find B0QYS2 in the database, skipped it
didn't find B0QYS3 in the database, skipped it
didn't find B0QYS5 in the database, skipped it
didn't find B0QYT2 in the database, skipped it
didn't find B0QYT6 in the database, skipped it
didn't find B0QYW2 in the database, skipped it
didn't find B0QYW7 in the database, skipped it
didn't find B0QYX1 in the database, skipped it
didn't find B0QYX2 in the database, skipped it
didn't find B0QYY0 in the database, skipped it
didn't find B0QYZ7 in the database, skipped it
didn't find B0QYZ8 in the database, skipped it
didn't find B0QZ19 in the database, skipped it
didn't find B0QZ26 in the database, skipped it
didn't find B0QZ37 in the database, skipped it
didn't find B0QZ40 in the database, skipped it
didn't find B0QZ50 in the database, skipped it
didn't find B0QZ51 in the database, skipped it
didn't find B0QZ55 in the database, skipped it
didn't find B0QZ60 in the database, skipped it
didn't find B0QZ65 in the database, skipped it
didn't find B0QZ72 in the database, skipped it
didn't find B0QZA8 in the database, skipped it
didn't find B0QZA9 in the database, skipped it
didn't find B0QZC9 in the database, skipped it
didn't find B0QZD0 in the database, skipped it
didn't find B0QZD3 in the database, skipped it
didn't find B0QZD4 in the database, skipped it
didn't find B0QZD5 in the database, skipped it
didn't find B0QZE1 in the database, skipped it
didn't find B0QZE6 in the database, skipped it
didn't find B0QZK5 in the database, skipped it
didn't find B0QZK6 in the database, skipped it
didn't find B0QZK7 in the database, skipped it
didn't find B0QZK8 in the database, skipped it
didn't find B0QZK9 in the database, skipped it
didn't find B0QZZ2 in the database, skipped it
didn't find B0QZZ3 in the database, skipped it
didn't find B0QZZ4 in the database, skipped it
didn't find B0R0U3 in the database, skipped it
didn't find B0S8I6 in the database, skipped it
didn't find B0V3J0 in the database, skipped it
didn't find B0VJY8 in the database, skipped it
didn't find B0YJC5 in the database, skipped it
didn't find B1A4H0 in the database, skipped it
didn't find B1AH49 in the database, skipped it
didn't find B1AH56 in the database, skipped it
didn't find B1AH58 in the database, skipped it
didn't find B1AH59 in the database, skipped it
didn't find B1AH62 in the database, skipped it
didn't find B1AH63 in the database, skipped it
didn't find B1AH72 in the database, skipped it
didn't find B1AH77 in the database, skipped it
didn't find B1AH78 in the database, skipped it
didn't find B1AH79 in the database, skipped it
didn't find B1AH80 in the database, skipped it
didn't find B1AH86 in the database, skipped it
didn't find B1AH90 in the database, skipped it
didn't find B1AH95 in the database, skipped it
didn't find B1AHC2 in the database, skipped it
didn't find B1AHC4 in the database, skipped it
didn't find B1AHC5 in the database, skipped it
didn't find B1AHC6 in the database, skipped it
didn't find B1AHD3 in the database, skipped it
didn't find B1AHE3 in the database, skipped it
didn't find B1AHE4 in the database, skipped it
didn't find B1AHF8 in the database, skipped it
didn't find B1AHG3 in the database, skipped it
didn't find B1AHG4 in the database, skipped it
didn't find B1AHH1 in the database, skipped it
didn't find B1AHH2 in the database, skipped it
didn't find B1AHJ0 in the database, skipped it
didn't find B1AHJ2 in the database, skipped it
didn't find B1AHJ8 in the database, skipped it
didn't find B1AHJ9 in the database, skipped it
didn't find B1AHK0 in the database, skipped it
didn't find B1AHL9 in the database, skipped it
didn't find B1AHM5 in the database, skipped it
didn't find B1AHM6 in the database, skipped it
didn't find B1AHM7 in the database, skipped it
didn't find B1AHM8 in the database, skipped it
didn't find B1AHM9 in the database, skipped it
didn't find B1AHN3 in the database, skipped it
didn't find B1AHN4 in the database, skipped it
didn't find B1AHQ6 in the database, skipped it
didn't find B1AHQ7 in the database, skipped it
didn't find B1AHQ8 in the database, skipped it
didn't find B1AHR1 in the database, skipped it
didn't find B1AHR2 in the database, skipped it
didn't find B1AHR3 in the database, skipped it
didn't find B1AJQ5 in the database, skipped it
didn't find B1AJQ6 in the database, skipped it
didn't find B1AJS1 in the database, skipped it
didn't find B1AJU2 in the database, skipped it
didn't find B1AJU4 in the database, skipped it
didn't find B1AJV1 in the database, skipped it
didn't find B1AJV2 in the database, skipped it
didn't find B1AJW1 in the database, skipped it
didn't find B1AJW3 in the database, skipped it
didn't find B1AJY5 in the database, skipped it
didn't find B1AJY6 in the database, skipped it
didn't find B1AJY7 in the database, skipped it
didn't find B1AK20 in the database, skipped it
didn't find B1AK43 in the database, skipped it
didn't find B1AK44 in the database, skipped it
didn't find B1AK45 in the database, skipped it
didn't find B1AK61 in the database, skipped it
didn't find B1AK73 in the database, skipped it
didn't find B1AK95 in the database, skipped it
didn't find B1AKA9 in the database, skipped it
didn't find B1AKB1 in the database, skipped it
didn't find B1AKB2 in the database, skipped it
didn't find B1AKB6 in the database, skipped it
didn't find B1AKB7 in the database, skipped it
didn't find B1AKB8 in the database, skipped it
didn't find B1AKB9 in the database, skipped it
didn't find B1AKC0 in the database, skipped it
didn't find B1AKC1 in the database, skipped it
didn't find B1AKC8 in the database, skipped it
didn't find B1AKE6 in the database, skipped it
didn't find B1AKE7 in the database, skipped it
didn't find B1AKE8 in the database, skipped it
didn't find B1AKF2 in the database, skipped it
didn't find B1AKF3 in the database, skipped it
didn't find B1AKF4 in the database, skipped it
didn't find B1AKF5 in the database, skipped it
didn't find B1AKF6 in the database, skipped it
didn't find B1AKG0 in the database, skipped it
didn't find B1AKJ3 in the database, skipped it
didn't find B1AKL4 in the database, skipped it
didn't find B1AKL5 in the database, skipped it
didn't find B1AKL6 in the database, skipped it
didn't find B1AKM8 in the database, skipped it
didn't find B1AKM9 in the database, skipped it
didn't find B1AKN0 in the database, skipped it
didn't find B1AKP7 in the database, skipped it
didn't find B1AKQ8 in the database, skipped it
didn't find B1AKR1 in the database, skipped it
didn't find B1AKR2 in the database, skipped it
didn't find B1AKR3 in the database, skipped it
didn't find B1AKR6 in the database, skipped it
didn't find B1AKS2 in the database, skipped it
didn't find B1AKS3 in the database, skipped it
didn't find B1AKT1 in the database, skipped it
didn't find B1AKT2 in the database, skipped it
didn't find B1AKU3 in the database, skipped it
didn't find B1AKV2 in the database, skipped it
didn't find B1AKV3 in the database, skipped it
didn't find B1AKV4 in the database, skipped it
didn't find B1AKV6 in the database, skipped it
didn't find B1AKZ5 in the database, skipped it
didn't find B1AKZ9 in the database, skipped it
didn't find B1AL00 in the database, skipped it
didn't find B1AL11 in the database, skipped it
didn't find B1AL13 in the database, skipped it
didn't find B1AL33 in the database, skipped it
didn't find B1AL40 in the database, skipped it
didn't find B1AL42 in the database, skipped it
didn't find B1AL55 in the database, skipped it
didn't find B1AL80 in the database, skipped it
didn't find B1ALA1 in the database, skipped it
didn't find B1ALA7 in the database, skipped it
didn't find B1ALA9 in the database, skipped it
didn't find B1ALB4 in the database, skipped it
didn't find B1ALC2 in the database, skipped it
didn't find B1ALD2 in the database, skipped it
didn't find B1ALD5 in the database, skipped it
didn't find B1ALG1 in the database, skipped it
didn't find B1ALG2 in the database, skipped it
didn't find B1ALG6 in the database, skipped it
didn't find B1ALJ5 in the database, skipped it
didn't find B1ALP5 in the database, skipped it
didn't find B1ALP6 in the database, skipped it
didn't find B1ALR7 in the database, skipped it
didn't find B1ALS0 in the database, skipped it
didn't find B1ALY0 in the database, skipped it
didn't find B1ALY4 in the database, skipped it
didn't find B1AM15 in the database, skipped it
didn't find B1AM31 in the database, skipped it
didn't find B1AM48 in the database, skipped it
didn't find B1AMA2 in the database, skipped it
didn't find B1AMA5 in the database, skipped it
didn't find B1AMA6 in the database, skipped it
didn't find B1AMB1 in the database, skipped it
didn't find B1AMB2 in the database, skipped it
didn't find B1AMF0 in the database, skipped it
didn't find B1AMF1 in the database, skipped it
didn't find B1AMG8 in the database, skipped it
didn't find B1AMI1 in the database, skipped it
didn't find B1AMI2 in the database, skipped it
didn't find B1AMN7 in the database, skipped it
didn't find B1AMN9 in the database, skipped it
didn't find B1AMP1 in the database, skipped it
didn't find B1AMP9 in the database, skipped it
didn't find B1AMS8 in the database, skipped it
didn't find B1AMS9 in the database, skipped it
didn't find B1AMT0 in the database, skipped it
didn't find B1AMT1 in the database, skipped it
didn't find B1AMT2 in the database, skipped it


uniprot id 1	entrez gene id 1	gene name 1	uniprot id 2	entrez gene id 2	gene name 2	score
TTC34_HUMAN	100287898	TTC34	CAND1_HUMAN	55832	CAND1	0.72
CP090_HUMAN	646174	C16orf90	RN123_HUMAN	63891	RNF123	0.63
CQ098_HUMAN	388381	C17orf98	FBXW8_HUMAN	26259	FBXW8	0.63
TTC34_HUMAN	100287898	TTC34	PP4C_HUMAN	5531	PPP4C	0.63
TTC34_HUMAN	100287898	TTC34	PAF15_HUMAN	9768	PCLAF	0.63
