didn't find A0A075B6Q4 in the database, skipped it
didn't find A0A075B6S0 in the database, skipped it
didn't find A0A075B6Y3 in the database, skipped it
didn't find A0A075B6Y9 in the database, skipped it
didn't find A0A075B700 in the database, skipped it
didn't find A0A075B706 in the database, skipped it
didn't find A0A075B716 in the database, skipped it
didn't find A0A075B724 in the database, skipped it
didn't find A0A075B729 in the database, skipped it
didn't find A0A075B730 in the database, skipped it
didn't find A0A075B751 in the database, skipped it
didn't find A0A075B773 in the database, skipped it
didn't find A0A075B780 in the database, skipped it
didn't find A0A075B784 in the database, skipped it
didn't find A0A075B785 in the database, skipped it
didn't find A0A075B788 in the database, skipped it
didn't find A0A075B797 in the database, skipped it
didn't find A0A075B7A0 in the database, skipped it
didn't find A0A075B7B1 in the database, skipped it
didn't find A0A075B7B3 in the database, skipped it
didn't find A0A075B7B4 in the database, skipped it
didn't find A0A075B7B5 in the database, skipped it
didn't find A0A075B7B6 in the database, skipped it
didn't find A0A075B7B8 in the database, skipped it
didn't find A0A075B7D0 in the database, skipped it
didn't find A0A075B7D8 in the database, skipped it
didn't find A0A075B7E8 in the database, skipped it
didn't find A0A075B7F0 in the database, skipped it
didn't find A0A075B7F1 in the database, skipped it
didn't find A0A087WSV2 in the database, skipped it
didn't find A0A087WSV6 in the database, skipped it
didn't find A0A087WSW1 in the database, skipped it
didn't find A0A087WSX8 in the database, skipped it
didn't find A0A087WSY5 in the database, skipped it
didn't find A0A087WSZ2 in the database, skipped it
didn't find A0A087WT00 in the database, skipped it
didn't find A0A087WT10 in the database, skipped it
didn't find A0A087WT15 in the database, skipped it
didn't find A0A087WT18 in the database, skipped it
didn't find A0A087WT23 in the database, skipped it
didn't find A0A087WT27 in the database, skipped it
didn't find A0A087WT44 in the database, skipped it
didn't find A0A087WT45 in the database, skipped it
didn't find A0A087WT50 in the database, skipped it
didn't find A0A087WT52 in the database, skipped it
didn't find A0A087WT53 in the database, skipped it
didn't find A0A087WT55 in the database, skipped it
didn't find A0A087WT59 in the database, skipped it
didn't find A0A087WT64 in the database, skipped it
didn't find A0A087WT65 in the database, skipped it
didn't find A0A087WT72 in the database, skipped it
didn't find A0A087WT77 in the database, skipped it
didn't find A0A087WT78 in the database, skipped it
didn't find A0A087WT87 in the database, skipped it
didn't find A0A087WT90 in the database, skipped it
didn't find A0A087WT92 in the database, skipped it
didn't find A0A087WT99 in the database, skipped it
didn't find A0A087WTA1 in the database, skipped it
didn't find A0A087WTD0 in the database, skipped it
didn't find A0A087WTD2 in the database, skipped it
didn't find A0A087WTD7 in the database, skipped it
didn't find A0A087WTF0 in the database, skipped it
didn't find A0A087WTF3 in the database, skipped it
didn't find A0A087WTH1 in the database, skipped it
didn't find A0A087WTH3 in the database, skipped it
didn't find A0A087WTH8 in the database, skipped it
didn't find A0A087WTI6 in the database, skipped it
didn't find A0A087WTJ2 in the database, skipped it
didn't find A0A087WTJ9 in the database, skipped it
didn't find A0A087WTK2 in the database, skipped it
didn't find A0A087WTL3 in the database, skipped it
didn't find A0A087WTL4 in the database, skipped it
didn't find A0A087WTM9 in the database, skipped it
didn't find A0A087WTR6 in the database, skipped it
didn't find A0A087WTT1 in the database, skipped it
didn't find A0A087WTT6 in the database, skipped it
didn't find A0A087WTT9 in the database, skipped it
didn't find A0A087WTY5 in the database, skipped it
didn't find A0A087WTZ5 in the database, skipped it
didn't find A0A087WU06 in the database, skipped it
didn't find A0A087WU07 in the database, skipped it
didn't find A0A087WU13 in the database, skipped it
didn't find A0A087WU14 in the database, skipped it
didn't find A0A087WU25 in the database, skipped it
didn't find A0A087WU28 in the database, skipped it
didn't find A0A087WU29 in the database, skipped it
didn't find A0A087WU44 in the database, skipped it
didn't find A0A087WU46 in the database, skipped it
didn't find A0A087WU53 in the database, skipped it
didn't find A0A087WU55 in the database, skipped it
didn't find A0A087WU62 in the database, skipped it
didn't find A0A087WU73 in the database, skipped it
didn't find A0A087WU78 in the database, skipped it
didn't find A0A087WUC9 in the database, skipped it
didn't find A0A087WUD2 in the database, skipped it
didn't find A0A087WUD3 in the database, skipped it
didn't find A0A087WUE2 in the database, skipped it
didn't find A0A087WUE9 in the database, skipped it
didn't find A0A087WUF3 in the database, skipped it
didn't find A0A087WUF9 in the database, skipped it
didn't find A0A087WUG6 in the database, skipped it
didn't find A0A087WUH1 in the database, skipped it
didn't find A0A087WUI2 in the database, skipped it
didn't find A0A087WUI6 in the database, skipped it
didn't find A0A087WUJ4 in the database, skipped it
didn't find A0A087WUK2 in the database, skipped it
didn't find A0A087WUL2 in the database, skipped it
didn't find A0A087WUL4 in the database, skipped it
didn't find A0A087WUL8 in the database, skipped it
didn't find A0A087WUM3 in the database, skipped it
didn't find A0A087WUN5 in the database, skipped it
didn't find A0A087WUN6 in the database, skipped it
didn't find A0A087WUQ7 in the database, skipped it
didn't find A0A087WUS1 in the database, skipped it
didn't find A0A087WUS8 in the database, skipped it
didn't find A0A087WUT5 in the database, skipped it
didn't find A0A087WUV0 in the database, skipped it
didn't find A0A087WUV1 in the database, skipped it
didn't find A0A087WUV7 in the database, skipped it
didn't find A0A087WUV8 in the database, skipped it
didn't find A0A087WUW6 in the database, skipped it
didn't find A0A087WUX4 in the database, skipped it
didn't find A0A087WUX9 in the database, skipped it
didn't find A0A087WUY7 in the database, skipped it
didn't find A0A087WV01 in the database, skipped it
didn't find A0A087WV05 in the database, skipped it
didn't find A0A087WV11 in the database, skipped it
didn't find A0A087WV25 in the database, skipped it
didn't find A0A087WV34 in the database, skipped it
didn't find A0A087WV46 in the database, skipped it
didn't find A0A087WV57 in the database, skipped it
didn't find A0A087WV58 in the database, skipped it
didn't find A0A087WV67 in the database, skipped it
didn't find A0A087WV90 in the database, skipped it
didn't find A0A087WV96 in the database, skipped it
didn't find A0A087WV97 in the database, skipped it
didn't find A0A087WVC0 in the database, skipped it
didn't find A0A087WVC4 in the database, skipped it
didn't find A0A087WVC7 in the database, skipped it
didn't find A0A087WVD3 in the database, skipped it
didn't find A0A087WVE6 in the database, skipped it
didn't find A0A087WVF4 in the database, skipped it
didn't find A0A087WVI3 in the database, skipped it
didn't find A0A087WVI4 in the database, skipped it
didn't find A0A087WVJ0 in the database, skipped it
didn't find A0A087WVM4 in the database, skipped it
didn't find A0A087WVQ4 in the database, skipped it
didn't find A0A087WVQ9 in the database, skipped it
didn't find A0A087WVT5 in the database, skipped it
didn't find A0A087WVT6 in the database, skipped it
didn't find A0A087WVT8 in the database, skipped it
didn't find A0A087WVT9 in the database, skipped it
didn't find A0A087WVU0 in the database, skipped it
didn't find A0A087WVX5 in the database, skipped it
didn't find A0A087WVZ0 in the database, skipped it
didn't find A0A087WVZ1 in the database, skipped it
didn't find A0A087WVZ3 in the database, skipped it
didn't find A0A087WVZ5 in the database, skipped it
didn't find A0A087WVZ6 in the database, skipped it
didn't find A0A087WVZ9 in the database, skipped it
didn't find A0A087WW00 in the database, skipped it
didn't find A0A087WW23 in the database, skipped it
didn't find A0A087WW26 in the database, skipped it
didn't find A0A087WW35 in the database, skipped it
didn't find A0A087WW40 in the database, skipped it
didn't find A0A087WW42 in the database, skipped it
didn't find A0A087WW44 in the database, skipped it
didn't find A0A087WW49 in the database, skipped it
didn't find A0A087WW53 in the database, skipped it
didn't find A0A087WW65 in the database, skipped it
didn't find A0A087WW66 in the database, skipped it
didn't find A0A087WW71 in the database, skipped it
didn't find A0A087WW76 in the database, skipped it
didn't find A0A087WW78 in the database, skipped it
didn't find A0A087WW81 in the database, skipped it
didn't find A0A087WW82 in the database, skipped it
didn't find A0A087WW92 in the database, skipped it
didn't find A0A087WWA3 in the database, skipped it
didn't find A0A087WWB1 in the database, skipped it
didn't find A0A087WWB9 in the database, skipped it
didn't find A0A087WWD4 in the database, skipped it
didn't find A0A087WWE7 in the database, skipped it
didn't find A0A087WWF4 in the database, skipped it
didn't find A0A087WWF6 in the database, skipped it
didn't find A0A087WWG3 in the database, skipped it
didn't find A0A087WWH0 in the database, skipped it
didn't find A0A087WWI2 in the database, skipped it
didn't find A0A087WWI4 in the database, skipped it
didn't find A0A087WWI9 in the database, skipped it
didn't find A0A087WWJ9 in the database, skipped it
didn't find A0A087WWM0 in the database, skipped it
didn't find A0A087WWP4 in the database, skipped it
didn't find A0A087WWP8 in the database, skipped it
didn't find A0A087WWR3 in the database, skipped it
didn't find A0A087WWR8 in the database, skipped it
didn't find A0A087WWS6 in the database, skipped it
didn't find A0A087WWU1 in the database, skipped it
didn't find A0A087WWU9 in the database, skipped it
didn't find A0A087WWV1 in the database, skipped it
didn't find A0A087WWV6 in the database, skipped it
didn't find A0A087WWV9 in the database, skipped it
didn't find A0A087WWW8 in the database, skipped it
didn't find A0A087WWX7 in the database, skipped it
didn't find A0A087WWY3 in the database, skipped it
didn't find A0A087WWY9 in the database, skipped it
didn't find A0A087WX10 in the database, skipped it
didn't find A0A087WX12 in the database, skipped it
didn't find A0A087WX20 in the database, skipped it
didn't find A0A087WX23 in the database, skipped it
didn't find A0A087WX29 in the database, skipped it
didn't find A0A087WX34 in the database, skipped it
didn't find A0A087WX41 in the database, skipped it
didn't find A0A087WX43 in the database, skipped it
didn't find A0A087WX51 in the database, skipped it
didn't find A0A087WX56 in the database, skipped it
didn't find A0A087WX59 in the database, skipped it
didn't find A0A087WX60 in the database, skipped it
didn't find A0A087WX80 in the database, skipped it
didn't find A0A087WX97 in the database, skipped it
didn't find A0A087WX99 in the database, skipped it
didn't find A0A087WXA6 in the database, skipped it
didn't find A0A087WXB0 in the database, skipped it
didn't find A0A087WXB9 in the database, skipped it
didn't find A0A087WXC4 in the database, skipped it
didn't find A0A087WXC5 in the database, skipped it
didn't find A0A087WXD0 in the database, skipped it
didn't find A0A087WXD2 in the database, skipped it
didn't find A0A087WXE0 in the database, skipped it
didn't find A0A087WXE9 in the database, skipped it
didn't find A0A087WXF1 in the database, skipped it
didn't find A0A087WXG3 in the database, skipped it
didn't find A0A087WXG7 in the database, skipped it
didn't find A0A087WXJ5 in the database, skipped it
didn't find A0A087WXK2 in the database, skipped it
didn't find A0A087WXK5 in the database, skipped it
didn't find A0A087WXK8 in the database, skipped it
didn't find A0A087WXL2 in the database, skipped it
didn't find A0A087WXL9 in the database, skipped it
didn't find A0A087WXM6 in the database, skipped it
didn't find A0A087WXP2 in the database, skipped it
didn't find A0A087WXR5 in the database, skipped it
didn't find A0A087WXR6 in the database, skipped it
didn't find A0A087WXR7 in the database, skipped it
didn't find A0A087WXS2 in the database, skipped it
didn't find A0A087WXU8 in the database, skipped it
didn't find A0A087WXV2 in the database, skipped it
didn't find A0A087WXV5 in the database, skipped it
didn't find A0A087WXV9 in the database, skipped it
didn't find A0A087WXX5 in the database, skipped it
didn't find A0A087WY02 in the database, skipped it
didn't find A0A087WY31 in the database, skipped it
didn't find A0A087WY49 in the database, skipped it
didn't find A0A087WY54 in the database, skipped it
didn't find A0A087WY55 in the database, skipped it
didn't find A0A087WY58 in the database, skipped it
didn't find A0A087WY59 in the database, skipped it
didn't find A0A087WY68 in the database, skipped it
didn't find A0A087WY81 in the database, skipped it
didn't find A0A087WY85 in the database, skipped it
didn't find A0A087WYD0 in the database, skipped it
didn't find A0A087WYD4 in the database, skipped it
didn't find A0A087WYD5 in the database, skipped it
didn't find A0A087WYD6 in the database, skipped it
didn't find A0A087WYE8 in the database, skipped it
didn't find A0A087WYF1 in the database, skipped it
didn't find A0A087WYF2 in the database, skipped it
didn't find A0A087WYF6 in the database, skipped it
didn't find A0A087WYF8 in the database, skipped it
didn't find A0A087WYI0 in the database, skipped it
didn't find A0A087WYJ0 in the database, skipped it
didn't find A0A087WYL5 in the database, skipped it
didn't find A0A087WYL7 in the database, skipped it
didn't find A0A087WYN6 in the database, skipped it
didn't find A0A087WYQ3 in the database, skipped it
didn't find A0A087WYR0 in the database, skipped it
didn't find A0A087WYR5 in the database, skipped it
didn't find A0A087WYS1 in the database, skipped it
didn't find A0A087WYS3 in the database, skipped it
didn't find A0A087WYS5 in the database, skipped it
didn't find A0A087WYS9 in the database, skipped it
didn't find A0A087WYU0 in the database, skipped it
didn't find A0A087WYV9 in the database, skipped it
didn't find A0A087WYZ4 in the database, skipped it
didn't find A0A087WYZ7 in the database, skipped it
didn't find A0A087WZ03 in the database, skipped it
didn't find A0A087WZ33 in the database, skipped it
didn't find A0A087WZ35 in the database, skipped it
didn't find A0A087WZ38 in the database, skipped it
didn't find A0A087WZ40 in the database, skipped it
didn't find A0A087WZ50 in the database, skipped it
didn't find A0A087WZ58 in the database, skipped it
didn't find A0A087WZ62 in the database, skipped it
didn't find A0A087WZ65 in the database, skipped it
didn't find A0A087WZ85 in the database, skipped it
didn't find A0A087WZA9 in the database, skipped it
didn't find A0A087WZB1 in the database, skipped it
didn't find A0A087WZB5 in the database, skipped it
didn't find A0A087WZB7 in the database, skipped it
didn't find A0A087WZE5 in the database, skipped it
didn't find A0A087WZE9 in the database, skipped it
didn't find A0A087WZF1 in the database, skipped it
didn't find A0A087WZF4 in the database, skipped it
didn't find A0A087WZG4 in the database, skipped it
didn't find A0A087WZG8 in the database, skipped it
didn't find A0A087WZG9 in the database, skipped it
didn't find A0A087WZI2 in the database, skipped it
didn't find A0A087WZI3 in the database, skipped it
didn't find A0A087WZJ6 in the database, skipped it
didn't find A0A087WZJ9 in the database, skipped it
didn't find A0A087WZM5 in the database, skipped it
didn't find A0A087WZN1 in the database, skipped it
didn't find A0A087WZN9 in the database, skipped it
didn't find A0A087WZQ0 in the database, skipped it
didn't find A0A087WZQ7 in the database, skipped it
didn't find A0A087WZQ9 in the database, skipped it
didn't find A0A087WZR0 in the database, skipped it
didn't find A0A087WZS5 in the database, skipped it
didn't find A0A087WZT9 in the database, skipped it
didn't find A0A087WZV9 in the database, skipped it
didn't find A0A087WZW1 in the database, skipped it
didn't find A0A087WZX0 in the database, skipped it
didn't find A0A087WZX2 in the database, skipped it
didn't find A0A087WZX9 in the database, skipped it
didn't find A0A087WZY5 in the database, skipped it
didn't find A0A087WZY8 in the database, skipped it
didn't find A0A087WZZ6 in the database, skipped it
didn't find A0A087X004 in the database, skipped it
didn't find A0A087X006 in the database, skipped it
didn't find A0A087X009 in the database, skipped it
didn't find A0A087X011 in the database, skipped it
didn't find A0A087X021 in the database, skipped it
didn't find A0A087X032 in the database, skipped it
didn't find A0A087X043 in the database, skipped it
didn't find A0A087X054 in the database, skipped it
didn't find A0A087X059 in the database, skipped it
didn't find A0A087X061 in the database, skipped it
didn't find A0A087X074 in the database, skipped it
didn't find A0A087X089 in the database, skipped it
didn't find A0A087X0B3 in the database, skipped it
didn't find A0A087X0B7 in the database, skipped it
didn't find A0A087X0B9 in the database, skipped it
didn't find A0A087X0C2 in the database, skipped it
didn't find A0A087X0D5 in the database, skipped it
didn't find A0A087X0G7 in the database, skipped it
didn't find A0A087X0H9 in the database, skipped it
didn't find A0A087X0J2 in the database, skipped it
didn't find A0A087X0K8 in the database, skipped it
didn't find A0A087X0L2 in the database, skipped it
didn't find A0A087X0L6 in the database, skipped it
didn't find A0A087X0M8 in the database, skipped it
didn't find A0A087X0N2 in the database, skipped it
didn't find A0A087X0N3 in the database, skipped it
didn't find A0A087X0Q1 in the database, skipped it
didn't find A0A087X0R7 in the database, skipped it
didn't find A0A087X0T6 in the database, skipped it
didn't find A0A087X0U0 in the database, skipped it
didn't find A0A087X0U3 in the database, skipped it
didn't find A0A087X0U9 in the database, skipped it
didn't find A0A087X0V4 in the database, skipped it
didn't find A0A087X0V5 in the database, skipped it
didn't find A0A087X0W3 in the database, skipped it
didn't find A0A087X0W8 in the database, skipped it
didn't find A0A087X0W9 in the database, skipped it
didn't find A0A087X0X5 in the database, skipped it
didn't find A0A087X0Y2 in the database, skipped it
didn't find A0A087X0Z1 in the database, skipped it
didn't find A0A087X109 in the database, skipped it
didn't find A0A087X119 in the database, skipped it
didn't find A0A087X121 in the database, skipped it
didn't find A0A087X125 in the database, skipped it
didn't find A0A087X126 in the database, skipped it
didn't find A0A087X135 in the database, skipped it
didn't find A0A087X140 in the database, skipped it
didn't find A0A087X142 in the database, skipped it
didn't find A0A087X162 in the database, skipped it
didn't find A0A087X169 in the database, skipped it
didn't find A0A087X170 in the database, skipped it
didn't find A0A087X171 in the database, skipped it
didn't find A0A087X179 in the database, skipped it
didn't find A0A087X182 in the database, skipped it
didn't find A0A087X1B1 in the database, skipped it
didn't find A0A087X1B2 in the database, skipped it
didn't find A0A087X1C1 in the database, skipped it
didn't find A0A087X1D0 in the database, skipped it
didn't find A0A087X1D8 in the database, skipped it
didn't find A0A087X1E4 in the database, skipped it
didn't find A0A087X1G1 in the database, skipped it
didn't find A0A087X1G2 in the database, skipped it
didn't find A0A087X1H4 in the database, skipped it
didn't find A0A087X1J4 in the database, skipped it
didn't find A0A087X1N8 in the database, skipped it
didn't find A0A087X1P5 in the database, skipped it
didn't find A0A087X1Q5 in the database, skipped it
didn't find A0A087X1R4 in the database, skipped it
didn't find A0A087X1S6 in the database, skipped it
didn't find A0A087X1T3 in the database, skipped it
didn't find A0A087X1T6 in the database, skipped it
didn't find A0A087X1U5 in the database, skipped it


uniprot id 1	entrez gene id 1	gene name 1	uniprot id 2	entrez gene id 2	gene name 2	score
TBC3D_HUMAN	414060, 654341	TBC1D3C, TBC1D3G	ZRAN1_HUMAN	54764	ZRANB1	0.63
TBC3D_HUMAN	414060, 654341	TBC1D3C, TBC1D3G	CLIC3_HUMAN	9022	CLIC3	0.63
