didn't find A6NKB8 in the database, skipped it
didn't find A6NKE1 in the database, skipped it
didn't find A6NKM8 in the database, skipped it
didn't find A6NKZ2 in the database, skipped it
didn't find A6NL93 in the database, skipped it
didn't find A6NLH6 in the database, skipped it
didn't find A6NLM8 in the database, skipped it
didn't find A6NLN1 in the database, skipped it
didn't find A6NLW9 in the database, skipped it
didn't find A6NM71 in the database, skipped it
didn't find A6NMH6 in the database, skipped it
didn't find A6NMN0 in the database, skipped it
didn't find A6NMQ3 in the database, skipped it
didn't find A6NMS2 in the database, skipped it
didn't find A6NMU3 in the database, skipped it
didn't find A6NMU8 in the database, skipped it
didn't find A6NMV7 in the database, skipped it
didn't find A6NN40 in the database, skipped it
didn't find A6NNK5 in the database, skipped it
didn't find A6NNM2 in the database, skipped it
didn't find A6NP16 in the database, skipped it
didn't find A6NP24 in the database, skipped it
didn't find A6NP52 in the database, skipped it
didn't find A6PVD3 in the database, skipped it
didn't find A6PVH2 in the database, skipped it
didn't find A6PVH4 in the database, skipped it
didn't find A6PVH9 in the database, skipped it
didn't find A6PVJ2 in the database, skipped it
didn't find A6PVN6 in the database, skipped it
didn't find A6PVN7 in the database, skipped it
didn't find A6PVN8 in the database, skipped it
didn't find A6PVP4 in the database, skipped it
didn't find A6PW57 in the database, skipped it
didn't find A6QRJ0 in the database, skipped it
didn't find A6XGL2 in the database, skipped it
didn't find A6XMV9 in the database, skipped it
didn't find A6ZIE4 in the database, skipped it
didn't find A6ZJ87 in the database, skipped it
didn't find A7UKX8 in the database, skipped it
didn't find A8K070 in the database, skipped it
didn't find A8K0B5 in the database, skipped it
didn't find A8K0G1 in the database, skipped it
didn't find A8K2M3 in the database, skipped it
didn't find A8K7K2 in the database, skipped it
didn't find A8K7Q2 in the database, skipped it
didn't find A8K8J9 in the database, skipped it
didn't find A8K968 in the database, skipped it
didn't find A8MPP7 in the database, skipped it
didn't find A8MPU2 in the database, skipped it
didn't find A8MPV4 in the database, skipped it
didn't find A8MPY5 in the database, skipped it
didn't find A8MQ07 in the database, skipped it
didn't find A8MQT7 in the database, skipped it
didn't find A8MRB1 in the database, skipped it
didn't find A8MSY1 in the database, skipped it
didn't find A8MT37 in the database, skipped it
didn't find A8MTF1 in the database, skipped it
didn't find A8MTF4 in the database, skipped it
didn't find A8MTH1 in the database, skipped it
didn't find A8MTT3 in the database, skipped it
didn't find A8MTV0 in the database, skipped it
didn't find A8MU21 in the database, skipped it
didn't find A8MU75 in the database, skipped it
didn't find A8MUD9 in the database, skipped it
didn't find A8MUE8 in the database, skipped it
didn't find A8MUH2 in the database, skipped it
didn't find A8MUM1 in the database, skipped it
didn't find A8MUP8 in the database, skipped it
didn't find A8MUS3 in the database, skipped it
didn't find A8MUV4 in the database, skipped it
didn't find A8MV33 in the database, skipped it
didn't find A8MV73 in the database, skipped it
didn't find A8MVE2 in the database, skipped it
didn't find A8MVM8 in the database, skipped it
didn't find A8MVT4 in the database, skipped it
didn't find A8MVV6 in the database, skipped it
didn't find A8MVZ9 in the database, skipped it
didn't find A8MW49 in the database, skipped it
didn't find A8MW50 in the database, skipped it
didn't find A8MW57 in the database, skipped it
didn't find A8MWP7 in the database, skipped it
didn't find A8MWU7 in the database, skipped it
didn't find A8MX07 in the database, skipped it
didn't find A8MX39 in the database, skipped it
didn't find A8MX94 in the database, skipped it
didn't find A8MXB9 in the database, skipped it
didn't find A8MXE0 in the database, skipped it
didn't find A8MXF1 in the database, skipped it
didn't find A8MXH5 in the database, skipped it
didn't find A8MXJ9 in the database, skipped it
didn't find A8MXK4 in the database, skipped it
didn't find A8MXN1 in the database, skipped it
didn't find A8MXR8 in the database, skipped it
didn't find A8MXZ4 in the database, skipped it
didn't find A8MY87 in the database, skipped it
didn't find A8MYG7 in the database, skipped it
didn't find A8MYJ1 in the database, skipped it
didn't find A8MYJ8 in the database, skipped it
didn't find A8MYK1 in the database, skipped it
didn't find A8MYS5 in the database, skipped it
didn't find A8MYT4 in the database, skipped it
didn't find A8MYV2 in the database, skipped it
didn't find A8MZ24 in the database, skipped it
didn't find A8MZ54 in the database, skipped it
didn't find A8MZF5 in the database, skipped it
didn't find A8MZF9 in the database, skipped it
didn't find A8MZI9 in the database, skipped it
didn't find A9J4F5 in the database, skipped it
didn't find A9UJN9 in the database, skipped it
didn't find A9UJP0 in the database, skipped it
didn't find A9Z1W1 in the database, skipped it
didn't find B0AZR9 in the database, skipped it
didn't find B0AZT2 in the database, skipped it
didn't find B0FWH5 in the database, skipped it
didn't find B0FWH6 in the database, skipped it
didn't find B0FWH7 in the database, skipped it
didn't find B0L652 in the database, skipped it
didn't find B0L653 in the database, skipped it
didn't find B0QXZ6 in the database, skipped it
didn't find B0QY08 in the database, skipped it
didn't find B0QY21 in the database, skipped it
didn't find B0QY34 in the database, skipped it
didn't find B0QY35 in the database, skipped it
didn't find B0QY36 in the database, skipped it
didn't find B0QY56 in the database, skipped it
didn't find B0QY57 in the database, skipped it
didn't find B0QY58 in the database, skipped it
didn't find B0QY60 in the database, skipped it
didn't find B0QY64 in the database, skipped it
didn't find B0QY70 in the database, skipped it
didn't find B0QY74 in the database, skipped it
didn't find B0QY83 in the database, skipped it
didn't find B0QY84 in the database, skipped it
didn't find B0QY90 in the database, skipped it
didn't find B0QYF7 in the database, skipped it
didn't find B0QYF8 in the database, skipped it
didn't find B0QYH2 in the database, skipped it
didn't find B0QYK0 in the database, skipped it
didn't find B0QYN5 in the database, skipped it
didn't find B0QYP8 in the database, skipped it
didn't find B0QYR6 in the database, skipped it
didn't find B0QYS6 in the database, skipped it
didn't find B0QYS7 in the database, skipped it
didn't find B0QYT4 in the database, skipped it
didn't find B0QYT5 in the database, skipped it
didn't find B0QYV1 in the database, skipped it
didn't find B0QYV8 in the database, skipped it
didn't find B0QYV9 in the database, skipped it
didn't find B0QYY4 in the database, skipped it
didn't find B0QYY6 in the database, skipped it
didn't find B0QYY7 in the database, skipped it
didn't find B0QYZ9 in the database, skipped it
didn't find B0QZ18 in the database, skipped it
didn't find B0QZ36 in the database, skipped it
didn't find B0QZ43 in the database, skipped it
didn't find B0QZ77 in the database, skipped it
didn't find B0QZ88 in the database, skipped it
didn't find B0QZ99 in the database, skipped it
didn't find B0QZA0 in the database, skipped it
didn't find B0QZE2 in the database, skipped it
didn't find B0QZG3 in the database, skipped it
didn't find B0QZK4 in the database, skipped it
didn't find B0S7V6 in the database, skipped it
didn't find B0UXQ0 in the database, skipped it
didn't find B0V092 in the database, skipped it
didn't find B0YIW2 in the database, skipped it
didn't find B0YIW6 in the database, skipped it
didn't find B0YJC4 in the database, skipped it
didn't find B1A4G9 in the database, skipped it
didn't find B1A4H2 in the database, skipped it
didn't find B1AH48 in the database, skipped it
didn't find B1AH87 in the database, skipped it
didn't find B1AH94 in the database, skipped it
didn't find B1AH96 in the database, skipped it
didn't find B1AH99 in the database, skipped it
didn't find B1AHA5 in the database, skipped it
didn't find B1AHA8 in the database, skipped it
didn't find B1AHB2 in the database, skipped it
didn't find B1AHC3 in the database, skipped it
didn't find B1AHC9 in the database, skipped it
didn't find B1AHD1 in the database, skipped it
didn't find B1AHF3 in the database, skipped it
didn't find B1AHH4 in the database, skipped it
didn't find B1AHH5 in the database, skipped it
didn't find B1AHH6 in the database, skipped it
didn't find B1AHJ5 in the database, skipped it
didn't find B1AHJ6 in the database, skipped it
didn't find B1AHJ7 in the database, skipped it
didn't find B1AHL2 in the database, skipped it
didn't find B1AHR5 in the database, skipped it
didn't find B1AJR6 in the database, skipped it
didn't find B1AJW0 in the database, skipped it
didn't find B1AJZ5 in the database, skipped it
didn't find B1AJZ6 in the database, skipped it
didn't find B1AK63 in the database, skipped it
didn't find B1AK85 in the database, skipped it
didn't find B1AK87 in the database, skipped it
didn't find B1AK88 in the database, skipped it
didn't find B1AKB4 in the database, skipped it
didn't find B1AKB5 in the database, skipped it
didn't find B1AKC3 in the database, skipped it
didn't find B1AKD8 in the database, skipped it
didn't find B1AKF7 in the database, skipped it
didn't find B1AKI2 in the database, skipped it
didn't find B1AKI4 in the database, skipped it
didn't find B1AKI5 in the database, skipped it
didn't find B1AKI6 in the database, skipped it
didn't find B1AKN3 in the database, skipped it
didn't find B1AKN6 in the database, skipped it
didn't find B1AKN7 in the database, skipped it
didn't find B1AKP1 in the database, skipped it
didn't find B1AKP2 in the database, skipped it
didn't find B1AKT3 in the database, skipped it
didn't find B1AKU2 in the database, skipped it
didn't find B1AKW3 in the database, skipped it
didn't find B1AL05 in the database, skipped it
didn't find B1AL12 in the database, skipped it
didn't find B1AL16 in the database, skipped it
didn't find B1AL69 in the database, skipped it
didn't find B1ALC0 in the database, skipped it
didn't find B1ALD1 in the database, skipped it
didn't find B1ALD3 in the database, skipped it
didn't find B1ALF6 in the database, skipped it
didn't find B1ALH6 in the database, skipped it
didn't find B1ALK7 in the database, skipped it
didn't find B1ALM4 in the database, skipped it
didn't find B1ALM5 in the database, skipped it
didn't find B1ALM7 in the database, skipped it
didn't find B1ALM8 in the database, skipped it
didn't find B1ALU1 in the database, skipped it
didn't find B1ALU3 in the database, skipped it
didn't find B1AM21 in the database, skipped it
didn't find B1AM27 in the database, skipped it
didn't find B1AM99 in the database, skipped it
didn't find B1AMJ5 in the database, skipped it
didn't find B1AMR3 in the database, skipped it
didn't find B1AMR4 in the database, skipped it
didn't find B1AMS2 in the database, skipped it
didn't find B1AMT9 in the database, skipped it
didn't find B1AMU0 in the database, skipped it
didn't find B1AMU5 in the database, skipped it
didn't find B1AMW3 in the database, skipped it
didn't find B1AMW7 in the database, skipped it
didn't find B1AN62 in the database, skipped it
didn't find B1ANE3 in the database, skipped it
didn't find B1ANG9 in the database, skipped it
didn't find B1ANH0 in the database, skipped it
didn't find B1ANN8 in the database, skipped it
didn't find B1ANR0 in the database, skipped it
didn't find B1AP13 in the database, skipped it
didn't find B1AP38 in the database, skipped it
didn't find B1AP63 in the database, skipped it
didn't find B1APM2 in the database, skipped it
didn't find B1APP6 in the database, skipped it
didn't find B1APY4 in the database, skipped it
didn't find B1APY9 in the database, skipped it
didn't find B1AQK6 in the database, skipped it
didn't find B1AQK7 in the database, skipped it
didn't find B1AQP1 in the database, skipped it
didn't find B1AQT3 in the database, skipped it
didn't find B1AQT4 in the database, skipped it
didn't find B1AR62 in the database, skipped it
didn't find B1AUU8 in the database, skipped it
didn't find B1AV70 in the database, skipped it
didn't find B1AVQ7 in the database, skipped it
didn't find B1AVV0 in the database, skipped it
didn't find B1B1F5 in the database, skipped it
didn't find B1B1G1 in the database, skipped it
didn't find B1B1G2 in the database, skipped it
didn't find B1B1G3 in the database, skipped it
didn't find B1B1G4 in the database, skipped it
didn't find B1B1G6 in the database, skipped it
didn't find B1B1I8 in the database, skipped it
didn't find B1B1I9 in the database, skipped it
didn't find B2RBV5 in the database, skipped it
didn't find B2REA4 in the database, skipped it
didn't find B3KME9 in the database, skipped it
didn't find B3KNS5 in the database, skipped it
didn't find B3KNW1 in the database, skipped it
didn't find B3KPX4 in the database, skipped it
didn't find B3KQ23 in the database, skipped it
didn't find B3KR61 in the database, skipped it
didn't find B3KRF7 in the database, skipped it
didn't find B3KRT8 in the database, skipped it
didn't find B3KSP9 in the database, skipped it
didn't find B3KT41 in the database, skipped it
didn't find B3KT46 in the database, skipped it
didn't find B3KT61 in the database, skipped it
didn't find B3KTQ9 in the database, skipped it
didn't find B3KTY4 in the database, skipped it
didn't find B3KUB4 in the database, skipped it
didn't find B3KUF4 in the database, skipped it
didn't find B3KUS5 in the database, skipped it
didn't find B3KV06 in the database, skipped it
didn't find B3KV94 in the database, skipped it
didn't find B3KVD8 in the database, skipped it
didn't find B3KVZ3 in the database, skipped it
didn't find B3KWW1 in the database, skipped it
didn't find B3KXV3 in the database, skipped it
didn't find B3KYB6 in the database, skipped it
didn't find B3KYB7 in the database, skipped it
didn't find B4DDF4 in the database, skipped it
didn't find B4DDG0 in the database, skipped it
didn't find B4DDH2 in the database, skipped it
didn't find B4DDJ5 in the database, skipped it
didn't find B4DDN1 in the database, skipped it
didn't find B4DDQ3 in the database, skipped it
didn't find B4DDQ6 in the database, skipped it
didn't find B4DE15 in the database, skipped it
didn't find B4DE60 in the database, skipped it
didn't find B4DE93 in the database, skipped it
didn't find B4DEB1 in the database, skipped it


uniprot id 1	entrez gene id 1	gene name 1	uniprot id 2	entrez gene id 2	gene name 2	score
CPS4L_HUMAN	642843	CPSF4L	CPSF3_HUMAN	51692	CPSF3	0.88
CPS4L_HUMAN	642843	CPSF4L	WDR33_HUMAN	55339	WDR33	0.83
UPK3L_HUMAN	100134938	UPK3BL1	SPIT2_HUMAN	10653	SPINT2	0.83
UPK3L_HUMAN	100134938	UPK3BL1	MCLN3_HUMAN	55283	MCOLN3	0.83
UPK3L_HUMAN	100134938	UPK3BL1	EVA1C_HUMAN	59271	EVA1C	0.83
CD15L_HUMAN	256223	CDRT15L2	CDRTF_HUMAN	146822	CDRT15	0.83
UPK3L_HUMAN	100134938	UPK3BL1	BT2A1_HUMAN	11120	BTN2A1	0.83
CPS4L_HUMAN	642843	CPSF4L	CCNH_HUMAN	902	CCNH	0.83
CPS4L_HUMAN	642843	CPSF4L	CCNG1_HUMAN	900	CCNG1	0.83
CPS4L_HUMAN	642843	CPSF4L	FIP1_HUMAN	81608	FIP1L1	0.83
F90A5_HUMAN	441315	FAM90A5P	F90A1_HUMAN	55138	FAM90A1	0.83
UPK3L_HUMAN	100134938	UPK3BL1	TSN17_HUMAN	26262	TSPAN17	0.83
CPS4L_HUMAN	642843	CPSF4L	BANP_HUMAN	54971	BANP	0.83
UPK3L_HUMAN	100134938	UPK3BL1	CC50A_HUMAN	55754	TMEM30A	0.83
UPK3L_HUMAN	100134938	UPK3BL1	KCNS3_HUMAN	3790	KCNS3	0.82
UPK3L_HUMAN	100134938	UPK3BL1	I20RA_HUMAN	53832	IL20RA	0.82
UPK3L_HUMAN	100134938	UPK3BL1	FSHR_HUMAN	2492	FSHR	0.82
UPK3L_HUMAN	100134938	UPK3BL1	ZNRF4_HUMAN	148066	ZNRF4	0.82
UPK3L_HUMAN	100134938	UPK3BL1	TEX28_HUMAN	1527	TEX28	0.82
UPK3L_HUMAN	100134938	UPK3BL1	PXDC2_HUMAN	84898	PLXDC2	0.82
UPK3L_HUMAN	100134938	UPK3BL1	ICOSL_HUMAN	23308	ICOSLG	0.82
CQ105_HUMAN	284067	CFAP97D1	CYTM_HUMAN	1474	CST6	0.82
UPK3L_HUMAN	100134938	UPK3BL1	LRRT1_HUMAN	347730	LRRTM1	0.82
CQ105_HUMAN	284067	CFAP97D1	CALL3_HUMAN	810	CALML3	0.82
UPK3L_HUMAN	100134938	UPK3BL1	TMPS3_HUMAN	64699	TMPRSS3	0.82
CQ105_HUMAN	284067	CFAP97D1	S10A2_HUMAN	6273	S100A2	0.82
UPK3L_HUMAN	100134938	UPK3BL1	PCDBG_HUMAN	57717	PCDHB16	0.82
UPK3L_HUMAN	100134938	UPK3BL1	ACCN4_HUMAN	55515	ASIC4	0.73
TR64C_HUMAN	646754	TRIM64C	MIC19_HUMAN	54927	CHCHD3	0.72
GLOD5_HUMAN	392465	GLOD5	HDAC6_HUMAN	10013	HDAC6	0.72
CPS4L_HUMAN	642843	CPSF4L	AP2A2_HUMAN	161	AP2A2	0.72
CQ051_HUMAN	339263	C17orf51	CH10_HUMAN	3336	HSPE1	0.72
GOG8C_HUMAN	729786	GOLGA8CP	HNRPU_HUMAN	3192	HNRNPU	0.72
CQ105_HUMAN	284067	CFAP97D1	TPM2_HUMAN	7169	TPM2	0.72
UPK3L_HUMAN	100134938	UPK3BL1	TMED6_HUMAN	146456	TMED6	0.72
D42E2_HUMAN	100288072	SDR42E2	NUMA1_HUMAN	4926	NUMA1	0.72
PC4L1_HUMAN	654790	PCP4L1	IQCB1_HUMAN	9657	IQCB1	0.72
PC4L1_HUMAN	654790	PCP4L1	H12_HUMAN	3006	HIST1H1C	0.72
F177B_HUMAN	400823	FAM177B	TMCO1_HUMAN	54499	TMCO1	0.72
D42E2_HUMAN	100288072	SDR42E2	MYLK_HUMAN	4638	MYLK	0.72
F177B_HUMAN	400823	FAM177B	RS16_HUMAN	6217	RPS16	0.72
CO061_HUMAN	145853	C15orf61	VIPR2_HUMAN	7434	VIPR2	0.72
TM14D_HUMAN	645203	TMEM14DP	SH2D3_HUMAN	10044	SH2D3C	0.72
VTM2B_HUMAN	342865	VSTM2B	TCOF_HUMAN	6949	TCOF1	0.72
CQ105_HUMAN	284067	CFAP97D1	PPIB_HUMAN	5479	PPIB	0.72
CP096_HUMAN	342346	C16orf96	PP1A_HUMAN	5499	PPP1CA	0.68
HIDE1_HUMAN	255809	C19orf38	DYHC2_HUMAN	79659	DYNC2H1	0.63
HIDE1_HUMAN	255809	C19orf38	VPS8_HUMAN	23355	VPS8	0.63
CQ051_HUMAN	339263	C17orf51	TRI25_HUMAN	7706	TRIM25	0.63
UPK3L_HUMAN	100134938	UPK3BL1	I22R1_HUMAN	58985	IL22RA1	0.63
ZN724_HUMAN			ZN512_HUMAN	84450	ZNF512	0.63
HIDE1_HUMAN	255809	C19orf38	ABCB8_HUMAN	11194	ABCB8	0.63
HIDE1_HUMAN	255809	C19orf38	CIP2A_HUMAN	57650	CIP2A	0.63
HIDE1_HUMAN	255809	C19orf38	HIP1R_HUMAN	9026	HIP1R	0.63
UPK3L_HUMAN	100134938	UPK3BL1	F1892_HUMAN	9413	FAM189A2	0.63
HIDE1_HUMAN	255809	C19orf38	DIAP3_HUMAN	81624	DIAPH3	0.63
HIDE1_HUMAN	255809	C19orf38	ORC5_HUMAN	5001	ORC5	0.63
CQ105_HUMAN	284067	CFAP97D1	ACADV_HUMAN	37	ACADVL	0.63
LRC53_HUMAN	100144878	LRRC53	OBSL1_HUMAN	23363	OBSL1	0.63
F196B_HUMAN	100131897	INSYN2B	PSDE_HUMAN	10213	PSMD14	0.63
HIDE1_HUMAN	255809	C19orf38	TBC17_HUMAN	79735	TBC1D17	0.63
HIDE1_HUMAN	255809	C19orf38	CNDD3_HUMAN	23310	NCAPD3	0.63
TR64C_HUMAN	646754	TRIM64C	LRC31_HUMAN	79782	LRRC31	0.63
UPK3L_HUMAN	100134938	UPK3BL1	KCMB3_HUMAN	27094	KCNMB3	0.63
ZN724_HUMAN			A4_HUMAN	351	APP	0.63
HIDE1_HUMAN	255809	C19orf38	SNF8_HUMAN	11267	SNF8	0.63
HIDE1_HUMAN	255809	C19orf38	RN213_HUMAN	57674	RNF213	0.63
HIDE1_HUMAN	255809	C19orf38	KS6A5_HUMAN	9252	RPS6KA5	0.63
HIDE1_HUMAN	255809	C19orf38	CTR3_HUMAN	84889	SLC7A3	0.63
HIDE1_HUMAN	255809	C19orf38	CTR2_HUMAN	6542	SLC7A2	0.63
LRC53_HUMAN	100144878	LRRC53	FBXW8_HUMAN	26259	FBXW8	0.63
SRRM5_HUMAN	100170229	SRRM5	LRC59_HUMAN	55379	LRRC59	0.63
HIDE1_HUMAN	255809	C19orf38	XPO4_HUMAN	64328	XPO4	0.63
HIDE1_HUMAN	255809	C19orf38	TNPO3_HUMAN	23534	TNPO3	0.63
CQ051_HUMAN	339263	C17orf51	DDX58_HUMAN	23586	DDX58	0.63
TR64C_HUMAN	646754	TRIM64C	GCR_HUMAN	2908	NR3C1	0.63
UPK3L_HUMAN	100134938	UPK3BL1	TS1R2_HUMAN	80834	TAS1R2	0.63
HIDE1_HUMAN	255809	C19orf38	YIF1A_HUMAN	10897	YIF1A	0.63
HIDE1_HUMAN	255809	C19orf38	KDIS_HUMAN	57498	KIDINS220	0.63
HIDE1_HUMAN	255809	C19orf38	ST17B_HUMAN	9262	STK17B	0.63
GOG8C_HUMAN	729786	GOLGA8CP		283768	GOLGA8G	0.63
UPK3L_HUMAN	100134938	UPK3BL1	SRPRB_HUMAN	58477	SRPRB	0.63
CENP1_HUMAN	92806	CENPBD1	VIR_HUMAN	25962	VIRMA	0.63
HIDE1_HUMAN	255809	C19orf38	ZDH18_HUMAN	84243	ZDHHC18	0.63
HIDE1_HUMAN	255809	C19orf38	TYK2_HUMAN	7297	TYK2	0.63
CQ105_HUMAN	284067	CFAP97D1	BCL6_HUMAN	604	BCL6	0.63
MPTX_HUMAN			AT2A2_HUMAN	488	ATP2A2	0.63
T200C_HUMAN	645369	TMEM200C	NEK4_HUMAN	6787	NEK4	0.63
CX064_HUMAN	100130613	PRR32	YTHD1_HUMAN	54915	YTHDF1	0.63
HIDE1_HUMAN	255809	C19orf38	CND3_HUMAN	64151	NCAPG	0.63
HIDE1_HUMAN	255809	C19orf38	TBCD9_HUMAN	23158	TBC1D9	0.63
CQ051_HUMAN	339263	C17orf51	HNRH1_HUMAN	3187	HNRNPH1	0.63
UPK3L_HUMAN	100134938	UPK3BL1	CQ109_HUMAN	643008	SMIM5	0.63
ZN891_HUMAN			G3P_HUMAN	2597	GAPDH	0.63
HIDE1_HUMAN	255809	C19orf38	SMC2_HUMAN	10592	SMC2	0.63
HIDE1_HUMAN	255809	C19orf38	XPO5_HUMAN	57510	XPO5	0.63
HIDE1_HUMAN	255809	C19orf38	XPR1_HUMAN	9213	XPR1	0.63
HIDE1_HUMAN	255809	C19orf38	KRA11_HUMAN	81851	KRTAP1-1	0.63
UPK3L_HUMAN	100134938	UPK3BL1	TRML2_HUMAN	79865	TREML2	0.63
CENP1_HUMAN	92806	CENPBD1	DDX58_HUMAN	23586	DDX58	0.63
HIDE1_HUMAN	255809	C19orf38	CCYL1_HUMAN	151195	CCNYL1	0.63
HIDE1_HUMAN	255809	C19orf38	SAAL1_HUMAN	113174	SAAL1	0.63
CB074_HUMAN	339804	C2orf74	POTE1_HUMAN	25913	POT1	0.63
PATE3_HUMAN	100169851	PATE3	SUMO2_HUMAN	6613	SUMO2	0.63
ZN724_HUMAN			CBX5_HUMAN	23468	CBX5	0.63
CX064_HUMAN	100130613	PRR32	HNRPF_HUMAN	3185	HNRNPF	0.63
HIDE1_HUMAN	255809	C19orf38	T120B_HUMAN	144404	TMEM120B	0.63
HIDE1_HUMAN	255809	C19orf38	PDS5A_HUMAN	23244	PDS5A	0.63
UPK3L_HUMAN	100134938	UPK3BL1	VSIG4_HUMAN	11326	VSIG4	0.63
UPK3L_HUMAN	100134938	UPK3BL1	TTMP_HUMAN	79669	C3orf52	0.63
ZN891_HUMAN			PSME3_HUMAN	10197	PSME3	0.63
HIDE1_HUMAN	255809	C19orf38	MD2L2_HUMAN	10459	MAD2L2	0.63
HIDE1_HUMAN	255809	C19orf38	INT2_HUMAN	57508	INTS2	0.63
HIDE1_HUMAN	255809	C19orf38	UBE4A_HUMAN	9354	UBE4A	0.63
HIDE1_HUMAN	255809	C19orf38	ALKB7_HUMAN	84266	ALKBH7	0.63
CP096_HUMAN	342346	C16orf96	ABCE1_HUMAN	6059	ABCE1	0.63
HIDE1_HUMAN	255809	C19orf38	IPIL1_HUMAN	150771	ITPRIPL1	0.63
HIDE1_HUMAN	255809	C19orf38	COT2_HUMAN	7026	NR2F2	0.63
CC070_HUMAN	285382	C3orf70	RBM3_HUMAN	5935	RBM3	0.63
CX064_HUMAN	100130613	PRR32	DTX2_HUMAN	113878	DTX2	0.63
HIDE1_HUMAN	255809	C19orf38	HEAT3_HUMAN	55027	HEATR3	0.63
HIDE1_HUMAN	255809	C19orf38	PDS5B_HUMAN	23047	PDS5B	0.63
D42E2_HUMAN	100288072	SDR42E2	VRK1_HUMAN	7443	VRK1	0.63
UPK3L_HUMAN	100134938	UPK3BL1	HECA2_HUMAN	253012	HEPACAM2	0.63
UPK3L_HUMAN	100134938	UPK3BL1	AVR2B_HUMAN	93	ACVR2B	0.63
HIDE1_HUMAN	255809	C19orf38	GCP3_HUMAN	10426	TUBGCP3	0.63
HIDE1_HUMAN	255809	C19orf38	DFNA5_HUMAN	1687	GSDME	0.63
HIDE1_HUMAN	255809	C19orf38	MRRP3_HUMAN	9692	KIAA0391	0.63
HIDE1_HUMAN	255809	C19orf38	TTPAL_HUMAN	79183	TTPAL	0.63
CB074_HUMAN	339804	C2orf74	SMAGP_HUMAN	57228	SMAGP	0.63
HIDE1_HUMAN	255809	C19orf38	CCNY_HUMAN	219771	CCNY	0.63
HIDE1_HUMAN	255809	C19orf38	OMA1_HUMAN	115209	OMA1	0.63
ZN724_HUMAN			DHRS2_HUMAN	10202	DHRS2	0.63
CX064_HUMAN	100130613	PRR32	FBLN4_HUMAN	30008	EFEMP2	0.63
HIDE1_HUMAN	255809	C19orf38	DEP1A_HUMAN	55635	DEPDC1	0.63
HIDE1_HUMAN	255809	C19orf38	MON2_HUMAN	23041	MON2	0.63
UPK3L_HUMAN	100134938	UPK3BL1	SCAP_HUMAN	22937	SCAP	0.63
HIDE1_HUMAN	255809	C19orf38	T183A_HUMAN	92703	TMEM183A	0.63
HIDE1_HUMAN	255809	C19orf38	DPH1_HUMAN	1801	DPH1	0.63
HIDE1_HUMAN	255809	C19orf38	UBE3C_HUMAN	9690	UBE3C	0.63
HIDE1_HUMAN	255809	C19orf38	HRSL1_HUMAN	57110	HRASLS	0.63
CP096_HUMAN	342346	C16orf96	SP100_HUMAN	6672	SP100	0.63
HIDE1_HUMAN	255809	C19orf38	THADA_HUMAN	63892	THADA	0.63
HIDE1_HUMAN	255809	C19orf38	RRP1_HUMAN	8568	RRP1	0.63
CF176_HUMAN	90632	LINC00473	CEBPB_HUMAN	1051	CEBPB	0.63
RL37L_HUMAN			PDIA6_HUMAN	10130	PDIA6	0.63
UPK3L_HUMAN	100134938	UPK3BL1	ASIC4_HUMAN	55515	ASIC4	0.63
ZN724_HUMAN			TNR3_HUMAN	4055	LTBR	0.63
HIDE1_HUMAN	255809	C19orf38	DAAF5_HUMAN	54919	DNAAF5	0.63
HIDE1_HUMAN	255809	C19orf38	SETX_HUMAN	23064	SETX	0.63
UPK3L_HUMAN	100134938	UPK3BL1	SACA1_HUMAN	81833	SPACA1	0.63
UPK3L_HUMAN	100134938	UPK3BL1	TA2R_HUMAN	6915	TBXA2R	0.63
HIDE1_HUMAN	255809	C19orf38	INT4_HUMAN	92105	INTS4	0.63
HIDE1_HUMAN	255809	C19orf38	TNPO2_HUMAN	30000	TNPO2	0.63
HIDE1_HUMAN	255809	C19orf38	CKAP5_HUMAN	9793	CKAP5	0.63
HIDE1_HUMAN	255809	C19orf38	DNJC5_HUMAN	80331	DNAJC5	0.63
CP096_HUMAN	342346	C16orf96	BRD1_HUMAN	23774	BRD1	0.63
HIDE1_HUMAN	255809	C19orf38	GPC5B_HUMAN	51704	GPRC5B	0.63
HIDE1_HUMAN	255809	C19orf38	KCC1A_HUMAN	8536	CAMK1	0.63
SPDE3_HUMAN	441272	SPDYE3		441251	SPDYE7P	0.63
UPK3L_HUMAN	100134938	UPK3BL1	RN149_HUMAN	284996	RNF149	0.63
ZN724_HUMAN			CDX1_HUMAN	1044	CDX1	0.63
HIDE1_HUMAN	255809	C19orf38	ANM9_HUMAN	90826	PRMT9	0.63
HIDE1_HUMAN	255809	C19orf38	CNDG2_HUMAN	54892	NCAPG2	0.63
HIDE1_HUMAN	255809	C19orf38	TBC9B_HUMAN	23061	TBC1D9B	0.63
F177B_HUMAN	400823	FAM177B	DDX58_HUMAN	23586	DDX58	0.63
UPK3L_HUMAN	100134938	UPK3BL1	TX264_HUMAN	51368	TEX264	0.63
UPK3L_HUMAN	100134938	UPK3BL1	PCDB6_HUMAN	56130	PCDHB6	0.63
HIDE1_HUMAN	255809	C19orf38	TTYH3_HUMAN	80727	TTYH3	0.63
HIDE1_HUMAN	255809	C19orf38	COX1_HUMAN	4512	COX1	0.63
K220L_HUMAN	23117	NPIPB3	FEZ1_HUMAN	9638	FEZ1	0.63
CP096_HUMAN	342346	C16orf96	TRI66_HUMAN	9866	TRIM66	0.63
HIDE1_HUMAN	255809	C19orf38	NUP85_HUMAN	79902	NUP85	0.63
HIDE1_HUMAN	255809	C19orf38	RBGP1_HUMAN	23637	RABGAP1	0.63
CO061_HUMAN	145853	C15orf61	TNIP2_HUMAN	79155	TNIP2	0.63
UPK3L_HUMAN	100134938	UPK3BL1	EDAR_HUMAN	10913	EDAR	0.63
ZN724_HUMAN			H1T_HUMAN	3010	HIST1H1T	0.63
HIDE1_HUMAN	255809	C19orf38	LTN1_HUMAN	26046	LTN1	0.63
HIDE1_HUMAN	255809	C19orf38	AT2B4_HUMAN	493	ATP2B4	0.63
HIDE1_HUMAN	255809	C19orf38	RBG1L_HUMAN	9910	RABGAP1L	0.63
HIDE1_HUMAN	255809	C19orf38	S39A3_HUMAN	29985	SLC39A3	0.63
HIDE1_HUMAN	255809	C19orf38	NF1_HUMAN	4763	NF1	0.63
HIDE1_HUMAN	255809	C19orf38	NLRX1_HUMAN	79671	NLRX1	0.63
HIDE1_HUMAN	255809	C19orf38	UBP24_HUMAN	23358	USP24	0.63
CO061_HUMAN	145853	C15orf61	CTLA4_HUMAN	1493	CTLA4	0.63
TR64C_HUMAN	646754	TRIM64C	UBD_HUMAN	10537	UBD	0.63
UPK3L_HUMAN	100134938	UPK3BL1	RXFP1_HUMAN	59350	RXFP1	0.63
ZN724_HUMAN			TIM50_HUMAN	92609	TIMM50	0.63
HIDE1_HUMAN	255809	C19orf38	CYFP2_HUMAN	26999	CYFIP2	0.63
HIDE1_HUMAN	255809	C19orf38	AT2B2_HUMAN	491	ATP2B2	0.63
HIDE1_HUMAN	255809	C19orf38	KIF14_HUMAN	9928	KIF14	0.63
NTM2B_HUMAN	729262	NUTM2B	ATX1_HUMAN	6310	ATXN1	0.63
WDR64_HUMAN	128025	WDR64	GCR_HUMAN	2908	NR3C1	0.63
HIDE1_HUMAN	255809	C19orf38	CNDH2_HUMAN	29781	NCAPH2	0.63
HIDE1_HUMAN	255809	C19orf38	PRKDC_HUMAN	5591	PRKDC	0.63
K220L_HUMAN	23117	NPIPB3	DX39A_HUMAN	10212	DDX39A	0.63
EVPLL_HUMAN	645027	EVPLL	CIC_HUMAN	23152	CIC	0.63
