didn't find C9J2Z1 in the database, skipped it
didn't find C9J2Z4 in the database, skipped it
didn't find C9J2Z5 in the database, skipped it
didn't find C9J2Z6 in the database, skipped it
didn't find C9J2Z7 in the database, skipped it
didn't find C9J2Z9 in the database, skipped it
didn't find C9J300 in the database, skipped it
didn't find C9J306 in the database, skipped it
didn't find C9J311 in the database, skipped it
didn't find C9J315 in the database, skipped it
didn't find C9J316 in the database, skipped it
didn't find C9J317 in the database, skipped it
didn't find C9J321 in the database, skipped it
didn't find C9J323 in the database, skipped it
didn't find C9J326 in the database, skipped it
didn't find C9J329 in the database, skipped it
didn't find C9J331 in the database, skipped it
didn't find C9J345 in the database, skipped it
didn't find C9J347 in the database, skipped it
didn't find C9J348 in the database, skipped it
didn't find C9J359 in the database, skipped it
didn't find C9J361 in the database, skipped it
didn't find C9J363 in the database, skipped it
didn't find C9J366 in the database, skipped it
didn't find C9J367 in the database, skipped it
didn't find C9J368 in the database, skipped it
didn't find C9J370 in the database, skipped it
didn't find C9J372 in the database, skipped it
didn't find C9J379 in the database, skipped it
didn't find C9J384 in the database, skipped it
didn't find C9J388 in the database, skipped it
didn't find C9J391 in the database, skipped it
didn't find C9J392 in the database, skipped it
didn't find C9J397 in the database, skipped it
didn't find C9J3A0 in the database, skipped it
didn't find C9J3B5 in the database, skipped it
didn't find C9J3B6 in the database, skipped it
didn't find C9J3B7 in the database, skipped it
didn't find C9J3C8 in the database, skipped it
didn't find C9J3D4 in the database, skipped it
didn't find C9J3D9 in the database, skipped it
didn't find C9J3E2 in the database, skipped it
didn't find C9J3E7 in the database, skipped it
didn't find C9J3F1 in the database, skipped it
didn't find C9J3F5 in the database, skipped it
didn't find C9J3F7 in the database, skipped it
didn't find C9J3F8 in the database, skipped it
didn't find C9J3G1 in the database, skipped it
didn't find C9J3G2 in the database, skipped it
didn't find C9J3G5 in the database, skipped it
didn't find C9J3G7 in the database, skipped it
didn't find C9J3H2 in the database, skipped it
didn't find C9J3I0 in the database, skipped it
didn't find C9J3I1 in the database, skipped it
didn't find C9J3I2 in the database, skipped it
didn't find C9J3J1 in the database, skipped it
didn't find C9J3K5 in the database, skipped it
didn't find C9J3K8 in the database, skipped it
didn't find C9J3L0 in the database, skipped it
didn't find C9J3M0 in the database, skipped it
didn't find C9J3M4 in the database, skipped it
didn't find C9J3M5 in the database, skipped it
didn't find C9J3M6 in the database, skipped it
didn't find C9J3M8 in the database, skipped it
didn't find C9J3N5 in the database, skipped it
didn't find C9J3N8 in the database, skipped it
didn't find C9J3N9 in the database, skipped it
didn't find C9J3P4 in the database, skipped it
didn't find C9J3P7 in the database, skipped it
didn't find C9J3P9 in the database, skipped it
didn't find C9J3Q2 in the database, skipped it
didn't find C9J3Q3 in the database, skipped it
didn't find C9J3Q6 in the database, skipped it
didn't find C9J3Q8 in the database, skipped it
didn't find C9J3R0 in the database, skipped it
didn't find C9J3R1 in the database, skipped it
didn't find C9J3R7 in the database, skipped it
didn't find C9J3S1 in the database, skipped it
didn't find C9J3S3 in the database, skipped it
didn't find C9J3S8 in the database, skipped it
didn't find C9J3T2 in the database, skipped it
didn't find C9J3U1 in the database, skipped it
didn't find C9J3U9 in the database, skipped it
didn't find C9J3V0 in the database, skipped it
didn't find C9J3V1 in the database, skipped it
didn't find C9J3V3 in the database, skipped it
didn't find C9J3V9 in the database, skipped it
didn't find C9J3W3 in the database, skipped it
didn't find C9J3W4 in the database, skipped it
didn't find C9J3W6 in the database, skipped it
didn't find C9J3W8 in the database, skipped it
didn't find C9J3W9 in the database, skipped it
didn't find C9J3X8 in the database, skipped it
didn't find C9J3Y4 in the database, skipped it
didn't find C9J3Y6 in the database, skipped it
didn't find C9J3Z9 in the database, skipped it
didn't find C9J408 in the database, skipped it
didn't find C9J409 in the database, skipped it
didn't find C9J415 in the database, skipped it
didn't find C9J417 in the database, skipped it
didn't find C9J420 in the database, skipped it
didn't find C9J423 in the database, skipped it
didn't find C9J425 in the database, skipped it
didn't find C9J430 in the database, skipped it
didn't find C9J431 in the database, skipped it
didn't find C9J444 in the database, skipped it
didn't find C9J448 in the database, skipped it
didn't find C9J451 in the database, skipped it
didn't find C9J459 in the database, skipped it
didn't find C9J466 in the database, skipped it
didn't find C9J469 in the database, skipped it
didn't find C9J471 in the database, skipped it
didn't find C9J477 in the database, skipped it
didn't find C9J480 in the database, skipped it
didn't find C9J486 in the database, skipped it
didn't find C9J487 in the database, skipped it
didn't find C9J490 in the database, skipped it
didn't find C9J491 in the database, skipped it
didn't find C9J4A2 in the database, skipped it
didn't find C9J4A3 in the database, skipped it
didn't find C9J4A7 in the database, skipped it
didn't find C9J4B6 in the database, skipped it
didn't find C9J4B8 in the database, skipped it
didn't find C9J4C2 in the database, skipped it
didn't find C9J4C4 in the database, skipped it
didn't find C9J4C7 in the database, skipped it
didn't find C9J4D3 in the database, skipped it
didn't find C9J4E3 in the database, skipped it
didn't find C9J4E9 in the database, skipped it
didn't find C9J4F2 in the database, skipped it
didn't find C9J4F7 in the database, skipped it
didn't find C9J4G2 in the database, skipped it
didn't find C9J4G4 in the database, skipped it
didn't find C9J4G5 in the database, skipped it
didn't find C9J4G8 in the database, skipped it
didn't find C9J4G9 in the database, skipped it
didn't find C9J4H0 in the database, skipped it
didn't find C9J4H2 in the database, skipped it
didn't find C9J4H5 in the database, skipped it
didn't find C9J4H7 in the database, skipped it
didn't find C9J4I0 in the database, skipped it
didn't find C9J4I1 in the database, skipped it
didn't find C9J4I2 in the database, skipped it
didn't find C9J4I3 in the database, skipped it
didn't find C9J4I9 in the database, skipped it
didn't find C9J4J0 in the database, skipped it
didn't find C9J4J5 in the database, skipped it
didn't find C9J4J8 in the database, skipped it
didn't find C9J4J9 in the database, skipped it
didn't find C9J4K2 in the database, skipped it
didn't find C9J4K5 in the database, skipped it
didn't find C9J4K7 in the database, skipped it
didn't find C9J4L1 in the database, skipped it
didn't find C9J4L5 in the database, skipped it
didn't find C9J4L7 in the database, skipped it
didn't find C9J4M0 in the database, skipped it
didn't find C9J4M7 in the database, skipped it
didn't find C9J4M8 in the database, skipped it
didn't find C9J4N2 in the database, skipped it
didn't find C9J4P0 in the database, skipped it
didn't find C9J4P4 in the database, skipped it
didn't find C9J4Q0 in the database, skipped it
didn't find C9J4Q3 in the database, skipped it
didn't find C9J4Q7 in the database, skipped it
didn't find C9J4Q9 in the database, skipped it
didn't find C9J4R3 in the database, skipped it
didn't find C9J4S5 in the database, skipped it
didn't find C9J4S7 in the database, skipped it
didn't find C9J4S8 in the database, skipped it
didn't find C9J4T8 in the database, skipped it
didn't find C9J4U8 in the database, skipped it
didn't find C9J4V1 in the database, skipped it
didn't find C9J4W2 in the database, skipped it
didn't find C9J4W3 in the database, skipped it
didn't find C9J4X5 in the database, skipped it
didn't find C9J4X8 in the database, skipped it
didn't find C9J4Z0 in the database, skipped it
didn't find C9J4Z5 in the database, skipped it
didn't find C9J4Z8 in the database, skipped it
didn't find C9J4Z9 in the database, skipped it
didn't find C9J511 in the database, skipped it
didn't find C9J512 in the database, skipped it
didn't find C9J524 in the database, skipped it
didn't find C9J528 in the database, skipped it
didn't find C9J532 in the database, skipped it
didn't find C9J536 in the database, skipped it
didn't find C9J539 in the database, skipped it
didn't find C9J541 in the database, skipped it
didn't find C9J542 in the database, skipped it
didn't find C9J544 in the database, skipped it
didn't find C9J555 in the database, skipped it
didn't find C9J556 in the database, skipped it
didn't find C9J578 in the database, skipped it
didn't find C9J579 in the database, skipped it
didn't find C9J580 in the database, skipped it
didn't find C9J582 in the database, skipped it
didn't find C9J583 in the database, skipped it
didn't find C9J586 in the database, skipped it
didn't find C9J587 in the database, skipped it
didn't find C9J588 in the database, skipped it
didn't find C9J590 in the database, skipped it
didn't find C9J591 in the database, skipped it
didn't find C9J597 in the database, skipped it
didn't find C9J598 in the database, skipped it
didn't find C9J5A2 in the database, skipped it
didn't find C9J5A4 in the database, skipped it
didn't find C9J5A5 in the database, skipped it
didn't find C9J5A7 in the database, skipped it
didn't find C9J5B3 in the database, skipped it
didn't find C9J5B4 in the database, skipped it
didn't find C9J5B6 in the database, skipped it
didn't find C9J5B8 in the database, skipped it
didn't find C9J5C3 in the database, skipped it
didn't find C9J5C4 in the database, skipped it
didn't find C9J5C8 in the database, skipped it
didn't find C9J5D2 in the database, skipped it
didn't find C9J5D5 in the database, skipped it
didn't find C9J5E0 in the database, skipped it
didn't find C9J5E3 in the database, skipped it
didn't find C9J5E5 in the database, skipped it
didn't find C9J5E6 in the database, skipped it
didn't find C9J5F6 in the database, skipped it
didn't find C9J5F8 in the database, skipped it
didn't find C9J5F9 in the database, skipped it
didn't find C9J5G1 in the database, skipped it
didn't find C9J5G3 in the database, skipped it
didn't find C9J5G4 in the database, skipped it
didn't find C9J5G6 in the database, skipped it
didn't find C9J5G7 in the database, skipped it
didn't find C9J5G8 in the database, skipped it
didn't find C9J5H0 in the database, skipped it
didn't find C9J5H1 in the database, skipped it
didn't find C9J5H7 in the database, skipped it
didn't find C9J5H8 in the database, skipped it
didn't find C9J5I7 in the database, skipped it
didn't find C9J5I9 in the database, skipped it
didn't find C9J5J2 in the database, skipped it
didn't find C9J5J3 in the database, skipped it
didn't find C9J5K2 in the database, skipped it
didn't find C9J5K4 in the database, skipped it
didn't find C9J5K8 in the database, skipped it
didn't find C9J5L0 in the database, skipped it
didn't find C9J5L1 in the database, skipped it
didn't find C9J5L2 in the database, skipped it
didn't find C9J5M1 in the database, skipped it
didn't find C9J5M2 in the database, skipped it
didn't find C9J5P1 in the database, skipped it
didn't find C9J5P8 in the database, skipped it
didn't find C9J5R1 in the database, skipped it
didn't find C9J5R6 in the database, skipped it
didn't find C9J5S0 in the database, skipped it
didn't find C9J5S2 in the database, skipped it
didn't find C9J5S3 in the database, skipped it
didn't find C9J5S5 in the database, skipped it
didn't find C9J5S6 in the database, skipped it
didn't find C9J5S8 in the database, skipped it
didn't find C9J5S9 in the database, skipped it
didn't find C9J5T4 in the database, skipped it
didn't find C9J5U1 in the database, skipped it
didn't find C9J5U6 in the database, skipped it
didn't find C9J5V4 in the database, skipped it
didn't find C9J5V7 in the database, skipped it
didn't find C9J5V8 in the database, skipped it
didn't find C9J5W6 in the database, skipped it
didn't find C9J5W8 in the database, skipped it
didn't find C9J5W9 in the database, skipped it
didn't find C9J5X3 in the database, skipped it
didn't find C9J5X5 in the database, skipped it
didn't find C9J5X9 in the database, skipped it
didn't find C9J5Y6 in the database, skipped it
didn't find C9J5Z0 in the database, skipped it
didn't find C9J5Z5 in the database, skipped it
didn't find C9J600 in the database, skipped it
didn't find C9J601 in the database, skipped it
didn't find C9J605 in the database, skipped it
didn't find C9J608 in the database, skipped it
didn't find C9J609 in the database, skipped it
didn't find C9J610 in the database, skipped it
didn't find C9J611 in the database, skipped it
didn't find C9J614 in the database, skipped it
didn't find C9J618 in the database, skipped it
didn't find C9J620 in the database, skipped it
didn't find C9J622 in the database, skipped it
didn't find C9J623 in the database, skipped it
didn't find C9J624 in the database, skipped it
didn't find C9J625 in the database, skipped it
didn't find C9J627 in the database, skipped it
didn't find C9J628 in the database, skipped it
didn't find C9J636 in the database, skipped it
didn't find C9J644 in the database, skipped it
didn't find C9J647 in the database, skipped it
didn't find C9J648 in the database, skipped it
didn't find C9J649 in the database, skipped it
didn't find C9J652 in the database, skipped it
didn't find C9J654 in the database, skipped it
didn't find C9J659 in the database, skipped it
didn't find C9J660 in the database, skipped it
didn't find C9J668 in the database, skipped it
didn't find C9J670 in the database, skipped it
didn't find C9J673 in the database, skipped it
didn't find C9J679 in the database, skipped it
didn't find C9J681 in the database, skipped it
didn't find C9J682 in the database, skipped it
didn't find C9J683 in the database, skipped it
didn't find C9J685 in the database, skipped it
didn't find C9J686 in the database, skipped it
didn't find C9J695 in the database, skipped it
didn't find C9J6A1 in the database, skipped it
didn't find C9J6A7 in the database, skipped it
didn't find C9J6A9 in the database, skipped it
didn't find C9J6B0 in the database, skipped it
didn't find C9J6B1 in the database, skipped it
didn't find C9J6B2 in the database, skipped it
didn't find C9J6B4 in the database, skipped it
didn't find C9J6B5 in the database, skipped it
didn't find C9J6B6 in the database, skipped it
didn't find C9J6C1 in the database, skipped it
didn't find C9J6C2 in the database, skipped it
didn't find C9J6C4 in the database, skipped it
didn't find C9J6C5 in the database, skipped it
didn't find C9J6C9 in the database, skipped it
didn't find C9J6D1 in the database, skipped it
didn't find C9J6E4 in the database, skipped it
didn't find C9J6E5 in the database, skipped it
didn't find C9J6F3 in the database, skipped it
didn't find C9J6F4 in the database, skipped it
didn't find C9J6F5 in the database, skipped it
didn't find C9J6F8 in the database, skipped it
didn't find C9J6F9 in the database, skipped it
didn't find C9J6G2 in the database, skipped it
didn't find C9J6G3 in the database, skipped it
didn't find C9J6G4 in the database, skipped it
didn't find C9J6G8 in the database, skipped it
didn't find C9J6H0 in the database, skipped it
didn't find C9J6H4 in the database, skipped it
didn't find C9J6H5 in the database, skipped it
didn't find C9J6I5 in the database, skipped it
didn't find C9J6I7 in the database, skipped it
didn't find C9J6I8 in the database, skipped it
didn't find C9J6J1 in the database, skipped it
didn't find C9J6J2 in the database, skipped it
didn't find C9J6J8 in the database, skipped it
didn't find C9J6K3 in the database, skipped it
didn't find C9J6L2 in the database, skipped it
didn't find C9J6L5 in the database, skipped it
didn't find C9J6L7 in the database, skipped it
didn't find C9J6L8 in the database, skipped it
didn't find C9J6M0 in the database, skipped it
didn't find C9J6M1 in the database, skipped it
didn't find C9J6M2 in the database, skipped it
didn't find C9J6M9 in the database, skipped it
didn't find C9J6N2 in the database, skipped it
didn't find C9J6N3 in the database, skipped it
didn't find C9J6N5 in the database, skipped it
didn't find C9J6N7 in the database, skipped it
didn't find C9J6N8 in the database, skipped it
didn't find C9J6N9 in the database, skipped it
didn't find C9J6P1 in the database, skipped it
didn't find C9J6P5 in the database, skipped it
didn't find C9J6P7 in the database, skipped it
didn't find C9J6Q0 in the database, skipped it
didn't find C9J6Q2 in the database, skipped it
didn't find C9J6Q4 in the database, skipped it
didn't find C9J6R0 in the database, skipped it
didn't find C9J6S4 in the database, skipped it
didn't find C9J6S7 in the database, skipped it
didn't find C9J6S8 in the database, skipped it
didn't find C9J6T3 in the database, skipped it
didn't find C9J6U0 in the database, skipped it
didn't find C9J6U8 in the database, skipped it
didn't find C9J6V2 in the database, skipped it
didn't find C9J6V3 in the database, skipped it
didn't find C9J6V4 in the database, skipped it
didn't find C9J6W0 in the database, skipped it
didn't find C9J6W1 in the database, skipped it
didn't find C9J6X1 in the database, skipped it
didn't find C9J6X5 in the database, skipped it
didn't find C9J6X6 in the database, skipped it
didn't find C9J6X9 in the database, skipped it
didn't find C9J6Y3 in the database, skipped it
didn't find C9J6Y5 in the database, skipped it
didn't find C9J6Y6 in the database, skipped it
didn't find C9J6Y8 in the database, skipped it
didn't find C9J6Z1 in the database, skipped it
didn't find C9J6Z7 in the database, skipped it
didn't find C9J700 in the database, skipped it
didn't find C9J702 in the database, skipped it
didn't find C9J713 in the database, skipped it
didn't find C9J718 in the database, skipped it
didn't find C9J720 in the database, skipped it
didn't find C9J722 in the database, skipped it
didn't find C9J730 in the database, skipped it
didn't find C9J739 in the database, skipped it
didn't find C9J756 in the database, skipped it
didn't find C9J760 in the database, skipped it
didn't find C9J784 in the database, skipped it
didn't find C9J786 in the database, skipped it


uniprot id 1	entrez gene id 1	gene name 1	uniprot id 2	entrez gene id 2	gene name 2	score
CE058_HUMAN	133874	C5orf58	EIF3I_HUMAN	8668	EIF3I	0.72
