didn't find D6RIC3 in the database, skipped it
didn't find D6RID1 in the database, skipped it
didn't find D6RID6 in the database, skipped it
didn't find D6RIE3 in the database, skipped it
didn't find D6RIE8 in the database, skipped it
didn't find D6RIF6 in the database, skipped it
didn't find D6RIG4 in the database, skipped it
didn't find D6RIG5 in the database, skipped it
didn't find D6RIH7 in the database, skipped it
didn't find D6RIT0 in the database, skipped it
didn't find D6RIT9 in the database, skipped it
didn't find D6RIU5 in the database, skipped it
didn't find D6RIV2 in the database, skipped it
didn't find D6RIV9 in the database, skipped it
didn't find D6RIW8 in the database, skipped it
didn't find D6RIX0 in the database, skipped it
didn't find D6RIY6 in the database, skipped it
didn't find D6RIY7 in the database, skipped it
didn't find D6RIZ2 in the database, skipped it
didn't find D6RJ00 in the database, skipped it
didn't find D6RJ07 in the database, skipped it
didn't find D6RJ99 in the database, skipped it
didn't find D6RJA6 in the database, skipped it
didn't find D6RJA7 in the database, skipped it
didn't find D6RJC3 in the database, skipped it
didn't find D6RJC6 in the database, skipped it
didn't find D6RJD1 in the database, skipped it
didn't find D6RJE7 in the database, skipped it
didn't find D6RJF7 in the database, skipped it
didn't find D6RJF9 in the database, skipped it
didn't find D6RJG6 in the database, skipped it
didn't find D6RJG9 in the database, skipped it
didn't find D6RJH6 in the database, skipped it
didn't find D6RJH7 in the database, skipped it
didn't find D6RJI3 in the database, skipped it
didn't find D6W5Y5 in the database, skipped it
didn't find D7R525 in the database, skipped it
didn't find D7RIG5 in the database, skipped it
didn't find D8L7E9 in the database, skipped it
didn't find D9IDM5 in the database, skipped it
didn't find D9J307 in the database, skipped it
didn't find D9ZHQ6 in the database, skipped it
didn't find D9ZHQ7 in the database, skipped it
didn't find E0CX15 in the database, skipped it
didn't find E0YMI8 in the database, skipped it
didn't find E1CEI4 in the database, skipped it
didn't find E1P5H9 in the database, skipped it
didn't find E2QRB3 in the database, skipped it
didn't find E2QRD4 in the database, skipped it
didn't find E2QRF9 in the database, skipped it
didn't find E2QRG8 in the database, skipped it
didn't find E2QRP0 in the database, skipped it
didn't find E3W994 in the database, skipped it
didn't find E5G745 in the database, skipped it
didn't find E5KP25 in the database, skipped it
didn't find E5RFE0 in the database, skipped it
didn't find E5RFE2 in the database, skipped it
didn't find E5RFF3 in the database, skipped it
didn't find E5RFF6 in the database, skipped it
didn't find E5RFF9 in the database, skipped it
didn't find E5RFG0 in the database, skipped it
didn't find E5RFG9 in the database, skipped it
didn't find E5RFJ4 in the database, skipped it
didn't find E5RFJ9 in the database, skipped it
didn't find E5RFK0 in the database, skipped it
didn't find E5RFL3 in the database, skipped it
didn't find E5RFM9 in the database, skipped it
didn't find E5RFN6 in the database, skipped it
didn't find E5RFP0 in the database, skipped it
didn't find E5RFP6 in the database, skipped it
didn't find E5RFQ1 in the database, skipped it
didn't find E5RFQ9 in the database, skipped it
didn't find E5RFR0 in the database, skipped it
didn't find E5RFR2 in the database, skipped it
didn't find E5RFT4 in the database, skipped it
didn't find E5RFT7 in the database, skipped it
didn't find E5RFU3 in the database, skipped it
didn't find E5RFV4 in the database, skipped it
didn't find E5RFV7 in the database, skipped it
didn't find E5RFV8 in the database, skipped it
didn't find E5RFW4 in the database, skipped it
didn't find E5RFY0 in the database, skipped it
didn't find E5RFY4 in the database, skipped it
didn't find E5RFZ7 in the database, skipped it
didn't find E5RG03 in the database, skipped it
didn't find E5RG14 in the database, skipped it
didn't find E5RG17 in the database, skipped it
didn't find E5RG19 in the database, skipped it
didn't find E5RG20 in the database, skipped it
didn't find E5RG29 in the database, skipped it
didn't find E5RG32 in the database, skipped it
didn't find E5RG34 in the database, skipped it
didn't find E5RG43 in the database, skipped it
didn't find E5RG47 in the database, skipped it
didn't find E5RG56 in the database, skipped it
didn't find E5RG57 in the database, skipped it
didn't find E5RG59 in the database, skipped it
didn't find E5RG74 in the database, skipped it
didn't find E5RG75 in the database, skipped it
didn't find E5RG95 in the database, skipped it
didn't find E5RGB0 in the database, skipped it
didn't find E5RGB7 in the database, skipped it
didn't find E5RGC1 in the database, skipped it
didn't find E5RGD2 in the database, skipped it
didn't find E5RGE4 in the database, skipped it
didn't find E5RGE8 in the database, skipped it
didn't find E5RGF1 in the database, skipped it
didn't find E5RGF2 in the database, skipped it
didn't find E5RGG1 in the database, skipped it
didn't find E5RGG7 in the database, skipped it
didn't find E5RGG8 in the database, skipped it
didn't find E5RGH2 in the database, skipped it
didn't find E5RGJ2 in the database, skipped it
didn't find E5RGJ6 in the database, skipped it
didn't find E5RGK5 in the database, skipped it
didn't find E5RGM7 in the database, skipped it
didn't find E5RGM8 in the database, skipped it
didn't find E5RGN0 in the database, skipped it
didn't find E5RGN3 in the database, skipped it
didn't find E5RGR5 in the database, skipped it
didn't find E5RGS2 in the database, skipped it
didn't find E5RGS4 in the database, skipped it
didn't find E5RGT8 in the database, skipped it
didn't find E5RGT9 in the database, skipped it
didn't find E5RGW5 in the database, skipped it
didn't find E5RGX5 in the database, skipped it
didn't find E5RGY0 in the database, skipped it
didn't find E5RGY3 in the database, skipped it
didn't find E5RGY4 in the database, skipped it
didn't find E5RGY6 in the database, skipped it
didn't find E5RGY7 in the database, skipped it
didn't find E5RGY9 in the database, skipped it
didn't find E5RGZ1 in the database, skipped it
didn't find E5RGZ2 in the database, skipped it
didn't find E5RH05 in the database, skipped it
didn't find E5RH28 in the database, skipped it
didn't find E5RH35 in the database, skipped it
didn't find E5RH41 in the database, skipped it
didn't find E5RH53 in the database, skipped it
didn't find E5RH60 in the database, skipped it
didn't find E5RH61 in the database, skipped it
didn't find E5RH64 in the database, skipped it
didn't find E5RH72 in the database, skipped it
didn't find E5RH73 in the database, skipped it
didn't find E5RHC2 in the database, skipped it
didn't find E5RHD2 in the database, skipped it
didn't find E5RHD4 in the database, skipped it
didn't find E5RHE1 in the database, skipped it
didn't find E5RHE9 in the database, skipped it
didn't find E5RHF4 in the database, skipped it
didn't find E5RHG6 in the database, skipped it
didn't find E5RHG9 in the database, skipped it
didn't find E5RHH3 in the database, skipped it
didn't find E5RHH4 in the database, skipped it
didn't find E5RHK6 in the database, skipped it
didn't find E5RHK8 in the database, skipped it
didn't find E5RHL1 in the database, skipped it
didn't find E5RHL9 in the database, skipped it
didn't find E5RHM2 in the database, skipped it
didn't find E5RHM4 in the database, skipped it
didn't find E5RHN4 in the database, skipped it
didn't find E5RHN7 in the database, skipped it
didn't find E5RHN8 in the database, skipped it
didn't find E5RHP0 in the database, skipped it
didn't find E5RHP3 in the database, skipped it
didn't find E5RHP6 in the database, skipped it
didn't find E5RHQ1 in the database, skipped it
didn't find E5RHQ5 in the database, skipped it
didn't find E5RHS3 in the database, skipped it
didn't find E5RHS6 in the database, skipped it
didn't find E5RHT1 in the database, skipped it
didn't find E5RHT4 in the database, skipped it
didn't find E5RHU3 in the database, skipped it
didn't find E5RHU8 in the database, skipped it
didn't find E5RHV7 in the database, skipped it
didn't find E5RHW0 in the database, skipped it
didn't find E5RHW5 in the database, skipped it
didn't find E5RHW9 in the database, skipped it
didn't find E5RHX6 in the database, skipped it
didn't find E5RHZ0 in the database, skipped it
didn't find E5RHZ6 in the database, skipped it
didn't find E5RHZ7 in the database, skipped it
didn't find E5RI05 in the database, skipped it
didn't find E5RI09 in the database, skipped it
didn't find E5RI22 in the database, skipped it
didn't find E5RI45 in the database, skipped it
didn't find E5RI56 in the database, skipped it
didn't find E5RI57 in the database, skipped it
didn't find E5RI59 in the database, skipped it
didn't find E5RI60 in the database, skipped it
didn't find E5RI64 in the database, skipped it
didn't find E5RI92 in the database, skipped it
didn't find E5RI94 in the database, skipped it
didn't find E5RI97 in the database, skipped it
didn't find E5RI98 in the database, skipped it
didn't find E5RI99 in the database, skipped it
didn't find E5RIA4 in the database, skipped it
didn't find E5RIB5 in the database, skipped it
didn't find E5RIB6 in the database, skipped it
didn't find E5RIC9 in the database, skipped it
didn't find E5RID5 in the database, skipped it
didn't find E5RIE0 in the database, skipped it
didn't find E5RIE8 in the database, skipped it
didn't find E5RIF7 in the database, skipped it
didn't find E5RIG2 in the database, skipped it
didn't find E5RIG3 in the database, skipped it
didn't find E5RIG8 in the database, skipped it
didn't find E5RIJ3 in the database, skipped it
didn't find E5RIK2 in the database, skipped it
didn't find E5RIK9 in the database, skipped it
didn't find E5RIL0 in the database, skipped it
didn't find E5RIL1 in the database, skipped it
didn't find E5RIL2 in the database, skipped it
didn't find E5RIL3 in the database, skipped it
didn't find E5RIL9 in the database, skipped it
didn't find E5RIM7 in the database, skipped it
didn't find E5RIP6 in the database, skipped it
didn't find E5RIP7 in the database, skipped it
didn't find E5RIQ0 in the database, skipped it
didn't find E5RIU4 in the database, skipped it
didn't find E5RIU6 in the database, skipped it
didn't find E5RIV2 in the database, skipped it
didn't find E5RIW4 in the database, skipped it
didn't find E5RIW9 in the database, skipped it
didn't find E5RIX1 in the database, skipped it
didn't find E5RIX8 in the database, skipped it
didn't find E5RIY0 in the database, skipped it
didn't find E5RIY8 in the database, skipped it
didn't find E5RIY9 in the database, skipped it
didn't find E5RIZ4 in the database, skipped it
didn't find E5RIZ8 in the database, skipped it
didn't find E5RJ09 in the database, skipped it
didn't find E5RJ35 in the database, skipped it
didn't find E5RJ37 in the database, skipped it
didn't find E5RJ72 in the database, skipped it
didn't find E5RJ86 in the database, skipped it
didn't find E5RJ95 in the database, skipped it
didn't find E5RJA8 in the database, skipped it
didn't find E5RJB8 in the database, skipped it
didn't find E5RJC5 in the database, skipped it
didn't find E5RJF5 in the database, skipped it
didn't find E5RJH4 in the database, skipped it
didn't find E5RJH9 in the database, skipped it
didn't find E5RJI0 in the database, skipped it
didn't find E5RJK1 in the database, skipped it
didn't find E5RJK4 in the database, skipped it
didn't find E5RJK5 in the database, skipped it
didn't find E5RJL1 in the database, skipped it
didn't find E5RJL2 in the database, skipped it
didn't find E5RJM2 in the database, skipped it
didn't find E5RJN3 in the database, skipped it
didn't find E5RJN6 in the database, skipped it
didn't find E5RJP4 in the database, skipped it
didn't find E5RJP8 in the database, skipped it
didn't find E5RJR0 in the database, skipped it
didn't find E5RJR3 in the database, skipped it
didn't find E5RJR5 in the database, skipped it
didn't find E5RJS6 in the database, skipped it
didn't find E5RJS9 in the database, skipped it
didn't find E5RJU9 in the database, skipped it
didn't find E5RJW1 in the database, skipped it
didn't find E5RJW4 in the database, skipped it
didn't find E5RJZ5 in the database, skipped it
didn't find E5RJZ7 in the database, skipped it
didn't find E5RK00 in the database, skipped it
didn't find E5RK21 in the database, skipped it
didn't find E5RK25 in the database, skipped it
didn't find E5RK26 in the database, skipped it
didn't find E5RK27 in the database, skipped it
didn't find E5RK37 in the database, skipped it
didn't find E5RK41 in the database, skipped it
didn't find E5RK45 in the database, skipped it
didn't find E5RK60 in the database, skipped it
didn't find E5RK63 in the database, skipped it
didn't find E5RK69 in the database, skipped it
didn't find E5RK87 in the database, skipped it
didn't find E5RKA6 in the database, skipped it
didn't find E6Y365 in the database, skipped it
didn't find E6ZCI6 in the database, skipped it
didn't find E7DBM8 in the database, skipped it
didn't find E7EM50 in the database, skipped it
didn't find E7EM53 in the database, skipped it
didn't find E7EM56 in the database, skipped it
didn't find E7EM58 in the database, skipped it
didn't find E7EM64 in the database, skipped it
didn't find E7EM78 in the database, skipped it
didn't find E7EM83 in the database, skipped it
didn't find E7EM97 in the database, skipped it
didn't find E7EMA9 in the database, skipped it
didn't find E7EMB1 in the database, skipped it
didn't find E7EMB6 in the database, skipped it
didn't find E7EMB8 in the database, skipped it
didn't find E7EMC6 in the database, skipped it
didn't find E7EMD6 in the database, skipped it
didn't find E7EMF1 in the database, skipped it
didn't find E7EMG8 in the database, skipped it
didn't find E7EMH4 in the database, skipped it
didn't find E7EMH9 in the database, skipped it
didn't find E7EMK3 in the database, skipped it
didn't find E7EMN2 in the database, skipped it
didn't find E7EMN6 in the database, skipped it
didn't find E7EMR3 in the database, skipped it
didn't find E7EMS2 in the database, skipped it
didn't find E7EMT0 in the database, skipped it
didn't find E7EMV8 in the database, skipped it
didn't find E7EMW0 in the database, skipped it
didn't find E7EMX4 in the database, skipped it
didn't find E7EMZ9 in the database, skipped it
didn't find E7EN01 in the database, skipped it
didn't find E7EN19 in the database, skipped it
didn't find E7EN24 in the database, skipped it
didn't find E7EN28 in the database, skipped it
didn't find E7EN32 in the database, skipped it
didn't find E7EN38 in the database, skipped it
didn't find E7EN51 in the database, skipped it
didn't find E7EN65 in the database, skipped it
didn't find E7EN73 in the database, skipped it
didn't find E7EN77 in the database, skipped it
didn't find E7EN81 in the database, skipped it
didn't find E7EN95 in the database, skipped it
didn't find E7EN96 in the database, skipped it
didn't find E7ENA5 in the database, skipped it
didn't find E7ENC1 in the database, skipped it
didn't find E7ENC5 in the database, skipped it
didn't find E7ENE5 in the database, skipped it
didn't find E7ENF1 in the database, skipped it
didn't find E7ENF2 in the database, skipped it
didn't find E7ENF8 in the database, skipped it
didn't find E7ENI1 in the database, skipped it
didn't find E7ENI9 in the database, skipped it
didn't find E7ENJ6 in the database, skipped it
didn't find E7ENK1 in the database, skipped it
didn't find E7ENM0 in the database, skipped it
didn't find E7ENQ1 in the database, skipped it
didn't find E7ENQ6 in the database, skipped it
didn't find E7ENR5 in the database, skipped it
didn't find E7ENR9 in the database, skipped it
didn't find E7ENU7 in the database, skipped it
didn't find E7ENW7 in the database, skipped it
didn't find E7ENX0 in the database, skipped it
didn't find E7ENY0 in the database, skipped it
didn't find E7ENZ3 in the database, skipped it
didn't find E7EP17 in the database, skipped it
didn't find E7EP60 in the database, skipped it
didn't find E7EP63 in the database, skipped it
didn't find E7EP65 in the database, skipped it
didn't find E7EP66 in the database, skipped it
didn't find E7EP82 in the database, skipped it
didn't find E7EP87 in the database, skipped it
didn't find E7EPA0 in the database, skipped it
didn't find E7EPA1 in the database, skipped it
didn't find E7EPA6 in the database, skipped it
didn't find E7EPB3 in the database, skipped it
didn't find E7EPC3 in the database, skipped it
didn't find E7EPC8 in the database, skipped it
didn't find E7EPI5 in the database, skipped it
didn't find E7EPI8 in the database, skipped it
didn't find E7EPK4 in the database, skipped it
didn't find E7EPL9 in the database, skipped it
didn't find E7EPM4 in the database, skipped it
didn't find E7EPN6 in the database, skipped it
didn't find E7EPN8 in the database, skipped it
didn't find E7EPS5 in the database, skipped it
didn't find E7EPS8 in the database, skipped it
didn't find E7EPT4 in the database, skipped it
didn't find E7EPT6 in the database, skipped it
didn't find E7EPU1 in the database, skipped it
didn't find E7EPU7 in the database, skipped it
didn't find E7EPW2 in the database, skipped it
didn't find E7EPW4 in the database, skipped it
didn't find E7EPX3 in the database, skipped it
didn't find E7EPX8 in the database, skipped it
didn't find E7EPY9 in the database, skipped it
didn't find E7EPZ0 in the database, skipped it
didn't find E7EQ08 in the database, skipped it
didn't find E7EQ12 in the database, skipped it
didn't find E7EQ14 in the database, skipped it
didn't find E7EQ29 in the database, skipped it
didn't find E7EQ34 in the database, skipped it
didn't find E7EQ45 in the database, skipped it
didn't find E7EQ49 in the database, skipped it
didn't find E7EQ52 in the database, skipped it
didn't find E7EQ61 in the database, skipped it
didn't find E7EQ72 in the database, skipped it
didn't find E7EQ97 in the database, skipped it
didn't find E7EQA0 in the database, skipped it
didn't find E7EQB5 in the database, skipped it
didn't find E7EQB8 in the database, skipped it
didn't find E7EQB9 in the database, skipped it
didn't find E7EQC5 in the database, skipped it
didn't find E7EQD7 in the database, skipped it
didn't find E7EQD9 in the database, skipped it
didn't find E7EQE7 in the database, skipped it
didn't find E7EQE8 in the database, skipped it
didn't find E7EQF3 in the database, skipped it
didn't find E7EQF8 in the database, skipped it


uniprot id 1	entrez gene id 1	gene name 1	uniprot id 2	entrez gene id 2	gene name 2	score
ANR65_HUMAN	441869	ANKRD65	ESR2_HUMAN	2100	ESR2	0.63
ANR65_HUMAN	441869	ANKRD65	TTC19_HUMAN	54902	TTC19	0.63
ANR65_HUMAN	441869	ANKRD65	HECW2_HUMAN	57520	HECW2	0.63
