didn't find Q8IXW9 in the database, skipped it
didn't find Q8IY13 in the database, skipped it
didn't find Q8IY64 in the database, skipped it
didn't find Q8IYG9 in the database, skipped it
didn't find Q8MH48 in the database, skipped it
didn't find Q8N152 in the database, skipped it
didn't find Q8N1B9 in the database, skipped it
didn't find Q8N1I1 in the database, skipped it
didn't find Q8N2D7 in the database, skipped it
didn't find Q8N329 in the database, skipped it
didn't find Q8N3P8 in the database, skipped it
didn't find Q8N437 in the database, skipped it
didn't find Q8N450 in the database, skipped it
didn't find Q8N4M4 in the database, skipped it
didn't find Q8N4N7 in the database, skipped it
didn't find Q8N5B3 in the database, skipped it
didn't find Q8N5N8 in the database, skipped it
didn't find Q8N6B5 in the database, skipped it
didn't find Q8N6C4 in the database, skipped it
didn't find Q8N6Q4 in the database, skipped it
didn't find Q8N6Z2 in the database, skipped it
didn't find Q8N736 in the database, skipped it
didn't find Q8N799 in the database, skipped it
didn't find Q8N7B4 in the database, skipped it
didn't find Q8N8Y1 in the database, skipped it
didn't find Q8N9G1 in the database, skipped it
didn't find Q8N9M3 in the database, skipped it
didn't find Q8ND77 in the database, skipped it
didn't find Q8ND98 in the database, skipped it
didn't find Q8NDN3 in the database, skipped it
didn't find Q8NEC6 in the database, skipped it
didn't find Q8NG87 in the database, skipped it
didn't find Q8NHK6 in the database, skipped it
didn't find Q8NHK7 in the database, skipped it
didn't find Q8NHS7 in the database, skipped it
didn't find Q8NHW8 in the database, skipped it
didn't find Q8TAJ8 in the database, skipped it
didn't find Q8TAR6 in the database, skipped it
didn't find Q8TBB7 in the database, skipped it
didn't find Q8TCC6 in the database, skipped it
didn't find Q8TD49 in the database, skipped it
didn't find Q8TDP4 in the database, skipped it
didn't find Q8TDP5 in the database, skipped it
didn't find Q8TDQ4 in the database, skipped it
didn't find Q8TEK8 in the database, skipped it
didn't find Q8WTX0 in the database, skipped it
didn't find Q8WUE2 in the database, skipped it
didn't find Q8WUE3 in the database, skipped it
didn't find Q8WUS2 in the database, skipped it
didn't find Q8WV90 in the database, skipped it
didn't find Q8WVZ3 in the database, skipped it
didn't find Q8WY19 in the database, skipped it
didn't find Q8WYH2 in the database, skipped it
didn't find Q8WZ67 in the database, skipped it
didn't find Q92728 in the database, skipped it
didn't find Q96A10 in the database, skipped it
didn't find Q96AD8 in the database, skipped it
didn't find Q96CG9 in the database, skipped it
didn't find Q96D37 in the database, skipped it
didn't find Q96DC0 in the database, skipped it
didn't find Q96DC6 in the database, skipped it
didn't find Q96DN7 in the database, skipped it
didn't find Q96DS5 in the database, skipped it
didn't find Q96F58 in the database, skipped it
didn't find Q96FY5 in the database, skipped it
didn't find Q96H71 in the database, skipped it
didn't find Q96HE0 in the database, skipped it
didn't find Q96HN1 in the database, skipped it
didn't find Q96J85 in the database, skipped it
didn't find Q96JS4 in the database, skipped it
didn't find Q96K65 in the database, skipped it
didn't find Q96LM7 in the database, skipped it
didn't find Q96LV9 in the database, skipped it
didn't find Q96NX8 in the database, skipped it
didn't find Q96P10 in the database, skipped it
didn't find Q96P72 in the database, skipped it
didn't find Q96P73 in the database, skipped it
didn't find Q96PJ7 in the database, skipped it
didn't find Q96QC4 in the database, skipped it
didn't find Q96QW7 in the database, skipped it
didn't find Q96SH7 in the database, skipped it
didn't find Q96T34 in the database, skipped it
didn't find Q96TC6 in the database, skipped it
didn't find Q9BQU0 in the database, skipped it
didn't find Q9BQU1 in the database, skipped it
didn't find Q9BRG6 in the database, skipped it
didn't find Q9BRX7 in the database, skipped it
didn't find Q9BS68 in the database, skipped it
didn't find Q9BSA0 in the database, skipped it
didn't find Q9BSP0 in the database, skipped it
didn't find Q9BTR4 in the database, skipped it
didn't find Q9BUA5 in the database, skipped it
didn't find Q9BVT6 in the database, skipped it
didn't find Q9BXD7 in the database, skipped it
didn't find Q9BZ31 in the database, skipped it
didn't find Q9BZC5 in the database, skipped it
didn't find Q9GZQ5 in the database, skipped it
didn't find Q9H052 in the database, skipped it
didn't find Q9H178 in the database, skipped it
didn't find Q9H2M2 in the database, skipped it
didn't find Q9H384 in the database, skipped it
didn't find Q9H3A6 in the database, skipped it
didn't find Q9H3B2 in the database, skipped it
didn't find Q9H4C3 in the database, skipped it
didn't find Q9H4Y4 in the database, skipped it
didn't find Q9H5I4 in the database, skipped it
didn't find Q9H5T3 in the database, skipped it
didn't find Q9H5V0 in the database, skipped it
didn't find Q9H7D3 in the database, skipped it
didn't find Q9H7R2 in the database, skipped it
didn't find Q9HB42 in the database, skipped it
didn't find Q9HB43 in the database, skipped it
didn't find Q9HB44 in the database, skipped it
didn't find Q9HB45 in the database, skipped it
didn't find Q9HB66 in the database, skipped it
didn't find Q9HD19 in the database, skipped it
didn't find Q9NQN3 in the database, skipped it
didn't find Q9NQP5 in the database, skipped it
didn't find Q9NRE7 in the database, skipped it
didn't find Q9NRI2 in the database, skipped it
didn't find Q9NSH0 in the database, skipped it
didn't find Q9NSV5 in the database, skipped it
didn't find Q9NTY2 in the database, skipped it
didn't find Q9NV89 in the database, skipped it
didn't find Q9NW25 in the database, skipped it
didn't find Q9NX33 in the database, skipped it
didn't find Q9NZG9 in the database, skipped it
didn't find Q9UBH5 in the database, skipped it
didn't find Q9UDT1 in the database, skipped it
didn't find Q9UE35 in the database, skipped it
didn't find Q9UED0 in the database, skipped it
didn't find Q9UED3 in the database, skipped it
didn't find Q9UEL6 in the database, skipped it
didn't find Q9UF94 in the database, skipped it
didn't find Q9UFM8 in the database, skipped it
didn't find Q9UFN7 in the database, skipped it
didn't find Q9UHL7 in the database, skipped it
didn't find Q9UJD7 in the database, skipped it
didn't find Q9UJJ2 in the database, skipped it
didn't find Q9UL10 in the database, skipped it
didn't find Q9UMI9 in the database, skipped it
didn't find Q9UP10 in the database, skipped it
didn't find Q9Y273 in the database, skipped it
didn't find Q9Y4H5 in the database, skipped it
didn't find R4GMM1 in the database, skipped it
didn't find R4GMM2 in the database, skipped it
didn't find R4GMM4 in the database, skipped it
didn't find R4GMM5 in the database, skipped it
didn't find R4GMM6 in the database, skipped it
didn't find R4GMM7 in the database, skipped it
didn't find R4GMM8 in the database, skipped it
didn't find R4GMM9 in the database, skipped it
didn't find R4GMN0 in the database, skipped it
didn't find R4GMN1 in the database, skipped it
didn't find R4GMN2 in the database, skipped it
didn't find R4GMN3 in the database, skipped it
didn't find R4GMN4 in the database, skipped it
didn't find R4GMN5 in the database, skipped it
didn't find R4GMN8 in the database, skipped it
didn't find R4GMP0 in the database, skipped it
didn't find R4GMP4 in the database, skipped it
didn't find R4GMP5 in the database, skipped it
didn't find R4GMP8 in the database, skipped it
didn't find R4GMP9 in the database, skipped it
didn't find R4GMQ0 in the database, skipped it
didn't find R4GMQ2 in the database, skipped it
didn't find R4GMQ3 in the database, skipped it
didn't find R4GMQ4 in the database, skipped it
didn't find R4GMQ7 in the database, skipped it
didn't find R4GMQ9 in the database, skipped it
didn't find R4GMR4 in the database, skipped it
didn't find R4GMR5 in the database, skipped it
didn't find R4GMR7 in the database, skipped it
didn't find R4GMR9 in the database, skipped it
didn't find R4GMS2 in the database, skipped it
didn't find R4GMS3 in the database, skipped it
didn't find R4GMS4 in the database, skipped it
didn't find R4GMS5 in the database, skipped it
didn't find R4GMS6 in the database, skipped it
didn't find R4GMS7 in the database, skipped it
didn't find R4GMS8 in the database, skipped it
didn't find R4GMS9 in the database, skipped it
didn't find R4GMT0 in the database, skipped it
didn't find R4GMT1 in the database, skipped it
didn't find R4GMT2 in the database, skipped it
didn't find R4GMT3 in the database, skipped it
didn't find R4GMT4 in the database, skipped it
didn't find R4GMT5 in the database, skipped it
didn't find R4GMT7 in the database, skipped it
didn't find R4GMU0 in the database, skipped it
didn't find R4GMU2 in the database, skipped it
didn't find R4GMU3 in the database, skipped it
didn't find R4GMU4 in the database, skipped it
didn't find R4GMU7 in the database, skipped it
didn't find R4GMV1 in the database, skipped it
didn't find R4GMV2 in the database, skipped it
didn't find R4GMV4 in the database, skipped it
didn't find R4GMV5 in the database, skipped it
didn't find R4GMV9 in the database, skipped it
didn't find R4GMW0 in the database, skipped it
didn't find R4GMW1 in the database, skipped it
didn't find R4GMW2 in the database, skipped it
didn't find R4GMW3 in the database, skipped it
didn't find R4GMW4 in the database, skipped it
didn't find R4GMW5 in the database, skipped it
didn't find R4GMW6 in the database, skipped it
didn't find R4GMX1 in the database, skipped it
didn't find R4GMX4 in the database, skipped it
didn't find R4GMX5 in the database, skipped it
didn't find R4GMX6 in the database, skipped it
didn't find R4GMX7 in the database, skipped it
didn't find R4GMX8 in the database, skipped it
didn't find R4GMX9 in the database, skipped it
didn't find R4GMY0 in the database, skipped it
didn't find R4GMY2 in the database, skipped it
didn't find R4GMY3 in the database, skipped it
didn't find R4GMY5 in the database, skipped it
didn't find R4GMY6 in the database, skipped it
didn't find R4GMY7 in the database, skipped it
didn't find R4GMY8 in the database, skipped it
didn't find R4GMZ1 in the database, skipped it
didn't find R4GMZ4 in the database, skipped it
didn't find R4GMZ8 in the database, skipped it
didn't find R4GMZ9 in the database, skipped it
didn't find R4GN01 in the database, skipped it
didn't find R4GN03 in the database, skipped it
didn't find R4GN04 in the database, skipped it
didn't find R4GN05 in the database, skipped it
didn't find R4GN06 in the database, skipped it
didn't find R4GN07 in the database, skipped it
didn't find R4GN08 in the database, skipped it
didn't find R4GN09 in the database, skipped it
didn't find R4GN11 in the database, skipped it
didn't find R4GN12 in the database, skipped it
didn't find R4GN13 in the database, skipped it
didn't find R4GN15 in the database, skipped it
didn't find R4GN16 in the database, skipped it
didn't find R4GN17 in the database, skipped it
didn't find R4GN18 in the database, skipped it
didn't find R4GN19 in the database, skipped it
didn't find R4GN21 in the database, skipped it
didn't find R4GN25 in the database, skipped it
didn't find R4GN29 in the database, skipped it
didn't find R4GN32 in the database, skipped it
didn't find R4GN36 in the database, skipped it
didn't find R4GN37 in the database, skipped it
didn't find R4GN38 in the database, skipped it
didn't find R4GN40 in the database, skipped it
didn't find R4GN42 in the database, skipped it
didn't find R4GN45 in the database, skipped it
didn't find R4GN46 in the database, skipped it
didn't find R4GN47 in the database, skipped it
didn't find R4GN48 in the database, skipped it
didn't find R4GN49 in the database, skipped it
didn't find R4GN52 in the database, skipped it
didn't find R4GN53 in the database, skipped it
didn't find R4GN54 in the database, skipped it
didn't find R4GN57 in the database, skipped it
didn't find R4GN58 in the database, skipped it
didn't find R4GN60 in the database, skipped it
didn't find R4GN63 in the database, skipped it
didn't find R4GN64 in the database, skipped it
didn't find R4GN65 in the database, skipped it
didn't find R4GN66 in the database, skipped it
didn't find R4GN67 in the database, skipped it
didn't find R4GN68 in the database, skipped it
didn't find R4GN69 in the database, skipped it
didn't find R4GN70 in the database, skipped it
didn't find R4GN71 in the database, skipped it
didn't find R4GN73 in the database, skipped it
didn't find R4GN74 in the database, skipped it
didn't find R4GN75 in the database, skipped it
didn't find R4GN76 in the database, skipped it
didn't find R4GN77 in the database, skipped it
didn't find R4GN78 in the database, skipped it
didn't find R4GN79 in the database, skipped it
didn't find R4GN82 in the database, skipped it
didn't find R4GN83 in the database, skipped it
didn't find R4GN84 in the database, skipped it
didn't find R4GN85 in the database, skipped it
didn't find R4GN86 in the database, skipped it
didn't find R4GN90 in the database, skipped it
didn't find R4GN91 in the database, skipped it
didn't find R4GN92 in the database, skipped it
didn't find R4GN93 in the database, skipped it
didn't find R4GN94 in the database, skipped it
didn't find R4GN95 in the database, skipped it
didn't find R4GN97 in the database, skipped it
didn't find R4GNA2 in the database, skipped it
didn't find R4GNA3 in the database, skipped it
didn't find R4GNA4 in the database, skipped it
didn't find R4GNA5 in the database, skipped it
didn't find R4GNA6 in the database, skipped it
didn't find R4GNA8 in the database, skipped it
didn't find R4GNA9 in the database, skipped it
didn't find R4GNB0 in the database, skipped it
didn't find R4GNB1 in the database, skipped it


uniprot id 1	entrez gene id 1	gene name 1	uniprot id 2	entrez gene id 2	gene name 2	score
CE034_HUMAN	375444	C5orf34	DNJC7_HUMAN	7266	DNAJC7	0.87
CDRTF_HUMAN	146822	CDRT15	M4K5_HUMAN	11183	MAP4K5	0.83
CDRTF_HUMAN	146822	CDRT15	CD15L_HUMAN	256223	CDRT15L2	0.83
CE034_HUMAN	375444	C5orf34	TSP3_HUMAN	7059	THBS3	0.83
CDRTF_HUMAN	146822	CDRT15	D19L1_HUMAN	23333	DPY19L1	0.83
CDRTF_HUMAN	146822	CDRT15	NUDT8_HUMAN	254552	NUDT8	0.83
CE034_HUMAN	375444	C5orf34	CRYL1_HUMAN	51084	CRYL1	0.82
CDRTF_HUMAN	146822	CDRT15	NRDC_HUMAN	4898	NRDC	0.82
PI4P1_HUMAN	728233	PI4KAP1	PI4KA_HUMAN	5297	PI4KA	0.82
CE034_HUMAN	375444	C5orf34	BBS7_HUMAN	55212	BBS7	0.82
CE034_HUMAN	375444	C5orf34	AKD1_HUMAN	221264	AK9	0.82
CE034_HUMAN	375444	C5orf34	PDDC1_HUMAN	347862	GATD1	0.82
CE034_HUMAN	375444	C5orf34	DOCK5_HUMAN	80005	DOCK5	0.82
CE034_HUMAN	375444	C5orf34	IRF3_HUMAN	3661	IRF3	0.82
CC140_HUMAN	151278	CCDC140	RGS13_HUMAN	6003	RGS13	0.82
CI163_HUMAN	158055	C9orf163	LRRK1_HUMAN	79705	LRRK1	0.76
L3R2A_HUMAN	29931	LINC00312	ESR1_HUMAN	2099	ESR1	0.75
CDRTF_HUMAN	146822	CDRT15	GILT_HUMAN	10437	IFI30	0.73
CE034_HUMAN	375444	C5orf34	I17RA_HUMAN	23765	IL17RA	0.72
CC140_HUMAN	151278	CCDC140	RA51C_HUMAN	5889	RAD51C	0.72
CE034_HUMAN	375444	C5orf34	TKT_HUMAN	7086	TKT	0.72
CE034_HUMAN	375444	C5orf34	RFXK_HUMAN	8625	RFXANK	0.72
CE034_HUMAN	375444	C5orf34	IQCF1_HUMAN	132141	IQCF1	0.72
CE034_HUMAN	375444	C5orf34	RCCD1_HUMAN	91433	RCCD1	0.72
CO054_HUMAN	400360	C15orf54	CRKL_HUMAN	1399	CRKL	0.72
L3R2A_HUMAN	29931	LINC00312	SRPK1_HUMAN	6732	SRPK1	0.70
CC024_HUMAN	115795	FANCD2OS	CNOT6_HUMAN	57472	CNOT6	0.63
CC140_HUMAN	151278	CCDC140	ZSC25_HUMAN	221785	ZSCAN25	0.63
CC140_HUMAN	151278	CCDC140	NUCL_HUMAN	4691	NCL	0.63
CC140_HUMAN	151278	CCDC140	NPHP4_HUMAN	261734	NPHP4	0.63
CC140_HUMAN	151278	CCDC140	BRX1_HUMAN	55299	BRIX1	0.63
CI163_HUMAN	158055	C9orf163	TRI32_HUMAN	22954	TRIM32	0.63
CI163_HUMAN	158055	C9orf163	VIP1_HUMAN	9677	PPIP5K1	0.63
PI4P1_HUMAN	728233	PI4KAP1	SBSN_HUMAN	374897	SBSN	0.63
CS29O_HUMAN	404665	CACTIN-AS1	PTEN_HUMAN	5728	PTEN	0.63
CC024_HUMAN	115795	FANCD2OS	M4K4_HUMAN	9448	MAP4K4	0.63
CC140_HUMAN	151278	CCDC140	ZN384_HUMAN	171017	ZNF384	0.63
CC140_HUMAN	151278	CCDC140	RL4_HUMAN	6124	RPL4	0.63
CC140_HUMAN	151278	CCDC140	DDX21_HUMAN	9188	DDX21	0.63
CC140_HUMAN	151278	CCDC140	ZN346_HUMAN	23567	ZNF346	0.63
CI163_HUMAN	158055	C9orf163	CDK7_HUMAN	1022	CDK7	0.63
CI163_HUMAN	158055	C9orf163	RSAD1_HUMAN	55316	RSAD1	0.63
PI4P1_HUMAN	728233	PI4KAP1	S10A9_HUMAN	6280	S100A9	0.63
CE034_HUMAN	375444	C5orf34	PRC1_HUMAN	9055	PRC1	0.63
YB035_HUMAN			H2AZ_HUMAN	3015	H2AFZ	0.63
CC049_HUMAN	132200	C3orf49	DPYL3_HUMAN	1809	DPYSL3	0.63
CC140_HUMAN	151278	CCDC140	ELAV4_HUMAN	1996	ELAVL4	0.63
CC140_HUMAN	151278	CCDC140	TRI26_HUMAN	7726	TRIM26	0.63
CC140_HUMAN	151278	CCDC140	ANKH1_HUMAN	404734, 54882	ANKHD1-EIF4EBP3, ANKHD1	0.63
CI163_HUMAN	158055	C9orf163	HPS3_HUMAN	84343	HPS3	0.63
PI4P1_HUMAN	728233	PI4KAP1	PLBL1_HUMAN	79887	PLBD1	0.63
CH044_HUMAN	56260	C8orf44	DX39A_HUMAN	10212	DDX39A	0.63
CC024_HUMAN	115795	FANCD2OS	FHL2_HUMAN	2274	FHL2	0.63
CC140_HUMAN	151278	CCDC140	SYFM_HUMAN	10667	FARS2	0.63
CC140_HUMAN	151278	CCDC140	LRP5_HUMAN	4041	LRP5	0.63
CC140_HUMAN	151278	CCDC140	NOC3L_HUMAN	64318	NOC3L	0.63
CC140_HUMAN	151278	CCDC140	NAT10_HUMAN	55226	NAT10	0.63
CI163_HUMAN	158055	C9orf163	ZSWM8_HUMAN	23053	ZSWIM8	0.63
CI163_HUMAN	158055	C9orf163	SAV1_HUMAN	60485	SAV1	0.63
PI4P1_HUMAN	728233	PI4KAP1	HUTH_HUMAN	3034	HAL	0.63
CV037_HUMAN	200298	LINC00528	NU160_HUMAN	23279	NUP160	0.63
CC024_HUMAN	115795	FANCD2OS	RCD1_HUMAN	9125	CNOT9	0.63
CC140_HUMAN	151278	CCDC140	CC106_HUMAN	29903	CCDC106	0.63
CC140_HUMAN	151278	CCDC140	RL3_HUMAN	6122	RPL3	0.63
CC140_HUMAN	151278	CCDC140	RL14_HUMAN	9045	RPL14	0.63
CC140_HUMAN	151278	CCDC140	NOG1_HUMAN	23560	GTPBP4	0.63
CI163_HUMAN	158055	C9orf163	DYR1A_HUMAN	1859	DYRK1A	0.63
CI163_HUMAN	158055	C9orf163	IQGA3_HUMAN	128239	IQGAP3	0.63
PI4P1_HUMAN	728233	PI4KAP1	TGM1_HUMAN	7051	TGM1	0.63
CE034_HUMAN	375444	C5orf34	DRC3_HUMAN	83450	DRC3	0.63
YG045_HUMAN			HS71B_HUMAN	3303, 3304	HSPA1A, HSPA1B	0.63
CC049_HUMAN	132200	C3orf49	CENPB_HUMAN	1059	CENPB	0.63
CC140_HUMAN	151278	CCDC140	DKC1_HUMAN	1736	DKC1	0.63
CC140_HUMAN	151278	CCDC140	ZN189_HUMAN	7743	ZNF189	0.63
CC140_HUMAN	151278	CCDC140	DCA16_HUMAN	54876	DCAF16	0.63
CI163_HUMAN	158055	C9orf163	DPOE1_HUMAN	5426	POLE	0.63
PI4P1_HUMAN	728233	PI4KAP1	CDSN_HUMAN	1041	CDSN	0.63
CD036_HUMAN	132989	C4orf36	PAF15_HUMAN	9768	PCLAF	0.63
CC024_HUMAN	115795	FANCD2OS	DYR1A_HUMAN	1859	DYRK1A	0.63
CC140_HUMAN	151278	CCDC140	NSA2_HUMAN	10412	NSA2	0.63
CC140_HUMAN	151278	CCDC140	RS9_HUMAN	6203	RPS9	0.63
CC140_HUMAN	151278	CCDC140	NMNA1_HUMAN	64802	NMNAT1	0.63
CC140_HUMAN	151278	CCDC140	NOL8_HUMAN	55035	NOL8	0.63
CI163_HUMAN	158055	C9orf163	ZZEF1_HUMAN	23140	ZZEF1	0.63
CI163_HUMAN	158055	C9orf163	VPS16_HUMAN	64601	VPS16	0.63
PI4P1_HUMAN	728233	PI4KAP1	PLAK_HUMAN	3728	JUP	0.63
CX062_HUMAN	439943	LINC00269	NEK4_HUMAN	6787	NEK4	0.63
CC024_HUMAN	115795	FANCD2OS	DYR1B_HUMAN	9149	DYRK1B	0.63
CC140_HUMAN	151278	CCDC140	RPF1_HUMAN	80135	RPF1	0.63
CC140_HUMAN	151278	CCDC140	RL18_HUMAN	6141	RPL18	0.63
CC140_HUMAN	151278	CCDC140	TFB1M_HUMAN	51106	TFB1M	0.63
CC140_HUMAN	151278	CCDC140	RL13A_HUMAN	23521	RPL13A	0.63
CI163_HUMAN	158055	C9orf163	SARDH_HUMAN	1757	SARDH	0.63
CI163_HUMAN	158055	C9orf163	VPS18_HUMAN	57617	VPS18	0.63
PI4P1_HUMAN	728233	PI4KAP1	SPB7_HUMAN	8710	SERPINB7	0.63
CE034_HUMAN	375444	C5orf34	CTRO_HUMAN	11113	CIT	0.63
YG046_HUMAN			SERPH_HUMAN	871	SERPINH1	0.63
CC049_HUMAN	132200	C3orf49	CI041_HUMAN	138199	CARNMT1	0.63
CC140_HUMAN	151278	CCDC140	CENPC_HUMAN	1060	CENPC	0.63
CC140_HUMAN	151278	CCDC140	ZN184_HUMAN	7738	ZNF184	0.63
CC140_HUMAN	151278	CCDC140	ZN770_HUMAN	54989	ZNF770	0.63
CI163_HUMAN	158055	C9orf163	PI4KA_HUMAN	5297	PI4KA	0.63
PI4P1_HUMAN	728233	PI4KAP1	CRYAB_HUMAN	1410	CRYAB	0.63
CI163_HUMAN	158055	C9orf163	VDAC1_HUMAN	7416	VDAC1	0.63
CC024_HUMAN	115795	FANCD2OS	CNOT3_HUMAN	4849	CNOT3	0.63
CC140_HUMAN	151278	CCDC140	SF3B2_HUMAN	10992	SF3B2	0.63
CC140_HUMAN	151278	CCDC140	RS16_HUMAN	6217	RPS16	0.63
CC140_HUMAN	151278	CCDC140	DDX31_HUMAN	64794	DDX31	0.63
CC140_HUMAN	151278	CCDC140	ZCCHV_HUMAN	56829	ZC3HAV1	0.63
CI163_HUMAN	158055	C9orf163	HAUS5_HUMAN	23354	HAUS5	0.63
CI163_HUMAN	158055	C9orf163	RICTR_HUMAN	253260	RICTOR	0.63
PI4P1_HUMAN	728233	PI4KAP1	INVO_HUMAN	3713	IVL	0.63
CC024_HUMAN	115795	FANCD2OS	AUTS2_HUMAN	26053	AUTS2	0.63
CC140_HUMAN	151278	CCDC140	FBX11_HUMAN	80204	FBXO11	0.63
CC140_HUMAN	151278	CCDC140	RL19_HUMAN	6143	RPL19	0.63
CC140_HUMAN	151278	CCDC140	RL26L_HUMAN	51121	RPL26L1	0.63
CC140_HUMAN	151278	CCDC140	RRP8_HUMAN	23378	RRP8	0.63
CI163_HUMAN	158055	C9orf163	ETV3_HUMAN	2117	ETV3	0.63
CI163_HUMAN	158055	C9orf163	RGL3_HUMAN	57139	RGL3	0.63
PI4P1_HUMAN	728233	PI4KAP1	FBX50_HUMAN	342897	NCCRP1	0.63
CE034_HUMAN	375444	C5orf34	CHM4B_HUMAN	128866	CHMP4B	0.63
YG046_HUMAN			VDAC1_HUMAN	7416	VDAC1	0.63
CC049_HUMAN	132200	C3orf49	CC017_HUMAN	25871	NEPRO	0.63
CC140_HUMAN	151278	CCDC140	RS26L_HUMAN	441502	RPS26P11	0.63
CC140_HUMAN	151278	CCDC140	ZNF70_HUMAN	7621	ZNF70	0.63
CC140_HUMAN	151278	CCDC140	DDX27_HUMAN	55661	DDX27	0.63
CF195_HUMAN	154386	LINC01600	IDE_HUMAN	3416	IDE	0.63
CI163_HUMAN	158055	C9orf163	ZN195_HUMAN	7748	ZNF195	0.63
PI4P1_HUMAN	728233	PI4KAP1	FILA_HUMAN	2312	FLG	0.63
CE034_HUMAN	375444	C5orf34	XPO1_HUMAN	7514	XPO1	0.63
CJ095_HUMAN	79946	C10orf95	NGBR_HUMAN	116150	NUS1	0.63
CC024_HUMAN	115795	FANCD2OS	CNOT2_HUMAN	4848	CNOT2	0.63
CC140_HUMAN	151278	CCDC140	EBP2_HUMAN	10969	EBNA1BP2	0.63
CC140_HUMAN	151278	CCDC140	RS15_HUMAN	6209	RPS15	0.63
CC140_HUMAN	151278	CCDC140	KRI1_HUMAN	65095	KRI1	0.63
CC140_HUMAN	151278	CCDC140	SRS12_HUMAN	135295	SRSF12	0.63
CI163_HUMAN	158055	C9orf163	PSME3_HUMAN	10197	PSME3	0.63
CI163_HUMAN	158055	C9orf163	HECD3_HUMAN	79654	HECTD3	0.63
PI4P1_HUMAN	728233	PI4KAP1	NFH_HUMAN	4744	NEFH	0.63
CC024_HUMAN	115795	FANCD2OS	CNO10_HUMAN	25904	CNOT10	0.63
CC140_HUMAN	151278	CCDC140	TRM1L_HUMAN	81627	TRMT1L	0.63
CC140_HUMAN	151278	CCDC140	RL18A_HUMAN	6142	RPL18A	0.63
CC140_HUMAN	151278	CCDC140	RT07_HUMAN	51081	MRPS7	0.63
CC140_HUMAN	151278	CCDC140	SPB1_HUMAN	117246	FTSJ3	0.63
CI163_HUMAN	158055	C9orf163	CH60_HUMAN	3329	HSPD1	0.63
PI4P1_HUMAN	728233	PI4KAP1	KLK5_HUMAN	25818	KLK5	0.63
CE034_HUMAN	375444	C5orf34	PP4RL_HUMAN	55370	PPP4R1L	0.63
YM012_HUMAN			ESR2_HUMAN	2100	ESR2	0.63
CC049_HUMAN	132200	C3orf49	STX3_HUMAN	6809	STX3	0.63
CC140_HUMAN	151278	CCDC140	ZBT48_HUMAN	3104	ZBTB48	0.63
CC140_HUMAN	151278	CCDC140	ZNF22_HUMAN	7570	ZNF22	0.63
CC140_HUMAN	151278	CCDC140	ZN446_HUMAN	55663	ZNF446	0.63
CG033_HUMAN	202865	C7orf33	TNNC2_HUMAN	7125	TNNC2	0.63
CI163_HUMAN	158055	C9orf163	TBA1A_HUMAN	7846	TUBA1A	0.63
PI4P1_HUMAN	728233	PI4KAP1	ECM1_HUMAN	1893	ECM1	0.63
CJ095_HUMAN	79946	C10orf95	DX39A_HUMAN	10212	DDX39A	0.63
CC024_HUMAN	115795	FANCD2OS	TROAP_HUMAN	10024	TROAP	0.63
CC140_HUMAN	151278	CCDC140	CC017_HUMAN	25871	NEPRO	0.63
CC140_HUMAN	151278	CCDC140	RL32_HUMAN	6161	RPL32	0.63
CC140_HUMAN	151278	CCDC140	CENPU_HUMAN	79682	CENPU	0.63
CC140_HUMAN	151278	CCDC140	REXO4_HUMAN	57109	REXO4	0.63
CI163_HUMAN	158055	C9orf163	N42L2_HUMAN	10443	N4BP2L2	0.63
CI163_HUMAN	158055	C9orf163	CEP85_HUMAN	64793	CEP85	0.63
PI4P1_HUMAN	728233	PI4KAP1	KLK7_HUMAN	5650	KLK7	0.63
PLAC4_HUMAN	191585	PLAC4	HNRH1_HUMAN	3187	HNRNPH1	0.63
CC024_HUMAN	115795	FANCD2OS	CNOT7_HUMAN	29883	CNOT7	0.63
CC140_HUMAN	151278	CCDC140	RPF2_HUMAN	84154	RPF2	0.63
CC140_HUMAN	151278	CCDC140	RL17_HUMAN	6139	RPL17	0.63
CC140_HUMAN	151278	CCDC140	LARP7_HUMAN	51574	LARP7	0.63
CDRTF_HUMAN	146822	CDRT15	DCA11_HUMAN	80344	DCAF11	0.63
CI163_HUMAN	158055	C9orf163	MAT1_HUMAN	4331	MNAT1	0.63
CO054_HUMAN	400360	C15orf54	KGUA_HUMAN	2987	GUK1	0.63
PI4P1_HUMAN	728233	PI4KAP1	S10AG_HUMAN	140576	S100A16	0.63
CE034_HUMAN	375444	C5orf34	RA51B_HUMAN	5890	RAD51B	0.63
YM012_HUMAN			APC_HUMAN	324	APC	0.63
CC024_HUMAN	115795	FANCD2OS	MINK1_HUMAN	50488	MINK1	0.63
CC049_HUMAN	132200	C3orf49	SENP3_HUMAN	26168	SENP3	0.63
CC140_HUMAN	151278	CCDC140	RL7L_HUMAN	285855	RPL7L1	0.63
CC140_HUMAN	151278	CCDC140	NSD2_HUMAN	7468	NSD2	0.63
CC140_HUMAN	151278	CCDC140	WDR36_HUMAN	134430	WDR36	0.63
CG033_HUMAN	202865	C7orf33	PSMG3_HUMAN	84262	PSMG3	0.63
CI163_HUMAN	158055	C9orf163	LTBP4_HUMAN	8425	LTBP4	0.63
PI4P1_HUMAN	728233	PI4KAP1	TYPH_HUMAN	1890	TYMP	0.63
CL061_HUMAN	283416	LINC01465	VIR_HUMAN	25962	VIRMA	0.63
CC024_HUMAN	115795	FANCD2OS	BTG3_HUMAN	10950	BTG3	0.63
CC140_HUMAN	151278	CCDC140	RL36_HUMAN	25873	RPL36	0.63
CC140_HUMAN	151278	CCDC140	RL26_HUMAN	6154	RPL26	0.63
CC140_HUMAN	151278	CCDC140	RBM19_HUMAN	9904	RBM19	0.63
CC140_HUMAN	151278	CCDC140	ZN317_HUMAN	57693	ZNF317	0.63
CI163_HUMAN	158055	C9orf163	PREP_HUMAN	10531	PITRM1	0.63
CI163_HUMAN	158055	C9orf163	MARH7_HUMAN	64844	MARCH7	0.63
PI4P1_HUMAN	728233	PI4KAP1	PKP1_HUMAN	5317	PKP1	0.63
CE034_HUMAN	375444	C5orf34	DNJA2_HUMAN	10294	DNAJA2	0.63
SNH12_HUMAN	85028	SNHG12	TRI25_HUMAN	7706	TRIM25	0.63
CC024_HUMAN	115795	FANCD2OS	TB182_HUMAN	85456	TNKS1BP1	0.63
CC140_HUMAN	151278	CCDC140	LLPH_HUMAN	84298	LLPH	0.63
CC140_HUMAN	151278	CCDC140	RL7A_HUMAN	6130	RPL7A	0.63
CC140_HUMAN	151278	CCDC140	NO40_HUMAN	51538	ZCCHC17	0.63
CI163_HUMAN	158055	C9orf163	NOTC1_HUMAN	4851	NOTCH1	0.63
CS29O_HUMAN	404665	CACTIN-AS1	LST1_HUMAN	7940	LST1	0.63
PI4P1_HUMAN	728233	PI4KAP1	RNAS7_HUMAN	84659	RNASE7	0.63
CE034_HUMAN	375444	C5orf34	CBPC6_HUMAN	84871	AGBL4	0.63
YP023_HUMAN			TRIPB_HUMAN	9321	TRIP11	0.63
CC024_HUMAN	115795	FANCD2OS	FBRS_HUMAN	64319	FBRS	0.63
CC049_HUMAN	132200	C3orf49	TRI41_HUMAN	90933	TRIM41	0.63
CC140_HUMAN	151278	CCDC140	NVL_HUMAN	4931	NVL	0.63
CC140_HUMAN	151278	CCDC140	UBE2O_HUMAN	63893	UBE2O	0.63
CC140_HUMAN	151278	CCDC140	CENPN_HUMAN	55839	CENPN	0.63
CG033_HUMAN	202865	C7orf33	ACTA_HUMAN	59	ACTA2	0.63
CI163_HUMAN	158055	C9orf163	GGPPS_HUMAN	9453	GGPS1	0.63
PI4P1_HUMAN	728233	PI4KAP1	DESP_HUMAN	1832	DSP	0.63
CC024_HUMAN	115795	FANCD2OS	DCAF7_HUMAN	10238	DCAF7	0.63
CC140_HUMAN	151278	CCDC140	ZFP62_HUMAN	643836	ZFP62	0.63
CC140_HUMAN	151278	CCDC140	RLA2_HUMAN	6181	RPLP2	0.63
CC140_HUMAN	151278	CCDC140	PUM3_HUMAN	9933	PUM3	0.63
CC140_HUMAN	151278	CCDC140	C1QBP_HUMAN	708	C1QBP	0.63
CI163_HUMAN	158055	C9orf163	TRI65_HUMAN	201292	TRIM65	0.63
CI163_HUMAN	158055	C9orf163	PAN3_HUMAN	255967	PAN3	0.63
PI4P1_HUMAN	728233	PI4KAP1	SPB13_HUMAN	5275	SERPINB13	0.63
CE034_HUMAN	375444	C5orf34		441046	GUSBP5	0.63
SNH12_HUMAN	85028	SNHG12	SP1_HUMAN	6667	SP1	0.63
CC024_HUMAN	115795	FANCD2OS	CNO6L_HUMAN	246175	CNOT6L	0.63
CC140_HUMAN	151278	CCDC140	CG050_HUMAN	84310	C7orf50	0.63
CC140_HUMAN	151278	CCDC140	RL13_HUMAN	6137	RPL13	0.63
CC140_HUMAN	151278	CCDC140	LIN41_HUMAN	131405	TRIM71	0.63
CDRTF_HUMAN	146822	CDRT15	MPPB_HUMAN	9512	PMPCB	0.63
CI163_HUMAN	158055	C9orf163	NOTC2_HUMAN	4853	NOTCH2	0.63
PI4P1_HUMAN	728233	PI4KAP1	A2ML1_HUMAN	144568	A2ML1	0.63
CE034_HUMAN	375444	C5orf34	PK1L2_HUMAN	114780	PKD1L2	0.63
CN183_HUMAN	196913	LINC01599	CUL7_HUMAN	9820	CUL7	0.63
CC024_HUMAN	115795	FANCD2OS	RN219_HUMAN	79596	RNF219	0.63
CC049_HUMAN	132200	C3orf49	UBF1_HUMAN	7343	UBTF	0.63
CC140_HUMAN	151278	CCDC140	NRDC_HUMAN	4898	NRDC	0.63
CC140_HUMAN	151278	CCDC140	STAU1_HUMAN	6780	STAU1	0.63
CC140_HUMAN	151278	CCDC140	SRBD1_HUMAN	55133	SRBD1	0.63
CH044_HUMAN	56260	C8orf44	MEP1B_HUMAN	4225	MEP1B	0.63
CI163_HUMAN	158055	C9orf163	HELZ_HUMAN	9931	HELZ	0.63
PI4P1_HUMAN	728233	PI4KAP1	DSC2_HUMAN	1824	DSC2	0.63
CL076_HUMAN	400073	C12orf76	DDX58_HUMAN	23586	DDX58	0.63
CC024_HUMAN	115795	FANCD2OS	CNOT1_HUMAN	23019	CNOT1	0.63
CC140_HUMAN	151278	CCDC140	ANR17_HUMAN	26057	ANKRD17	0.63
CC140_HUMAN	151278	CCDC140	RS3_HUMAN	6188	RPS3	0.63
CC140_HUMAN	151278	CCDC140	ZBT24_HUMAN	9841	ZBTB24	0.63
CC140_HUMAN	151278	CCDC140	ZN865_HUMAN	100507290	ZNF865	0.63
CI163_HUMAN	158055	C9orf163	TBB8_HUMAN	347688	TUBB8	0.63
CI163_HUMAN	158055	C9orf163	PSMG4_HUMAN	389362	PSMG4	0.63
PI4P1_HUMAN	728233	PI4KAP1	PAI2_HUMAN	5055	SERPINB2	0.63
CE034_HUMAN	375444	C5orf34	LURA1_HUMAN	541468	LURAP1	0.63
SNH12_HUMAN	85028	SNHG12	HNRH1_HUMAN	3187	HNRNPH1	0.63
CC049_HUMAN	132200	C3orf49	TEX10_HUMAN	54881	TEX10	0.63
CC140_HUMAN	151278	CCDC140	GLYR1_HUMAN	84656	GLYR1	0.63
CC140_HUMAN	151278	CCDC140	RL8_HUMAN	6132	RPL8	0.63
CC140_HUMAN	151278	CCDC140	DDX51_HUMAN	317781	DDX51	0.63
CI163_HUMAN	158055	C9orf163	PSA1_HUMAN	5682	PSMA1	0.63
PI4P1_HUMAN	728233	PI4KAP1	DR9C7_HUMAN	121214	SDR9C7	0.63
PI4P1_HUMAN	728233	PI4KAP1	SPA12_HUMAN	145264	SERPINA12	0.63
CE034_HUMAN	375444	C5orf34	OC90_HUMAN	729330	OC90	0.63
IDAS1_HUMAN			VIME_HUMAN	7431	VIM	0.63
CC024_HUMAN	115795	FANCD2OS	CB029_HUMAN	55571	CNOT11	0.63
CC049_HUMAN	132200	C3orf49	FARP2_HUMAN	9855	FARP2	0.63
CC140_HUMAN	151278	CCDC140	NPM_HUMAN	4869	NPM1	0.63
CC140_HUMAN	151278	CCDC140	HP1B3_HUMAN	50809	HP1BP3	0.63
CC140_HUMAN	151278	CCDC140	RBM28_HUMAN	55131	RBM28	0.63
CH044_HUMAN	56260	C8orf44	CORO6_HUMAN	84940	CORO6	0.63
CI163_HUMAN	158055	C9orf163	UBP34_HUMAN	9736	USP34	0.63
PI4P1_HUMAN	728233	PI4KAP1	DSG1_HUMAN	1828	DSG1	0.63
CC024_HUMAN	115795	FANCD2OS	K0232_HUMAN	9778	KIAA0232	0.63
CC140_HUMAN	151278	CCDC140	DHX57_HUMAN	90957	DHX57	0.63
CC140_HUMAN	151278	CCDC140	RLA0_HUMAN	6175	RPLP0	0.63
CC140_HUMAN	151278	CCDC140	BMS1_HUMAN	9790	BMS1	0.63
CC140_HUMAN	151278	CCDC140	RRS1_HUMAN	23212	RRS1	0.63
CI163_HUMAN	158055	C9orf163	ESRP2_HUMAN	80004	ESRP2	0.63
CI163_HUMAN	158055	C9orf163	RNF31_HUMAN	55072	RNF31	0.63
PI4P1_HUMAN	728233	PI4KAP1	ZA2G_HUMAN	563	AZGP1	0.63
CE034_HUMAN	375444	C5orf34	TEBP_HUMAN	10728	PTGES3	0.63
TM148_HUMAN	197196	LINC00311	CD2_HUMAN	914	CD2	0.63
CC049_HUMAN	132200	C3orf49	ZDBF2_HUMAN	57683	ZDBF2	0.63
CC140_HUMAN	151278	CCDC140	MINA_HUMAN	84864	RIOX2	0.63
CC140_HUMAN	151278	CCDC140	RL7_HUMAN	6129	RPL7	0.63
CC140_HUMAN	151278	CCDC140	CR025_HUMAN	147339	C18orf25	0.63
CDRTF_HUMAN	146822	CDRT15	MPPA_HUMAN	23203	PMPCA	0.63
CI163_HUMAN	158055	C9orf163	PSMG3_HUMAN	84262	PSMG3	0.63
PI4P1_HUMAN	728233	PI4KAP1	GDPD3_HUMAN	79153	GDPD3	0.63
DHAS1_HUMAN			FYN_HUMAN	2534	FYN	0.63
CF155_HUMAN	79940	LINC00472	DX39A_HUMAN	10212	DDX39A	0.63
CC024_HUMAN	115795	FANCD2OS	FBSL_HUMAN	57666	FBRSL1	0.63
CC049_HUMAN	132200	C3orf49	TSYL2_HUMAN	64061	TSPYL2	0.63
CC140_HUMAN	151278	CCDC140	RL10A_HUMAN	4736	RPL10A	0.63
CC140_HUMAN	151278	CCDC140	GZF1_HUMAN	64412	GZF1	0.63
CC140_HUMAN	151278	CCDC140	LAR1B_HUMAN	55132	LARP1B	0.63
CI163_HUMAN	158055	C9orf163	RALY_HUMAN	22913	RALY	0.63
CI163_HUMAN	158055	C9orf163	IF140_HUMAN	9742	IFT140	0.63
PI4P1_HUMAN	728233	PI4KAP1	FILA2_HUMAN	388698	FLG2	0.63
CS29O_HUMAN	404665	CACTIN-AS1	FXR1_HUMAN	8087	FXR1	0.63
CC024_HUMAN	115795	FANCD2OS	CNOT8_HUMAN	9337	CNOT8	0.63
CC140_HUMAN	151278	CCDC140	STAU2_HUMAN	27067	STAU2	0.63
CC140_HUMAN	151278	CCDC140	RL5_HUMAN	6125	RPL5	0.63
CC140_HUMAN	151278	CCDC140	ZN668_HUMAN	79759	ZNF668	0.63
CC140_HUMAN	151278	CCDC140	RBM34_HUMAN	23029	RBM34	0.63
CI163_HUMAN	158055	C9orf163	F192A_HUMAN	80011	FAM192A	0.63
CI163_HUMAN	158055	C9orf163	ARMC4_HUMAN	55130	ARMC4	0.63
PI4P1_HUMAN	728233	PI4KAP1	ADH7_HUMAN	131	ADH7	0.63
CE034_HUMAN	375444	C5orf34	DUS16_HUMAN	80824	DUSP16	0.63
TM148_HUMAN	197196	LINC00311	DX39A_HUMAN	10212	DDX39A	0.63
CC049_HUMAN	132200	C3orf49	BPTF_HUMAN	2186	BPTF	0.63
CC140_HUMAN	151278	CCDC140	ZC3HA_HUMAN	84872	ZC3H10	0.63
CC140_HUMAN	151278	CCDC140	RL6_HUMAN	6128	RPL6	0.63
CC140_HUMAN	151278	CCDC140	WDR74_HUMAN	54663	WDR74	0.63
CI163_HUMAN	158055	C9orf163	PEX6_HUMAN	5190	PEX6	0.63
PI4P1_HUMAN	728233	PI4KAP1	POF1B_HUMAN	79983	POF1B	0.63
CF195_HUMAN	154386	LINC01600	HNRH1_HUMAN	3187	HNRNPH1	0.63
