didn't find A8MUN2 in the database, skipped it
didn't find A8MX29 in the database, skipped it
didn't find A8MX75 in the database, skipped it
didn't find A8MXL6 in the database, skipped it
didn't find A8MXX7 in the database, skipped it
didn't find A8MYB8 in the database, skipped it
didn't find A8MYR2 in the database, skipped it
didn't find A8MYV6 in the database, skipped it
didn't find A8MZ87 in the database, skipped it
didn't find A8MZB2 in the database, skipped it
didn't find A9C4B8 in the database, skipped it
didn't find B0AZT5 in the database, skipped it
didn't find B0QY55 in the database, skipped it
didn't find B0QY89 in the database, skipped it
didn't find B0QZ35 in the database, skipped it
didn't find B0ZBE8 in the database, skipped it
didn't find B1AHA9 in the database, skipped it
didn't find B1AHB1 in the database, skipped it
didn't find B1AJR8 in the database, skipped it
didn't find B1AJR9 in the database, skipped it
didn't find B1AJS0 in the database, skipped it
didn't find B1AK81 in the database, skipped it
didn't find B1AKM6 in the database, skipped it
didn't find B1AKN5 in the database, skipped it
didn't find B1AKN8 in the database, skipped it
didn't find B1AKY9 in the database, skipped it
didn't find B1AL79 in the database, skipped it
didn't find B1ALM3 in the database, skipped it
didn't find B1AMT4 in the database, skipped it
didn't find B1AP22 in the database, skipped it
didn't find B1APK7 in the database, skipped it
didn't find B1APM4 in the database, skipped it
didn't find B1APR7 in the database, skipped it
didn't find B1AVT0 in the database, skipped it
didn't find B2WTI3 in the database, skipped it
didn't find B2WTI4 in the database, skipped it
didn't find B3KQ51 in the database, skipped it
didn't find B3KS98 in the database, skipped it
didn't find B3KSI3 in the database, skipped it
didn't find B3KTU4 in the database, skipped it
didn't find B3KVK8 in the database, skipped it
didn't find B3KW44 in the database, skipped it
didn't find B3KW56 in the database, skipped it
didn't find B3KWA8 in the database, skipped it
didn't find B4DDD8 in the database, skipped it
didn't find B4DEE8 in the database, skipped it
didn't find B4DEG2 in the database, skipped it
didn't find B4DFG5 in the database, skipped it
didn't find B4DFN3 in the database, skipped it
didn't find B4DGI9 in the database, skipped it
didn't find B4DH19 in the database, skipped it
didn't find B4DH59 in the database, skipped it
didn't find B4DHR0 in the database, skipped it
didn't find B4DJ81 in the database, skipped it
didn't find B4DJS2 in the database, skipped it
didn't find B4DK69 in the database, skipped it
didn't find B4DK72 in the database, skipped it
didn't find B4DKA4 in the database, skipped it
didn't find B4DKY1 in the database, skipped it
didn't find B4DLR8 in the database, skipped it
didn't find B4DN26 in the database, skipped it
didn't find B4DND3 in the database, skipped it
didn't find B4DP64 in the database, skipped it
didn't find B4DP72 in the database, skipped it
didn't find B4DPQ0 in the database, skipped it
didn't find B4DQT1 in the database, skipped it
didn't find B4DR71 in the database, skipped it
didn't find B4DR80 in the database, skipped it
didn't find B4DSN5 in the database, skipped it
didn't find B4DT06 in the database, skipped it
didn't find B4DTR8 in the database, skipped it
didn't find B4DUC8 in the database, skipped it
didn't find B4DUQ1 in the database, skipped it
didn't find B4DUR8 in the database, skipped it
didn't find B4DVN3 in the database, skipped it
didn't find B4DWY7 in the database, skipped it
didn't find B4DYE1 in the database, skipped it
didn't find B4DYI2 in the database, skipped it
didn't find B4E0T2 in the database, skipped it
didn't find B4E0W7 in the database, skipped it
didn't find B4E0Y9 in the database, skipped it
didn't find B4E1C1 in the database, skipped it
didn't find B4E1C5 in the database, skipped it
didn't find B4E1E0 in the database, skipped it
didn't find B4E1Z4 in the database, skipped it
didn't find B4E2Q0 in the database, skipped it
didn't find B4E3B8 in the database, skipped it
didn't find B5MBX2 in the database, skipped it
didn't find B5MC14 in the database, skipped it
didn't find B5MC51 in the database, skipped it
didn't find B5MC98 in the database, skipped it
didn't find B5MCB3 in the database, skipped it
didn't find B5MCD5 in the database, skipped it
didn't find B5MCF1 in the database, skipped it
didn't find B5MCQ2 in the database, skipped it
didn't find B5MCW2 in the database, skipped it
didn't find B5MCX3 in the database, skipped it
didn't find B5MCZ3 in the database, skipped it
didn't find B5MD38 in the database, skipped it
didn't find B5ME60 in the database, skipped it
didn't find B5TYJ1 in the database, skipped it
didn't find B7WNX0 in the database, skipped it
didn't find B7WPL0 in the database, skipped it
didn't find B7WPL9 in the database, skipped it
didn't find B7WPN9 in the database, skipped it
didn't find B7Z1I9 in the database, skipped it
didn't find B7Z2Q2 in the database, skipped it
didn't find B7Z2R7 in the database, skipped it
didn't find B7Z2V2 in the database, skipped it
didn't find B7Z3A9 in the database, skipped it
didn't find B7Z3P7 in the database, skipped it
didn't find B7Z3Q4 in the database, skipped it
didn't find B7Z3Z9 in the database, skipped it
didn't find B7Z413 in the database, skipped it
didn't find B7Z499 in the database, skipped it
didn't find B7Z4G8 in the database, skipped it
didn't find B7Z4L4 in the database, skipped it
didn't find B7Z685 in the database, skipped it
didn't find B7Z6U4 in the database, skipped it
didn't find B7Z7P0 in the database, skipped it
didn't find B7Z879 in the database, skipped it
didn't find B7Z8V7 in the database, skipped it
didn't find B7ZAR1 in the database, skipped it
didn't find B7ZBK1 in the database, skipped it
didn't find B7ZLQ5 in the database, skipped it
didn't find B7ZLR4 in the database, skipped it
didn't find B7ZM99 in the database, skipped it
didn't find B7ZMF5 in the database, skipped it
didn't find B7ZMI3 in the database, skipped it
didn't find B8ZZ81 in the database, skipped it
didn't find B8ZZE2 in the database, skipped it
didn't find B8ZZF0 in the database, skipped it
didn't find B8ZZT6 in the database, skipped it
didn't find B9A010 in the database, skipped it
didn't find B9A025 in the database, skipped it
didn't find B9ZVN9 in the database, skipped it
didn't find C0HLZ6 in the database, skipped it
didn't find C0HM01 in the database, skipped it
didn't find C0HM83 in the database, skipped it
didn't find C9IYB5 in the database, skipped it
didn't find C9IYX7 in the database, skipped it
didn't find C9IZ88 in the database, skipped it
didn't find C9IZQ1 in the database, skipped it
didn't find C9IZS0 in the database, skipped it
didn't find C9IZW4 in the database, skipped it
didn't find C9IZZ0 in the database, skipped it
didn't find C9J088 in the database, skipped it
didn't find C9J0A5 in the database, skipped it
didn't find C9J0A7 in the database, skipped it
didn't find C9J0F2 in the database, skipped it
didn't find C9J0X4 in the database, skipped it
didn't find C9J126 in the database, skipped it
didn't find C9J1C1 in the database, skipped it
didn't find C9J1J7 in the database, skipped it
didn't find C9J1K4 in the database, skipped it
didn't find C9J1W4 in the database, skipped it
didn't find C9J1X0 in the database, skipped it
didn't find C9J1X3 in the database, skipped it
didn't find C9J236 in the database, skipped it
didn't find C9J2C0 in the database, skipped it
didn't find C9J2F9 in the database, skipped it
didn't find C9J2G0 in the database, skipped it
didn't find C9J2M4 in the database, skipped it
didn't find C9J2P7 in the database, skipped it
didn't find C9J2Y9 in the database, skipped it
didn't find C9J381 in the database, skipped it
didn't find C9J383 in the database, skipped it
didn't find C9J3K6 in the database, skipped it
didn't find C9J3R8 in the database, skipped it
didn't find C9J453 in the database, skipped it
didn't find C9J481 in the database, skipped it
didn't find C9J494 in the database, skipped it
didn't find C9J4M6 in the database, skipped it
didn't find C9J4V0 in the database, skipped it
didn't find C9J592 in the database, skipped it
didn't find C9J5B0 in the database, skipped it
didn't find C9J5D1 in the database, skipped it
didn't find C9J5S7 in the database, skipped it
didn't find C9J634 in the database, skipped it
didn't find C9J637 in the database, skipped it
didn't find C9J699 in the database, skipped it
didn't find C9J6S5 in the database, skipped it
didn't find C9J7D1 in the database, skipped it
didn't find C9J7Q4 in the database, skipped it
didn't find C9J7Z4 in the database, skipped it
didn't find C9J835 in the database, skipped it
didn't find C9J8C7 in the database, skipped it
didn't find C9J8F0 in the database, skipped it
didn't find C9J8M6 in the database, skipped it
didn't find C9J8Q5 in the database, skipped it
didn't find C9J8S3 in the database, skipped it
didn't find C9J8U3 in the database, skipped it
didn't find C9JA17 in the database, skipped it
didn't find C9JBI3 in the database, skipped it
didn't find C9JBX5 in the database, skipped it
didn't find C9JD56 in the database, skipped it
didn't find C9JD65 in the database, skipped it
didn't find C9JDK4 in the database, skipped it
didn't find C9JE06 in the database, skipped it
didn't find C9JEA7 in the database, skipped it
didn't find C9JEB6 in the database, skipped it
didn't find C9JEL7 in the database, skipped it
didn't find C9JEV8 in the database, skipped it
didn't find C9JEX3 in the database, skipped it
didn't find C9JF79 in the database, skipped it
didn't find C9JFG1 in the database, skipped it
didn't find C9JFL8 in the database, skipped it
didn't find C9JG19 in the database, skipped it
didn't find C9JGI4 in the database, skipped it
didn't find C9JH19 in the database, skipped it
didn't find C9JHX4 in the database, skipped it
didn't find C9JHZ9 in the database, skipped it
didn't find C9JIF9 in the database, skipped it
didn't find C9JIK8 in the database, skipped it
didn't find C9JIR6 in the database, skipped it
didn't find C9JJH3 in the database, skipped it
didn't find C9JJQ8 in the database, skipped it
didn't find C9JJY6 in the database, skipped it
didn't find C9JK89 in the database, skipped it
didn't find C9JKQ0 in the database, skipped it
didn't find C9JKT2 in the database, skipped it
didn't find C9JKV7 in the database, skipped it
didn't find C9JLB1 in the database, skipped it
didn't find C9JLD7 in the database, skipped it
didn't find C9JLJ4 in the database, skipped it
didn't find C9JLV6 in the database, skipped it
didn't find C9JM13 in the database, skipped it
didn't find C9JMB8 in the database, skipped it
didn't find C9JMC5 in the database, skipped it
didn't find C9JNA8 in the database, skipped it
didn't find C9JP36 in the database, skipped it
didn't find C9JPK5 in the database, skipped it
didn't find C9JPN9 in the database, skipped it
didn't find C9JPU9 in the database, skipped it
didn't find C9JQ00 in the database, skipped it
didn't find C9JQD1 in the database, skipped it
didn't find C9JQV6 in the database, skipped it
didn't find C9JQX9 in the database, skipped it
didn't find C9JRJ5 in the database, skipped it
didn't find C9JRT8 in the database, skipped it
didn't find C9JS27 in the database, skipped it
didn't find C9JSJ3 in the database, skipped it
didn't find C9JST7 in the database, skipped it
didn't find C9JTY6 in the database, skipped it
didn't find C9JU26 in the database, skipped it
didn't find C9JUP7 in the database, skipped it
didn't find C9JV68 in the database, skipped it
didn't find C9JVI0 in the database, skipped it
didn't find C9JVL0 in the database, skipped it
didn't find C9JVW8 in the database, skipped it
didn't find C9JW47 in the database, skipped it
didn't find C9JWG1 in the database, skipped it
didn't find C9JWJ4 in the database, skipped it
didn't find C9JWN1 in the database, skipped it
didn't find C9JX27 in the database, skipped it
didn't find C9JX88 in the database, skipped it
didn't find C9JXC9 in the database, skipped it
didn't find C9JXG2 in the database, skipped it
didn't find C9JXJ9 in the database, skipped it
didn't find C9JXV4 in the database, skipped it
didn't find C9JY08 in the database, skipped it
didn't find C9JYA1 in the database, skipped it
didn't find C9JYS6 in the database, skipped it
didn't find D3DNG8 in the database, skipped it
didn't find D3DQV9 in the database, skipped it
didn't find D3DX16 in the database, skipped it
didn't find D3YTF8 in the database, skipped it
didn't find D4PHA4 in the database, skipped it
didn't find D5MRH1 in the database, skipped it
didn't find D6R901 in the database, skipped it
didn't find D6R917 in the database, skipped it
didn't find D6R954 in the database, skipped it
didn't find D6R960 in the database, skipped it
didn't find D6R9A6 in the database, skipped it
didn't find D6R9A9 in the database, skipped it
didn't find D6R9M0 in the database, skipped it
didn't find D6R9N7 in the database, skipped it
didn't find D6R9P2 in the database, skipped it
didn't find D6R9P4 in the database, skipped it
didn't find D6R9Q7 in the database, skipped it
didn't find D6R9T3 in the database, skipped it
didn't find D6R9U2 in the database, skipped it
didn't find D6R9U8 in the database, skipped it
didn't find D6RA48 in the database, skipped it
didn't find D6RA61 in the database, skipped it
didn't find D6RA81 in the database, skipped it
didn't find D6RAD4 in the database, skipped it
didn't find D6RAK2 in the database, skipped it
didn't find D6RAT0 in the database, skipped it
didn't find D6RAY7 in the database, skipped it
didn't find D6RB13 in the database, skipped it
didn't find D6RBA5 in the database, skipped it
didn't find D6RBF6 in the database, skipped it
didn't find D6RBL4 in the database, skipped it
didn't find D6RBQ6 in the database, skipped it
didn't find D6RBS3 in the database, skipped it
didn't find D6RC99 in the database, skipped it
didn't find D6RCB1 in the database, skipped it
didn't find D6RCD0 in the database, skipped it
didn't find D6RCF4 in the database, skipped it
didn't find D6RCP7 in the database, skipped it
didn't find D6RD69 in the database, skipped it
didn't find D6RDG9 in the database, skipped it
didn't find D6RDN3 in the database, skipped it
didn't find D6RE87 in the database, skipped it
didn't find D6REA0 in the database, skipped it
didn't find D6REB0 in the database, skipped it
didn't find D6RER8 in the database, skipped it
didn't find D6REX3 in the database, skipped it
didn't find D6RF69 in the database, skipped it
didn't find D6RFF0 in the database, skipped it
didn't find D6RFF8 in the database, skipped it
didn't find D6RFG2 in the database, skipped it
didn't find D6RFI4 in the database, skipped it
didn't find D6RFZ5 in the database, skipped it
didn't find D6RG31 in the database, skipped it
didn't find D6RGC4 in the database, skipped it
didn't find D6RGW5 in the database, skipped it
didn't find D6RGY2 in the database, skipped it
didn't find D6RGY3 in the database, skipped it
didn't find D6RH30 in the database, skipped it
didn't find D6RHZ5 in the database, skipped it
didn't find D6RHZ8 in the database, skipped it
didn't find D6RI05 in the database, skipped it
didn't find D6RIA3 in the database, skipped it
didn't find D6RIB6 in the database, skipped it
didn't find D6RIR6 in the database, skipped it
didn't find D6RJB6 in the database, skipped it
didn't find E0YMJ8 in the database, skipped it
didn't find E2QRF0 in the database, skipped it
didn't find E2QRG7 in the database, skipped it
didn't find E5KLJ9 in the database, skipped it
didn't find E5RFE7 in the database, skipped it
didn't find E5RFI3 in the database, skipped it
didn't find E5RFJ1 in the database, skipped it
didn't find E5RFL2 in the database, skipped it
didn't find E5RFR1 in the database, skipped it
didn't find E5RFS0 in the database, skipped it
didn't find E5RFT1 in the database, skipped it
didn't find E5RG31 in the database, skipped it
didn't find E5RG63 in the database, skipped it
didn't find E5RG81 in the database, skipped it
didn't find E5RG87 in the database, skipped it
didn't find E5RGA2 in the database, skipped it
didn't find E5RGL4 in the database, skipped it
didn't find E5RGU8 in the database, skipped it
didn't find E5RGZ4 in the database, skipped it
didn't find E5RH81 in the database, skipped it
didn't find E5RHC1 in the database, skipped it
didn't find E5RHP7 in the database, skipped it
didn't find E5RHS5 in the database, skipped it
didn't find E5RHV6 in the database, skipped it
didn't find E5RHW4 in the database, skipped it
didn't find E5RHX8 in the database, skipped it
didn't find E5RI35 in the database, skipped it


uniprot id 1	entrez gene id 1	gene name 1	uniprot id 2	entrez gene id 2	gene name 2	score
EIFCL_HUMAN	8663	EIF3C	EIF3A_HUMAN	8661	EIF3A	1.00
EIFCL_HUMAN	8663	EIF3C	EIF3I_HUMAN	8668	EIF3I	0.99
EIFCL_HUMAN	8663	EIF3C	EIF3G_HUMAN	8666	EIF3G	0.99
EIFCL_HUMAN	8663	EIF3C	EIF3B_HUMAN	8662	EIF3B	0.98
EIFCL_HUMAN	8663	EIF3C	EIF3H_HUMAN	8667	EIF3H	0.97
EIFCL_HUMAN	8663	EIF3C	EIF3F_HUMAN	8665	EIF3F	0.96
EIFCL_HUMAN	8663	EIF3C	EIF3E_HUMAN	3646	EIF3E	0.96
EIFCL_HUMAN	8663	EIF3C	EIF3K_HUMAN	27335	EIF3K	0.96
EIFCL_HUMAN	8663	EIF3C	EIF3D_HUMAN	8664	EIF3D	0.95
EIFCL_HUMAN	8663	EIF3C	EIF3M_HUMAN	10480	EIF3M	0.89
EIFCL_HUMAN	8663	EIF3C	EIF3L_HUMAN	51386	EIF3L	0.89
EIFCL_HUMAN	8663	EIF3C	IF4A1_HUMAN	1973	EIF4A1	0.87
EIFCL_HUMAN	8663	EIF3C	EIF1_HUMAN	10209	EIF1	0.87
EIFCL_HUMAN	8663	EIF3C	DDX3X_HUMAN	1654	DDX3X	0.86
F1712_HUMAN	284069	FAM171A2	EFNB2_HUMAN	1948	EFNB2	0.83
EIFCL_HUMAN	8663	EIF3C	EIF3J_HUMAN	8669	EIF3J	0.83
EIFCL_HUMAN	8663	EIF3C	UBE3A_HUMAN	7337	UBE3A	0.83
IGLL5_HUMAN	100423062	IGLL5	SUSD3_HUMAN	203328	SUSD3	0.83
IGLL5_HUMAN	100423062	IGLL5	IGLL1_HUMAN	3543	IGLL1	0.83
IGLL5_HUMAN	100423062	IGLL5	ASCC1_HUMAN	51008	ASCC1	0.83
IGLL5_HUMAN	100423062	IGLL5	CAH8_HUMAN	767	CA8	0.83
F1712_HUMAN	284069	FAM171A2	BT2A1_HUMAN	11120	BTN2A1	0.83
EIFCL_HUMAN	8663	EIF3C	HERC2_HUMAN	8924	HERC2	0.83
EIFCL_HUMAN	8663	EIF3C	EI2BG_HUMAN	8891	EIF2B3	0.82
F1712_HUMAN	284069	FAM171A2	PCDGD_HUMAN	56104	PCDHGB1	0.82
IGLL5_HUMAN	100423062	IGLL5	SNX27_HUMAN	81609	SNX27	0.82
F1712_HUMAN	284069	FAM171A2	PCDGG_HUMAN	8641	PCDHGB4	0.82
EIFCL_HUMAN	8663	EIF3C	MK06_HUMAN	5597	MAPK6	0.82
F1712_HUMAN	284069	FAM171A2	F171B_HUMAN	165215	FAM171B	0.82
IGLL5_HUMAN	100423062	IGLL5	TSN11_HUMAN	441631	TSPAN11	0.82
F1712_HUMAN	284069	FAM171A2	CXB7_HUMAN	375519	GJB7	0.82
F1712_HUMAN	284069	FAM171A2	BTNL3_HUMAN	10917	BTNL3	0.82
IGLL5_HUMAN	100423062	IGLL5	FRMD1_HUMAN	79981	FRMD1	0.82
EIFCL_HUMAN	8663	EIF3C	IF4A2_HUMAN	1974	EIF4A2	0.82
HGB1A_HUMAN	10357	HMGB1P1	HMGB1_HUMAN	3146	HMGB1	0.82
EIFCL_HUMAN	8663	EIF3C	RSPH9_HUMAN	221421	RSPH9	0.82
IGLL5_HUMAN	100423062	IGLL5	N2DL1_HUMAN	80329	ULBP1	0.82
F1712_HUMAN	284069	FAM171A2	NTRK3_HUMAN	4916	NTRK3	0.82
EIFCL_HUMAN	8663	EIF3C	IF16_HUMAN	3428	IFI16	0.82
F1712_HUMAN	284069	FAM171A2	P4HA3_HUMAN	283208	P4HA3	0.82
IGLL5_HUMAN	100423062	IGLL5	DDX31_HUMAN	64794	DDX31	0.82
F1712_HUMAN	284069	FAM171A2	KLRG2_HUMAN	346689	KLRG2	0.82
FOXO6_HUMAN	100132074	FOXO6	1433G_HUMAN	7532	YWHAG	0.82
EIFCL_HUMAN	8663	EIF3C	NEUL4_HUMAN	84461	NEURL4	0.82
F1712_HUMAN	284069	FAM171A2	CC50B_HUMAN	161291	TMEM30B	0.82
IGLL5_HUMAN	100423062	IGLL5	AL3A1_HUMAN	218	ALDH3A1	0.82
F1712_HUMAN	284069	FAM171A2	S39A5_HUMAN	283375	SLC39A5	0.82
FOXO6_HUMAN	100132074	FOXO6	1433B_HUMAN	7529	YWHAB	0.82
R10B2_HUMAN	222967, 728194	RSPH10B, RSPH10B2	CALL3_HUMAN	810	CALML3	0.82
EIFCL_HUMAN	8663	EIF3C	OCRL_HUMAN	4952	OCRL	0.82
F1712_HUMAN	284069	FAM171A2	JPH4_HUMAN	84502	JPH4	0.82
F1712_HUMAN	284069	FAM171A2	LIRB3_HUMAN	11025	LILRB3	0.82
FOXO6_HUMAN	100132074	FOXO6	1433T_HUMAN	10971	YWHAQ	0.82
IGLL5_HUMAN	100423062	IGLL5	DD19B_HUMAN	11269	DDX19B	0.82
EIFCL_HUMAN	8663	EIF3C	PSD12_HUMAN	5718	PSMD12	0.82
FOXO6_HUMAN	100132074	FOXO6	1433F_HUMAN	7533	YWHAH	0.82
F1712_HUMAN	284069	FAM171A2	GNAZ_HUMAN	2781	GNAZ	0.82
EIFCL_HUMAN	8663	EIF3C	CSK21_HUMAN	1457	CSNK2A1	0.79
EIFCL_HUMAN	8663	EIF3C	IF4G1_HUMAN	1981	EIF4G1	0.79
EIFCL_HUMAN	8663	EIF3C	UBP20_HUMAN	10868	USP20	0.76
EIFCL_HUMAN	8663	EIF3C	UBP3_HUMAN	9960	USP3	0.76
IGLL5_HUMAN	100423062	IGLL5		28834	IGLC7	0.74
EIFCL_HUMAN	8663	EIF3C	IF6_HUMAN	3692	EIF6	0.74
EIFCL_HUMAN	8663	EIF3C	SMAD9_HUMAN	4093	SMAD9	0.73
EIFCL_HUMAN	8663	EIF3C	SNIP1_HUMAN	79753	SNIP1	0.73
EIFCL_HUMAN	8663	EIF3C	IF1AX_HUMAN	1964	EIF1AX	0.73
F1712_HUMAN	284069	FAM171A2	RASK_HUMAN	3845	KRAS	0.73
F1712_HUMAN	284069	FAM171A2	RASN_HUMAN	4893	NRAS	0.73
F1712_HUMAN	284069	FAM171A2		374383	NCR3LG1	0.73
IGLL5_HUMAN	100423062	IGLL5	ITA9_HUMAN	3680	ITGA9	0.73
FHAD1_HUMAN	114827	FHAD1	H2B2F_HUMAN	440689	HIST2H2BF	0.72
EIFCL_HUMAN	8663	EIF3C	TPC2A_HUMAN	6399	TRAPPC2	0.72
EIFCL_HUMAN	8663	EIF3C	GPBP1_HUMAN	65056	GPBP1	0.72
HGB1A_HUMAN	10357	HMGB1P1	RAC1_HUMAN	5879	RAC1	0.72
FOXO6_HUMAN	100132074	FOXO6	EPC1_HUMAN	80314	EPC1	0.72
EIFCL_HUMAN	8663	EIF3C	NPM_HUMAN	4869	NPM1	0.72
FHAD1_HUMAN	114827	FHAD1	H2B1H_HUMAN	8345	HIST1H2BH	0.72
HGB1A_HUMAN	10357	HMGB1P1	CASP9_HUMAN	842	CASP9	0.72
ZN487_HUMAN	642819	ZNF487	NEK4_HUMAN	6787	NEK4	0.72
EIFCL_HUMAN	8663	EIF3C	LARP1_HUMAN	23367	LARP1	0.72
FOXO6_HUMAN	100132074	FOXO6	FOXO1_HUMAN	2308	FOXO1	0.72
IGLL5_HUMAN	100423062	IGLL5	EGLN_HUMAN	2022	ENG	0.72
EIFCL_HUMAN	8663	EIF3C	RAB5A_HUMAN	5868	RAB5A	0.72
EIFCL_HUMAN	8663	EIF3C	NELFB_HUMAN	25920	NELFB	0.72
FOXO6_HUMAN	100132074	FOXO6	DMAP1_HUMAN	55929	DMAP1	0.72
EIFCL_HUMAN	8663	EIF3C	HNRPU_HUMAN	3192	HNRNPU	0.72
FOXO6_HUMAN	100132074	FOXO6	ACL6A_HUMAN	86	ACTL6A	0.72
FOXO6_HUMAN	100132074	FOXO6	FOXO3_HUMAN	2309	FOXO3	0.72
EIFCL_HUMAN	8663	EIF3C	G3BP1_HUMAN	10146	G3BP1	0.72
HGB1A_HUMAN	10357	HMGB1P1	HSC20_HUMAN	150274	HSCB	0.72
FOXO6_HUMAN	100132074	FOXO6	MYC_HUMAN	4609	MYC	0.72
EIFCL_HUMAN	8663	EIF3C	KI67_HUMAN	4288	MKI67	0.72
EIFCL_HUMAN	8663	EIF3C	ESR1_HUMAN	2099	ESR1	0.72
EIFCL_HUMAN	8663	EIF3C	GPBL1_HUMAN	60313	GPBP1L1	0.72
HGB1A_HUMAN	10357	HMGB1P1	MET14_HUMAN	57721	METTL14	0.72
FOXO6_HUMAN	100132074	FOXO6	FOXO4_HUMAN	4303	FOXO4	0.72
EIFCL_HUMAN	8663	EIF3C	RL10_HUMAN	6134	RPL10	0.72
IGLL5_HUMAN	100423062	IGLL5	TRI68_HUMAN	55128	TRIM68	0.72
EIFCL_HUMAN	8663	EIF3C	KS6B1_HUMAN	6198	RPS6KB1	0.72
HGB1A_HUMAN	10357	HMGB1P1	RBP1_HUMAN	10928	RALBP1	0.72
FOXO6_HUMAN	100132074	FOXO6	YETS4_HUMAN	8089	YEATS4	0.72
EIFCL_HUMAN	8663	EIF3C	MTAP2_HUMAN	4133	MAP2	0.72
EIFCL_HUMAN	8663	EIF3C	DUS4_HUMAN	1846	DUSP4	0.72
EIFCL_HUMAN	8663	EIF3C	RPTOR_HUMAN	57521	RPTOR	0.72
FOXO6_HUMAN	100132074	FOXO6	KAT5_HUMAN	10524	KAT5	0.72
F1712_HUMAN	284069	FAM171A2	I23O2_HUMAN	169355	IDO2	0.72
HGB1A_HUMAN	10357	HMGB1P1	SH3G3_HUMAN	6457	SH3GL3	0.72
EIFCL_HUMAN	8663	EIF3C	CSK22_HUMAN	1459	CSNK2A2	0.70
EIFCL_HUMAN	8663	EIF3C	IF2P_HUMAN	9669	EIF5B	0.70
EIFCL_HUMAN	8663	EIF3C	RS3A_HUMAN	6189	RPS3A	0.70
EIFCL_HUMAN	8663	EIF3C	HG2A_HUMAN	972	CD74	0.68
EIFCL_HUMAN	8663	EIF3C	DDX60_HUMAN	55601	DDX60	0.68
EIFCL_HUMAN	8663	EIF3C	MB212_HUMAN	10586	MAB21L2	0.68
RAS4B_HUMAN	100271927	RASA4B	PCNA_HUMAN	5111	PCNA	0.65
FOXO6_HUMAN	100132074	FOXO6	FOXR2_HUMAN	139628	FOXR2	0.63
PDZ1P_HUMAN	100034743	PDZK1P1	KCTD3_HUMAN	51133	KCTD3	0.63
RUXGL_HUMAN			GPT11_HUMAN	253635	GPATCH11	0.63
RUXGL_HUMAN			PRP4_HUMAN	9128	PRPF4	0.63
RUXGL_HUMAN			RBM22_HUMAN	55696	RBM22	0.63
IGLL5_HUMAN	100423062	IGLL5	HBB_HUMAN	3043	HBB	0.63
EIFCL_HUMAN	8663	EIF3C	PFD1_HUMAN	5201	PFDN1	0.63
EIFCL_HUMAN	8663	EIF3C	RL7_HUMAN	6129	RPL7	0.63
EIFCL_HUMAN	8663	EIF3C	RECQ4_HUMAN	9401	RECQL4	0.63
F1712_HUMAN	284069	FAM171A2	NSN5B_HUMAN	155400	NSUN5P1	0.63
HGB1A_HUMAN	10357	HMGB1P1	TKT_HUMAN	7086	TKT	0.63
BTBDI_HUMAN	643376	BTBD18	DX39A_HUMAN	10212	DDX39A	0.63
IGLL5_HUMAN	100423062	IGLL5	DHR12_HUMAN	79758	DHRS12	0.63
EIFCL_HUMAN	8663	EIF3C	NP1L4_HUMAN	4676	NAP1L4	0.63
HGB1A_HUMAN	10357	HMGB1P1	PEBP1_HUMAN	5037	PEBP1	0.63
PDZ1P_HUMAN	100034743	PDZK1P1	S19A3_HUMAN	80704	SLC19A3	0.63
RUXGL_HUMAN			DDX20_HUMAN	11218	DDX20	0.63
RUXGL_HUMAN			PAXB1_HUMAN	94104	PAXBP1	0.63
IGLL5_HUMAN	100423062	IGLL5	LAC2_HUMAN			0.63
IGLL5_HUMAN	100423062	IGLL5	CSPG4_HUMAN	1464	CSPG4	0.63
EIFCL_HUMAN	8663	EIF3C	1433Z_HUMAN	7534	YWHAZ	0.63
EIFCL_HUMAN	8663	EIF3C	ALKB4_HUMAN	54784	ALKBH4	0.63
EIFCL_HUMAN	8663	EIF3C	IF4E_HUMAN	1977	EIF4E	0.63
EIFCL_HUMAN	8663	EIF3C	VIR_HUMAN	25962	VIRMA	0.63
F1712_HUMAN	284069	FAM171A2	EGLN3_HUMAN	112399	EGLN3	0.63
F1712_HUMAN	284069	FAM171A2	DYL2_HUMAN	140735	DYNLL2	0.63
FOXO6_HUMAN	100132074	FOXO6	MKRN2_HUMAN	23609	MKRN2	0.63
HSBPL_HUMAN	440498	HSBP1L1	IKBD_HUMAN	84807	NFKBID	0.63
IGLL5_HUMAN	100423062	IGLL5	EF1A2_HUMAN	1917	EEF1A2	0.63
IGLL5_HUMAN	100423062	IGLL5	FNDC5_HUMAN	252995	FNDC5	0.63
EIFCL_HUMAN	8663	EIF3C	AKAP1_HUMAN	8165	AKAP1	0.63
PDZ1P_HUMAN	100034743	PDZK1P1	MRP4_HUMAN	10257	ABCC4	0.63
RUXGL_HUMAN			MEPCE_HUMAN	56257	MEPCE	0.63
RUXGL_HUMAN			GEMI5_HUMAN	25929	GEMIN5	0.63
RUXGL_HUMAN			RSRC1_HUMAN	51319	RSRC1	0.63
IGLL5_HUMAN	100423062	IGLL5	NAR5_HUMAN	116969	ART5	0.63
EIFCL_HUMAN	8663	EIF3C	SUMO2_HUMAN	6613	SUMO2	0.63
EIFCL_HUMAN	8663	EIF3C	CIC_HUMAN	23152	CIC	0.63
F1712_HUMAN	284069	FAM171A2	TGFR2_HUMAN	7048	TGFBR2	0.63
F1712_HUMAN	284069	FAM171A2	MARCS_HUMAN	4082	MARCKS	0.63
F1712_HUMAN	284069	FAM171A2	LCK_HUMAN	3932	LCK	0.63
TM114_HUMAN	283953	TMEM114	EMP1_HUMAN	2012	EMP1	0.63
IGLL5_HUMAN	100423062	IGLL5	JUN_HUMAN	3725	JUN	0.63
IGLL5_HUMAN	100423062	IGLL5	RHBL4_HUMAN	84236	RHBDD1	0.63
IGLL5_HUMAN	100423062	IGLL5	HDAC9_HUMAN	9734	HDAC9	0.63
PDZ1P_HUMAN	100034743	PDZK1P1	EAA1_HUMAN	6507	SLC1A3	0.63
RUXGL_HUMAN			U1SBP_HUMAN	11066	SNRNP35	0.63
RUXGL_HUMAN			RBM40_HUMAN	55599	RNPC3	0.63
RUXGL_HUMAN			C19L2_HUMAN	143884	CWF19L2	0.63
IGLL5_HUMAN	100423062	IGLL5	LAMA5_HUMAN	3911	LAMA5	0.63
EIFCL_HUMAN	8663	EIF3C	KS6A3_HUMAN	6197	RPS6KA3	0.63
EIFCL_HUMAN	8663	EIF3C	TRADD_HUMAN	8717	TRADD	0.63
EIFCL_HUMAN	8663	EIF3C	IF4B_HUMAN	1975	EIF4B	0.63
F1712_HUMAN	284069	FAM171A2	CK052_HUMAN	91894	C11orf52	0.63
HGB1A_HUMAN	10357	HMGB1P1	AN32A_HUMAN	8125	ANP32A	0.63
CI172_HUMAN	389813	AJM1	VIR_HUMAN	25962	VIRMA	0.63
IGLL5_HUMAN	100423062	IGLL5	PINK1_HUMAN	65018	PINK1	0.63
EIFCL_HUMAN	8663	EIF3C	NUCL_HUMAN	4691	NCL	0.63
HGB1A_HUMAN	10357	HMGB1P1	CALL5_HUMAN	51806	CALML5	0.63
PDZ1P_HUMAN	100034743	PDZK1P1	KCD17_HUMAN	79734	KCTD17	0.63
RUXGL_HUMAN			SYF2_HUMAN	25949	SYF2	0.63
RUXGL_HUMAN			TOP1_HUMAN	7150	TOP1	0.63
IGLL5_HUMAN	100423062	IGLL5	SEM3B_HUMAN	7869	SEMA3B	0.63
IGLL5_HUMAN	100423062	IGLL5	LOXL2_HUMAN	4017	LOXL2	0.63
EIFCL_HUMAN	8663	EIF3C	UBE2A_HUMAN	7319	UBE2A	0.63
EIFCL_HUMAN	8663	EIF3C	RS20_HUMAN	6224	RPS20	0.63
EIFCL_HUMAN	8663	EIF3C	NUPR1_HUMAN	26471	NUPR1	0.63
F1712_HUMAN	284069	FAM171A2	NR3L1_HUMAN	374383	NCR3LG1	0.63
F1712_HUMAN	284069	FAM171A2	OPALI_HUMAN	93377	OPALIN	0.63
HGB1A_HUMAN	10357	HMGB1P1	MDM2_HUMAN	4193	MDM2	0.63
HSBPL_HUMAN	440498	HSBP1L1	ATRAP_HUMAN	57085	AGTRAP	0.63
IGLL5_HUMAN	100423062	IGLL5	AATC_HUMAN	2805	GOT1	0.63
IGLL5_HUMAN	100423062	IGLL5	PHF11_HUMAN	51131	PHF11	0.63
EIFCL_HUMAN	8663	EIF3C	ACTN3_HUMAN	89	ACTN3	0.63
PDZ1P_HUMAN	100034743	PDZK1P1	OTUL_HUMAN	90268	OTULIN	0.63
RUXGL_HUMAN			RU2A_HUMAN	6627	SNRPA1	0.63
RUXGL_HUMAN			RSMN_HUMAN	6638	SNRPN	0.63
RUXGL_HUMAN			PPIE_HUMAN	10450	PPIE	0.63
IGLL5_HUMAN	100423062	IGLL5	FKB10_HUMAN	60681	FKBP10	0.63
EIFCL_HUMAN	8663	EIF3C	MDM2_HUMAN	4193	MDM2	0.63
EIFCL_HUMAN	8663	EIF3C	CA172_HUMAN	126695	KDF1	0.63
F1712_HUMAN	284069	FAM171A2	SACA1_HUMAN	81833	SPACA1	0.63
F1712_HUMAN	284069	FAM171A2	TMM74_HUMAN	157753	TMEM74	0.63
F1712_HUMAN	284069	FAM171A2	LTOR1_HUMAN	55004	LAMTOR1	0.63
IGLL5_HUMAN	100423062	IGLL5	RPTOR_HUMAN	57521	RPTOR	0.63
IGLL5_HUMAN	100423062	IGLL5	MGT5B_HUMAN	146664	MGAT5B	0.63
TM232_HUMAN	642987	TMEM232	SMC3_HUMAN	9126	SMC3	0.63
PDZ1P_HUMAN	100034743	PDZK1P1	KLH17_HUMAN	339451	KLHL17	0.63
RUXGL_HUMAN			HTSF1_HUMAN	27336	HTATSF1	0.63
RUXGL_HUMAN			SYF1_HUMAN	56949	XAB2	0.63
RUXGL_HUMAN			ZGPAT_HUMAN	84619	ZGPAT	0.63
IGLL5_HUMAN	100423062	IGLL5	ITA7_HUMAN	3679	ITGA7	0.63
EIFCL_HUMAN	8663	EIF3C	XPO1_HUMAN	7514	XPO1	0.63
EIFCL_HUMAN	8663	EIF3C	BMI1_HUMAN	648	BMI1	0.63
EIFCL_HUMAN	8663	EIF3C	BRD4_HUMAN	23476	BRD4	0.63
F1712_HUMAN	284069	FAM171A2	DDX58_HUMAN	23586	DDX58	0.63
FHAD1_HUMAN	114827	FHAD1	KIF14_HUMAN	9928	KIF14	0.63
HGB1A_HUMAN	10357	HMGB1P1	EZH2_HUMAN	2146	EZH2	0.63
CI172_HUMAN	389813	AJM1	AAKG3_HUMAN	53632	PRKAG3	0.63
IGLL5_HUMAN	100423062	IGLL5	GBG8_HUMAN	94235	GNG8	0.63
EIFCL_HUMAN	8663	EIF3C	MYH9_HUMAN	4627	MYH9	0.63
HGB1A_HUMAN	10357	HMGB1P1	PDIA4_HUMAN	9601	PDIA4	0.63
PDZ1P_HUMAN	100034743	PDZK1P1	SH2D5_HUMAN	400745	SH2D5	0.63
RUXGL_HUMAN			CD2B2_HUMAN	10421	CD2BP2	0.63
RUXGL_HUMAN			PRP17_HUMAN	51362	CDC40	0.63
IGLL5_HUMAN	100423062	IGLL5	PCSK9_HUMAN	255738	PCSK9	0.63
EIFCL_HUMAN	8663	EIF3C	ICAM1_HUMAN	3383	ICAM1	0.63
EIFCL_HUMAN	8663	EIF3C	CHD4_HUMAN	1108	CHD4	0.63
EIFCL_HUMAN	8663	EIF3C	KLF8_HUMAN	11279	KLF8	0.63
EIFCL_HUMAN	8663	EIF3C	SLN11_HUMAN	91607	SLFN11	0.63
F1712_HUMAN	284069	FAM171A2	AFAD_HUMAN	4301	AFDN	0.63
HGB1A_HUMAN	10357	HMGB1P1	ABCE1_HUMAN	6059	ABCE1	0.63
NCF1C_HUMAN	654817	NCF1C	CUL7_HUMAN	9820	CUL7	0.63
IGLL5_HUMAN	100423062	IGLL5	FINC_HUMAN	2335	FN1	0.63
IGLL5_HUMAN	100423062	IGLL5	FACD2_HUMAN	2177	FANCD2	0.63
IGLL5_HUMAN	100423062	IGLL5	SIA7F_HUMAN	30815	ST6GALNAC6	0.63
EIFCL_HUMAN	8663	EIF3C	RM02_HUMAN	51069	MRPL2	0.63
EIFCL_HUMAN	8663	EIF3C	4ET_HUMAN	56478	EIF4ENIF1	0.63
PDZ1P_HUMAN	100034743	PDZK1P1	SC5A6_HUMAN	8884	SLC5A6	0.63
RUXGL_HUMAN			RU1C_HUMAN	6631	SNRPC	0.63
RUXGL_HUMAN			U2AFM_HUMAN	8233	ZRSR2	0.63
RUXGL_HUMAN			ICLN_HUMAN	1207	CLNS1A	0.63
IGLL5_HUMAN	100423062	IGLL5	CNTP3_HUMAN	79937	CNTNAP3	0.63
EIFCL_HUMAN	8663	EIF3C	TADBP_HUMAN	23435	TARDBP	0.63
EIFCL_HUMAN	8663	EIF3C	CYLD_HUMAN	1540	CYLD	0.63
EIFCL_HUMAN	8663	EIF3C	IF4G3_HUMAN	8672	EIF4G3	0.63
F1712_HUMAN	284069	FAM171A2	KCC2B_HUMAN	816	CAMK2B	0.63
F1712_HUMAN	284069	FAM171A2	RAC3_HUMAN	5881	RAC3	0.63
F1712_HUMAN	284069	FAM171A2	BACE2_HUMAN	25825	BACE2	0.63
HGB1A_HUMAN	10357	HMGB1P1	REG3G_HUMAN	130120	REG3G	0.63
ZN487_HUMAN	642819	ZNF487	DX39A_HUMAN	10212	DDX39A	0.63
IGLL5_HUMAN	100423062	IGLL5	FNDC1_HUMAN	84624	FNDC1	0.63
FOXO6_HUMAN	100132074	FOXO6		2310	FOXO3B	0.63
PDZ1P_HUMAN	100034743	PDZK1P1	ASND1_HUMAN	54529	ASNSD1	0.63
RUXGL_HUMAN			SNR48_HUMAN	154007	SNRNP48	0.63
RUXGL_HUMAN			TGS1_HUMAN	96764	TGS1	0.63
RUXGL_HUMAN			GEMI4_HUMAN	50628	GEMIN4	0.63
EIFCL_HUMAN	8663	EIF3C	PAF15_HUMAN	9768	PCLAF	0.63
EIFCL_HUMAN	8663	EIF3C	GAN_HUMAN	8139	GAN	0.63
EIFCL_HUMAN	8663	EIF3C	RBM39_HUMAN	9584	RBM39	0.63
F1712_HUMAN	284069	FAM171A2	DYL1_HUMAN	8655	DYNLL1	0.63
FHAD1_HUMAN	114827	FHAD1	KLF8_HUMAN	11279	KLF8	0.63
HGB1A_HUMAN	10357	HMGB1P1	RSAD2_HUMAN	91543	RSAD2	0.63
HSBPL_HUMAN	440498	HSBP1L1	CKLF4_HUMAN	146223	CMTM4	0.63
IGLL5_HUMAN	100423062	IGLL5	OR2A4_HUMAN	79541	OR2A4	0.63
IGLL5_HUMAN	100423062	IGLL5	EGFL8_HUMAN	80864	EGFL8	0.63
HGB1A_HUMAN	10357	HMGB1P1	BASP1_HUMAN	10409	BASP1	0.63
PDZ1P_HUMAN	100034743	PDZK1P1	KCTD2_HUMAN	23510	KCTD2	0.63
RUXGL_HUMAN			TFP11_HUMAN	24144	TFIP11	0.63
RUXGL_HUMAN			CCD12_HUMAN	151903	CCDC12	0.63
IGLL5_HUMAN	100423062	IGLL5	ZG16B_HUMAN	124220	ZG16B	0.63
IGLL5_HUMAN	100423062	IGLL5	NEO1_HUMAN	4756	NEO1	0.63
EIFCL_HUMAN	8663	EIF3C	CPT1A_HUMAN	1374	CPT1A	0.63
EIFCL_HUMAN	8663	EIF3C	DLDH_HUMAN	1738	DLD	0.63
EIFCL_HUMAN	8663	EIF3C	A16L1_HUMAN	55054	ATG16L1	0.63
EIFCL_HUMAN	8663	EIF3C	WWP2_HUMAN	11060	WWP2	0.63
F1712_HUMAN	284069	FAM171A2	CLC4A_HUMAN	50856	CLEC4A	0.63
HGB1A_HUMAN	10357	HMGB1P1	LARP7_HUMAN	51574	LARP7	0.63
NCF1C_HUMAN	654817	NCF1C	NCF1_HUMAN	653361	NCF1	0.63
IGLL5_HUMAN	100423062	IGLL5	RING2_HUMAN	6045	RNF2	0.63
IGLL5_HUMAN	100423062	IGLL5	KITH_HUMAN	7083	TK1	0.63
IGLL5_HUMAN	100423062	IGLL5	PRKX_HUMAN	5613	PRKX	0.63
EIFCL_HUMAN	8663	EIF3C	TIM16_HUMAN	51025	PAM16	0.63
EIFCL_HUMAN	8663	EIF3C		728689	EIF3CL	0.63
PDZ1P_HUMAN	100034743	PDZK1P1	DECR2_HUMAN	26063	DECR2	0.63
RUXGL_HUMAN			SNRPA_HUMAN	6626	SNRPA	0.63
RUXGL_HUMAN			TSSC4_HUMAN	10078	TSSC4	0.63
RUXGL_HUMAN			RSMB_HUMAN	6628	SNRPB	0.63
IGLL5_HUMAN	100423062	IGLL5	TTC13_HUMAN	79573	TTC13	0.63
EIFCL_HUMAN	8663	EIF3C	CCDC8_HUMAN	83987	CCDC8	0.63
EIFCL_HUMAN	8663	EIF3C	U5S1_HUMAN	9343	EFTUD2	0.63
EIFCL_HUMAN	8663	EIF3C	GSK3B_HUMAN	2932	GSK3B	0.63
F1712_HUMAN	284069	FAM171A2	STX7_HUMAN	8417	STX7	0.63
F1712_HUMAN	284069	FAM171A2	ZFPL1_HUMAN	7542	ZFPL1	0.63
HGB1A_HUMAN	10357	HMGB1P1	SUMO2_HUMAN	6613	SUMO2	0.63
ZN727_HUMAN	442319	ZNF727	H4_HUMAN	121504, 554313, 8294, 8359, 8360, 8361, 8362, 8363, 8364, 8365, 8366, 8367, 8368, 8370	HIST4H4, HIST2H4B, HIST1H4I, HIST1H4A, HIST1H4D, HIST1H4F, HIST1H4K, HIST1H4J, HIST1H4C, HIST1H4H, HIST1H4B, HIST1H4E, HIST1H4L, HIST2H4A	0.63
IGLL5_HUMAN	100423062	IGLL5	EGFR_HUMAN	1956	EGFR	0.63
IGLL5_HUMAN	100423062	IGLL5	DCAF4_HUMAN	26094	DCAF4	0.63
PDZ1P_HUMAN	100034743	PDZK1P1	KCTD5_HUMAN	54442	KCTD5	0.63
RUXGL_HUMAN			PRPF3_HUMAN	9129	PRPF3	0.63
RUXGL_HUMAN			LSM10_HUMAN	84967	LSM10	0.63
BTBDI_HUMAN	643376	BTBD18	NXF1_HUMAN	10482	NXF1	0.63
IGLL5_HUMAN	100423062	IGLL5	IDUA_HUMAN	3425	IDUA	0.63
EIFCL_HUMAN	8663	EIF3C	RAD21_HUMAN	5885	RAD21	0.63
EIFCL_HUMAN	8663	EIF3C	NTRK1_HUMAN	4914	NTRK1	0.63
EIFCL_HUMAN	8663	EIF3C	LRRK2_HUMAN	120892	LRRK2	0.63
EIFCL_HUMAN	8663	EIF3C	ZCH18_HUMAN	124245	ZC3H18	0.63
F1712_HUMAN	284069	FAM171A2	LMBRL_HUMAN	55716	LMBR1L	0.63
FHAD1_HUMAN	114827	FHAD1	RAC2_HUMAN	5880	RAC2	0.63
HGB1A_HUMAN	10357	HMGB1P1	CALM_HUMAN	801, 805, 808	CALM1, CALM2, CALM3	0.63
HSBPL_HUMAN	440498	HSBP1L1	TR10D_HUMAN	8793	TNFRSF10D	0.63
IGLL5_HUMAN	100423062	IGLL5	RIBC1_HUMAN	158787	RIBC1	0.63
IGLL5_HUMAN	100423062	IGLL5	PTSS1_HUMAN	9791	PTDSS1	0.63
EIFCL_HUMAN	8663	EIF3C	RT35_HUMAN	60488	MRPS35	0.63
HGB1A_HUMAN	10357	HMGB1P1	PARK7_HUMAN	11315	PARK7	0.63
PDZ1P_HUMAN	100034743	PDZK1P1	CK5P1_HUMAN	51654	CDK5RAP1	0.63
RUXGL_HUMAN			SF3B2_HUMAN	10992	SF3B2	0.63
RUXGL_HUMAN			SNR27_HUMAN	11017	SNRNP27	0.63
IGLL5_HUMAN	100423062	IGLL5	PLXB2_HUMAN	23654	PLXNB2	0.63
IGLL5_HUMAN	100423062	IGLL5	POTEF_HUMAN	728378	POTEF	0.63
EIFCL_HUMAN	8663	EIF3C	RIOK2_HUMAN	55781	RIOK2	0.63
EIFCL_HUMAN	8663	EIF3C	GRWD1_HUMAN	83743	GRWD1	0.63
EIFCL_HUMAN	8663	EIF3C	UBP10_HUMAN	9100	USP10	0.63
F1712_HUMAN	284069	FAM171A2	SGCA_HUMAN	6442	SGCA	0.63
F1712_HUMAN	284069	FAM171A2	CD53_HUMAN	963	CD53	0.63
HGB1A_HUMAN	10357	HMGB1P1	RPTOR_HUMAN	57521	RPTOR	0.63
PDZ1P_HUMAN	100034743	PDZK1P1	ESR1_HUMAN	2099	ESR1	0.63
IGLL5_HUMAN	100423062	IGLL5	SUZ12_HUMAN	23512	SUZ12	0.63
IGLL5_HUMAN	100423062	IGLL5	UBE2U_HUMAN	148581	UBE2U	0.63
IGLL5_HUMAN	100423062	IGLL5	GABPA_HUMAN	2551	GABPA	0.63
EIFCL_HUMAN	8663	EIF3C	RS24_HUMAN	6229	RPS24	0.63
EIFCL_HUMAN	8663	EIF3C	PRC2B_HUMAN	84726	PRRC2B	0.63
PDZ1P_HUMAN	100034743	PDZK1P1	S4A7_HUMAN	9497	SLC4A7	0.63
RUXGL_HUMAN			SF3A3_HUMAN	10946	SF3A3	0.63
RUXGL_HUMAN			RUXE_HUMAN	6635	SNRPE	0.63
RUXGL_HUMAN			LSM11_HUMAN	134353	LSM11	0.63
IGLL5_HUMAN	100423062	IGLL5	T132A_HUMAN	54972	TMEM132A	0.63
EIFCL_HUMAN	8663	EIF3C	MEPCE_HUMAN	56257	MEPCE	0.63
EIFCL_HUMAN	8663	EIF3C	PINK1_HUMAN	65018	PINK1	0.63
F1712_HUMAN	284069	FAM171A2	PSA3_HUMAN	5684	PSMA3	0.63
F1712_HUMAN	284069	FAM171A2	CAV1_HUMAN	857	CAV1	0.63
F1712_HUMAN	284069	FAM171A2	RHOF_HUMAN	54509	RHOF	0.63
HGB1A_HUMAN	10357	HMGB1P1	PTMS_HUMAN	5763	PTMS	0.63
ZN727_HUMAN	442319	ZNF727	RN123_HUMAN	63891	RNF123	0.63
IGLL5_HUMAN	100423062	IGLL5	CR021_HUMAN	83608	C18orf21	0.63
PDZ1P_HUMAN	100034743	PDZK1P1	CSK22_HUMAN	1459	CSNK2A2	0.63
RUXGL_HUMAN			SNUT1_HUMAN	9092	SART1	0.63
RUXGL_HUMAN			STPAP_HUMAN	64852	TUT1	0.63
IGLL5_HUMAN	100423062	IGLL5	GRP78_HUMAN	3309	HSPA5	0.63
EIFCL_HUMAN	8663	EIF3C	HDAC5_HUMAN	10014	HDAC5	0.63
EIFCL_HUMAN	8663	EIF3C	MCM2_HUMAN	4171	MCM2	0.63
EIFCL_HUMAN	8663	EIF3C	STAU1_HUMAN	6780	STAU1	0.63
F1712_HUMAN	284069	FAM171A2	RAC1_HUMAN	5879	RAC1	0.63
FHAD1_HUMAN	114827	FHAD1	P53_HUMAN	7157	TP53	0.63
HGB1A_HUMAN	10357	HMGB1P1	TCL1B_HUMAN	9623	TCL1B	0.63
HSBPL_HUMAN	440498	HSBP1L1	PLP2_HUMAN	5355	PLP2	0.63
IGLL5_HUMAN	100423062	IGLL5	CP057_HUMAN	79650	USB1	0.63
IGLL5_HUMAN	100423062	IGLL5	MBNL1_HUMAN	4154	MBNL1	0.63
EIFCL_HUMAN	8663	EIF3C	G45IP_HUMAN	90480	GADD45GIP1	0.63
NCF1C_HUMAN	654817	NCF1C	TRIM9_HUMAN	114088	TRIM9	0.63
PDZ1P_HUMAN	100034743	PDZK1P1	RHG17_HUMAN	55114	ARHGAP17	0.63
RUXGL_HUMAN			GPTC1_HUMAN	55094	GPATCH1	0.63
RUXGL_HUMAN			U520_HUMAN	23020	SNRNP200	0.63
IGLL5_HUMAN	100423062	IGLL5	MA2B2_HUMAN	23324	MAN2B2	0.63
KIF28_HUMAN			TEX10_HUMAN	54881	TEX10	0.63
EIFCL_HUMAN	8663	EIF3C	IGSF8_HUMAN	93185	IGSF8	0.63
EIFCL_HUMAN	8663	EIF3C	LARP7_HUMAN	51574	LARP7	0.63
EIFCL_HUMAN	8663	EIF3C	DUS28_HUMAN	285193	DUSP28	0.63
F1712_HUMAN	284069	FAM171A2	ALG1L_HUMAN	200810	ALG1L	0.63
F1712_HUMAN	284069	FAM171A2	PRDX2_HUMAN	7001	PRDX2	0.63
IGLL5_HUMAN	100423062	IGLL5	EZH2_HUMAN	2146	EZH2	0.63
IGLL5_HUMAN	100423062	IGLL5	RUNX2_HUMAN	860	RUNX2	0.63
IGLL5_HUMAN	100423062	IGLL5	TIM10_HUMAN	26519	TIMM10	0.63
EIFCL_HUMAN	8663	EIF3C	TMEDA_HUMAN	10972	TMED10	0.63
PDZ1P_HUMAN	100034743	PDZK1P1	UBP3_HUMAN	9960	USP3	0.63
RUXGL_HUMAN			GEMI2_HUMAN	8487	GEMIN2	0.63
RUXGL_HUMAN			RUXF_HUMAN	6636	SNRPF	0.63
RUXGL_HUMAN			TXN4A_HUMAN	10907	TXNL4A	0.63
IGLL5_HUMAN	100423062	IGLL5	PLXA3_HUMAN	55558	PLXNA3	0.63
EIFCL_HUMAN	8663	EIF3C	DYHC2_HUMAN	79659	DYNC2H1	0.63
EIFCL_HUMAN	8663	EIF3C	ZN598_HUMAN	90850	ZNF598	0.63
EIFCL_HUMAN	8663	EIF3C	NAA40_HUMAN	79829	NAA40	0.63
F1712_HUMAN	284069	FAM171A2	TMM17_HUMAN	200728	TMEM17	0.63
F1712_HUMAN	284069	FAM171A2	TNF18_HUMAN	8995	TNFSF18	0.63
F1712_HUMAN	284069	FAM171A2	TIGIT_HUMAN	201633	TIGIT	0.63
HGB1A_HUMAN	10357	HMGB1P1	EP300_HUMAN	2033	EP300	0.63
ZNF99_HUMAN	7652	ZNF99	DUS26_HUMAN	78986	DUSP26	0.63
IGLL5_HUMAN	100423062	IGLL5	CC032_HUMAN	51066	SSUH2	0.63
FOXO6_HUMAN	100132074	FOXO6	FOXO6_HUMAN	100132074	FOXO6	0.63
PDZ1P_HUMAN	100034743	PDZK1P1	SC6A6_HUMAN	6533	SLC6A6	0.63
RUXGL_HUMAN			U5S1_HUMAN	9343	EFTUD2	0.63
RUXGL_HUMAN			DHX35_HUMAN	60625	DHX35	0.63
IGLL5_HUMAN	100423062	IGLL5	HLAF_HUMAN	3134	HLA-F	0.63
EIFCL_HUMAN	8663	EIF3C	STK4_HUMAN	6789	STK4	0.63
EIFCL_HUMAN	8663	EIF3C	TNIP1_HUMAN	10318	TNIP1	0.63
EIFCL_HUMAN	8663	EIF3C	LRC59_HUMAN	55379	LRRC59	0.63
F1712_HUMAN	284069	FAM171A2	E41LA_HUMAN	64097	EPB41L4A	0.63
HGB1A_HUMAN	10357	HMGB1P1	NALP7_HUMAN	199713	NLRP7	0.63
HSBPL_HUMAN	440498	HSBP1L1	PBX4_HUMAN	80714	PBX4	0.63
IGLL5_HUMAN	100423062	IGLL5	HBAT_HUMAN	3049	HBQ1	0.63
IGLL5_HUMAN	100423062	IGLL5	KLK10_HUMAN	5655	KLK10	0.63
EIFCL_HUMAN	8663	EIF3C	AAGAB_HUMAN	79719	AAGAB	0.63
EIFCL_HUMAN	8663	EIF3C	TACC3_HUMAN	10460	TACC3	0.63
RUXGL_HUMAN			WDR83_HUMAN	84292	WDR83	0.63
RUXGL_HUMAN			SF3B1_HUMAN	23451	SF3B1	0.63
IGLL5_HUMAN	100423062	IGLL5	NOMO1_HUMAN	23420	NOMO1	0.63
EIFCL_HUMAN	8663	EIF3C	PIHD1_HUMAN	55011	PIH1D1	0.63
EIFCL_HUMAN	8663	EIF3C	KLF16_HUMAN	83855	KLF16	0.63
EIFCL_HUMAN	8663	EIF3C	ANGE1_HUMAN	23357	ANGEL1	0.63
F1712_HUMAN	284069	FAM171A2	STX6_HUMAN	10228	STX6	0.63
F1712_HUMAN	284069	FAM171A2	IL7RA_HUMAN	3575	IL7R	0.63
IGLL5_HUMAN	100423062	IGLL5	2ABB_HUMAN	5521	PPP2R2B	0.63
IGLL5_HUMAN	100423062	IGLL5	CCR1_HUMAN	1230	CCR1	0.63
EIFCL_HUMAN	8663	EIF3C	RL8_HUMAN	6132	RPL8	0.63
PDZ1P_HUMAN	100034743	PDZK1P1	KLH24_HUMAN	54800	KLHL24	0.63
RUXGL_HUMAN			RBM42_HUMAN	79171	RBM42	0.63
RUXGL_HUMAN			SMD2_HUMAN	6633	SNRPD2	0.63
RUXGL_HUMAN			AKA7G_HUMAN	9465	AKAP7	0.63
IGLL5_HUMAN	100423062	IGLL5	TTC17_HUMAN	55761	TTC17	0.63
EIFCL_HUMAN	8663	EIF3C	CAF1A_HUMAN	10036	CHAF1A	0.63
EIFCL_HUMAN	8663	EIF3C	DX39A_HUMAN	10212	DDX39A	0.63
F1712_HUMAN	284069	FAM171A2	RHOB_HUMAN	388	RHOB	0.63
F1712_HUMAN	284069	FAM171A2	ZN174_HUMAN	7727	ZNF174	0.63
HGB1A_HUMAN	10357	HMGB1P1	MED28_HUMAN	80306	MED28	0.63
ZNF99_HUMAN	7652	ZNF99	GLP1R_HUMAN	2740	GLP1R	0.63
IGLL5_HUMAN	100423062	IGLL5	MATN2_HUMAN	4147	MATN2	0.63
EIFCL_HUMAN	8663	EIF3C	MRP1_HUMAN	4363	ABCC1	0.63
HGB1A_HUMAN	10357	HMGB1P1	IF6_HUMAN	3692	EIF6	0.63
PDZ1P_HUMAN	100034743	PDZK1P1	SCRB1_HUMAN	949	SCARB1	0.63
RUXGL_HUMAN			SART3_HUMAN	9733	SART3	0.63
RUXGL_HUMAN			DGC14_HUMAN	8220	ESS2	0.63
IGLL5_HUMAN	100423062	IGLL5	BGLR_HUMAN	2990	GUSB	0.63
EIFCL_HUMAN	8663	EIF3C	VCAM1_HUMAN	7412	VCAM1	0.63
EIFCL_HUMAN	8663	EIF3C	JUN_HUMAN	3725	JUN	0.63
EIFCL_HUMAN	8663	EIF3C	LEG9_HUMAN	3965	LGALS9	0.63
F1712_HUMAN	284069	FAM171A2	PCDGH_HUMAN	56101	PCDHGB5	0.63
ISM1_HUMAN	140862	ISM1	DX39A_HUMAN	10212	DDX39A	0.63
HSBPL_HUMAN	440498	HSBP1L1	FKBP7_HUMAN	51661	FKBP7	0.63
IGLL5_HUMAN	100423062	IGLL5	SNIP1_HUMAN	79753	SNIP1	0.63
IGLL5_HUMAN	100423062	IGLL5	CIR1_HUMAN	9541	CIR1	0.63
EIFCL_HUMAN	8663	EIF3C	NUA4L_HUMAN	56901	NDUFA4L2	0.63
EIFCL_HUMAN	8663	EIF3C	H15_HUMAN	3009	HIST1H1B	0.63
R10B2_HUMAN	222967, 728194	RSPH10B, RSPH10B2	HERC1_HUMAN	8925	HERC1	0.63
RUXGL_HUMAN			SNW1_HUMAN	22938	SNW1	0.63
RUXGL_HUMAN			GEMI6_HUMAN	79833	GEMIN6	0.63
IGLL5_HUMAN	100423062	IGLL5	CRLF1_HUMAN	9244	CRLF1	0.63
EIFCL_HUMAN	8663	EIF3C	UBD_HUMAN	10537	UBD	0.63
EIFCL_HUMAN	8663	EIF3C	PRD16_HUMAN	63976	PRDM16	0.63
EIFCL_HUMAN	8663	EIF3C	EP300_HUMAN	2033	EP300	0.63
F1712_HUMAN	284069	FAM171A2	TPOR_HUMAN	4352	MPL	0.63
F1712_HUMAN	284069	FAM171A2	TTMP_HUMAN	79669	C3orf52	0.63
IGLL5_HUMAN	100423062	IGLL5	FOXN3_HUMAN	1112	FOXN3	0.63
IGLL5_HUMAN	100423062	IGLL5	PISD_HUMAN	23761	PISD	0.63
PDZ1P_HUMAN	100034743	PDZK1P1	COL12_HUMAN	81035	COLEC12	0.63
RUXGL_HUMAN			RU17_HUMAN	6625	SNRNP70	0.63
RUXGL_HUMAN			SMD1_HUMAN	6632	SNRPD1	0.63
RUXGL_HUMAN			GEMI8_HUMAN	54960	GEMIN8	0.63
IGLL5_HUMAN	100423062	IGLL5	SEM4G_HUMAN	57715	SEMA4G	0.63
EIFCL_HUMAN	8663	EIF3C	CD4_HUMAN	920	CD4	0.63
EIFCL_HUMAN	8663	EIF3C	P53_HUMAN	7157	TP53	0.63
F1712_HUMAN	284069	FAM171A2	FLOT1_HUMAN	10211	FLOT1	0.63
F1712_HUMAN	284069	FAM171A2	LYN_HUMAN	4067	LYN	0.63
HGB1A_HUMAN	10357	HMGB1P1	PER2_HUMAN	8864	PER2	0.63
ADM5_HUMAN	199800	ADM5	DX39A_HUMAN	10212	DDX39A	0.63
IGLL5_HUMAN	100423062	IGLL5	SSBP2_HUMAN	23635	SSBP2	0.63
EIFCL_HUMAN	8663	EIF3C	RM15_HUMAN	29088	MRPL15	0.63
HGB1A_HUMAN	10357	HMGB1P1	STMN1_HUMAN	3925	STMN1	0.63
PDZ1P_HUMAN	100034743	PDZK1P1	ZBTB5_HUMAN	9925	ZBTB5	0.63
RUXGL_HUMAN			SF3A1_HUMAN	10291	SF3A1	0.63
RUXGL_HUMAN			PKRI1_HUMAN	79706	PRKRIP1	0.63
IGLL5_HUMAN	100423062	IGLL5	FGFR4_HUMAN	2264	FGFR4	0.63
EIFCL_HUMAN	8663	EIF3C	SF01_HUMAN	7536	SF1	0.63
EIFCL_HUMAN	8663	EIF3C	TCTP_HUMAN	7178	TPT1	0.63
EIFCL_HUMAN	8663	EIF3C	4EBP2_HUMAN	1979	EIF4EBP2	0.63
F1712_HUMAN	284069	FAM171A2	X3CL1_HUMAN	6376	CX3CL1	0.63
KILIN_HUMAN	100144748	KLLN	DX39A_HUMAN	10212	DDX39A	0.63
HSBPL_HUMAN	440498	HSBP1L1	SNG3_HUMAN	9143	SYNGR3	0.63
IGLL5_HUMAN	100423062	IGLL5	TAD2A_HUMAN	6871	TADA2A	0.63
IGLL5_HUMAN	100423062	IGLL5	ITLN2_HUMAN	142683	ITLN2	0.63
EIFCL_HUMAN	8663	EIF3C	PKHF2_HUMAN	79666	PLEKHF2	0.63
RUXGL_HUMAN			DDX23_HUMAN	9416	DDX23	0.63
RUXGL_HUMAN			PRP8_HUMAN	10594	PRPF8	0.63
IGLL5_HUMAN	100423062	IGLL5	GPR56_HUMAN	9289	ADGRG1	0.63
EIFCL_HUMAN	8663	EIF3C	CD81_HUMAN	975	CD81	0.63
EIFCL_HUMAN	8663	EIF3C	HEXI1_HUMAN	10614	HEXIM1	0.63
EIFCL_HUMAN	8663	EIF3C	NUDC2_HUMAN	134492	NUDCD2	0.63
F1712_HUMAN	284069	FAM171A2	RHOQ_HUMAN	23433	RHOQ	0.63
F1712_HUMAN	284069	FAM171A2	CXA1_HUMAN	2697	GJA1	0.63
IGLL5_HUMAN	100423062	IGLL5	NRSN1_HUMAN	140767	NRSN1	0.63
IGLL5_HUMAN	100423062	IGLL5	BRD4_HUMAN	23476	BRD4	0.63
EIFCL_HUMAN	8663	EIF3C	RS4X_HUMAN	6191	RPS4X	0.63
PDZ1P_HUMAN	100034743	PDZK1P1	S22A5_HUMAN	6584	SLC22A5	0.63
RUXGL_HUMAN			RU2B_HUMAN	6629	SNRPB2	0.63
RUXGL_HUMAN			SMD3_HUMAN	6634	SNRPD3	0.63
RUXGL_HUMAN			SMN_HUMAN	6606, 6607	SMN1, SMN2	0.63
IGLL5_HUMAN	100423062	IGLL5	CD151_HUMAN	977	CD151	0.63
EIFCL_HUMAN	8663	EIF3C	TAD2A_HUMAN	6871	TADA2A	0.63
EIFCL_HUMAN	8663	EIF3C	1433S_HUMAN	2810	SFN	0.63
EIFCL_HUMAN	8663	EIF3C	UBP14_HUMAN	9097	USP14	0.63
F1712_HUMAN	284069	FAM171A2	AMPN_HUMAN	290	ANPEP	0.63
F1712_HUMAN	284069	FAM171A2	RCAS1_HUMAN	9166	EBAG9	0.63
HGB1A_HUMAN	10357	HMGB1P1	SDF2L_HUMAN	23753	SDF2L1	0.63
BTBDI_HUMAN	643376	BTBD18	EGFR_HUMAN	1956	EGFR	0.63
IGLL5_HUMAN	100423062	IGLL5	PIHD1_HUMAN	55011	PIH1D1	0.63
IGLL5_HUMAN	100423062	IGLL5	TM39B_HUMAN	55116	TMEM39B	0.63
HGB1A_HUMAN	10357	HMGB1P1	NEDD4_HUMAN	4734	NEDD4	0.63
PDZ1P_HUMAN	100034743	PDZK1P1	FRYL_HUMAN	285527	FRYL	0.63
RUXGL_HUMAN			SF3B4_HUMAN	10262	SF3B4	0.63
RUXGL_HUMAN			TOE1_HUMAN	114034	TOE1	0.63
IGLL5_HUMAN	100423062	IGLL5	FGFR3_HUMAN	2261	FGFR3	0.63
EIFCL_HUMAN	8663	EIF3C	CDK2_HUMAN	1017	CDK2	0.63
EIFCL_HUMAN	8663	EIF3C	TIF1B_HUMAN	10155	TRIM28	0.63
F1712_HUMAN	284069	FAM171A2	RAB35_HUMAN	11021	RAB35	0.63
HSBPL_HUMAN	440498	HSBP1L1	MESD_HUMAN	23184	MESD	0.63
IGLL5_HUMAN	100423062	IGLL5	CXB5_HUMAN	2709	GJB5	0.63
IGLL5_HUMAN	100423062	IGLL5	STX17_HUMAN	55014	STX17	0.63
EIFCL_HUMAN	8663	EIF3C	MERL_HUMAN	4771	NF2	0.63
PDZ1P_HUMAN	100034743	PDZK1P1	SHKB1_HUMAN	92799	SHKBP1	0.63
RUXGL_HUMAN			CRNL1_HUMAN	51340	CRNKL1	0.63
RUXGL_HUMAN			NADAP_HUMAN	22950	SLC4A1AP	0.63
RUXGL_HUMAN			AQR_HUMAN	9716	AQR	0.63
IGLL5_HUMAN	100423062	IGLL5	SUN2_HUMAN	25777	SUN2	0.63
EIFCL_HUMAN	8663	EIF3C	DSS1_HUMAN	7979	SEM1	0.63
EIFCL_HUMAN	8663	EIF3C	SPDLY_HUMAN	54908	SPDL1	0.63
EIFCL_HUMAN	8663	EIF3C	WDR5_HUMAN	11091	WDR5	0.63
F1712_HUMAN	284069	FAM171A2	GBG8_HUMAN	94235	GNG8	0.63
F1712_HUMAN	284069	FAM171A2	CXAR_HUMAN	1525	CXADR	0.63
HGB1A_HUMAN	10357	HMGB1P1	BMI1_HUMAN	648	BMI1	0.63
RUXGL_HUMAN			PAK4_HUMAN	10298	PAK4	0.63
IGLL5_HUMAN	100423062	IGLL5	COE2_HUMAN	64641	EBF2	0.63
IGLL5_HUMAN	100423062	IGLL5	SFXN4_HUMAN	119559	SFXN4	0.63
EIFCL_HUMAN	8663	EIF3C	ODPX_HUMAN	8050	PDHX	0.63
PDZ1P_HUMAN	100034743	PDZK1P1	ECI2_HUMAN	10455	ECI2	0.63
RUXGL_HUMAN			PDCD7_HUMAN	10081	PDCD7	0.63
RUXGL_HUMAN			PRP31_HUMAN	26121	PRPF31	0.63
RUXGL_HUMAN			CMTR2_HUMAN	55783	CMTR2	0.63
IGLL5_HUMAN	100423062	IGLL5	ZNHI2_HUMAN	741	ZNHIT2	0.63
EIFCL_HUMAN	8663	EIF3C	HMOX2_HUMAN	3163	HMOX2	0.63
EIFCL_HUMAN	8663	EIF3C	4EBP1_HUMAN	1978	EIF4EBP1	0.63
F1712_HUMAN	284069	FAM171A2	RHOJ_HUMAN	57381	RHOJ	0.63
F1712_HUMAN	284069	FAM171A2	GBG2_HUMAN	54331	GNG2	0.63
HGB1A_HUMAN	10357	HMGB1P1	HMGA1_HUMAN	3159	HMGA1	0.63
BTBDI_HUMAN	643376	BTBD18	TRI33_HUMAN	51592	TRIM33	0.63
IGLL5_HUMAN	100423062	IGLL5	DSCR6_HUMAN	53820	RIPPLY3	0.63
EIFCL_HUMAN	8663	EIF3C	NP1L1_HUMAN	4673	NAP1L1	0.63
HGB1A_HUMAN	10357	HMGB1P1	PGAM1_HUMAN	5223	PGAM1	0.63
PDZ1P_HUMAN	100034743	PDZK1P1	ZBED1_HUMAN	9189	ZBED1	0.63
RUXGL_HUMAN			ZMAT5_HUMAN	55954	ZMAT5	0.63
RUXGL_HUMAN			SF3B6_HUMAN	51639	SF3B6	0.63
IGLL5_HUMAN	100423062	IGLL5	LAC7_HUMAN			0.63
IGLL5_HUMAN	100423062	IGLL5	CYTS_HUMAN	1472	CST4	0.63
EIFCL_HUMAN	8663	EIF3C	CUL3_HUMAN	8452	CUL3	0.63
EIFCL_HUMAN	8663	EIF3C	MATR3_HUMAN	9782	MATR3	0.63
F1712_HUMAN	284069	FAM171A2	PTPRF_HUMAN	5792	PTPRF	0.63
F1712_HUMAN	284069	FAM171A2	NRSN1_HUMAN	140767	NRSN1	0.63
HSBPL_HUMAN	440498	HSBP1L1	HEM1_HUMAN	211	ALAS1	0.63
IGLL5_HUMAN	100423062	IGLL5	RANB9_HUMAN	10048	RANBP9	0.63
IGLL5_HUMAN	100423062	IGLL5	T176B_HUMAN	28959	TMEM176B	0.63
EIFCL_HUMAN	8663	EIF3C	MTOR_HUMAN	2475	MTOR	0.63
EIFCL_HUMAN	8663	EIF3C	PICK1_HUMAN	9463	PICK1	0.63
PDZ1P_HUMAN	100034743	PDZK1P1	BCR_HUMAN	613	BCR	0.63
RUXGL_HUMAN			PRP6_HUMAN	24148	PRPF6	0.63
RUXGL_HUMAN			ISY1_HUMAN	57461	ISY1	0.63
RUXGL_HUMAN			CCD84_HUMAN	338657	CCDC84	0.63
IGLL5_HUMAN	100423062	IGLL5	NOE2_HUMAN	93145	OLFM2	0.63
EIFCL_HUMAN	8663	EIF3C	SUMO3_HUMAN	6612	SUMO3	0.63
EIFCL_HUMAN	8663	EIF3C	CHD3_HUMAN	1107	CHD3	0.63
EIFCL_HUMAN	8663	EIF3C	EVI1_HUMAN	2122	MECOM	0.63
F1712_HUMAN	284069	FAM171A2	DNJC5_HUMAN	80331	DNAJC5	0.63
F1712_HUMAN	284069	FAM171A2	EFNB1_HUMAN	1947	EFNB1	0.63
RUXGL_HUMAN			BMI1_HUMAN	648	BMI1	0.63
IGLL5_HUMAN	100423062	IGLL5	NTRK1_HUMAN	4914	NTRK1	0.63
IGLL5_HUMAN	100423062	IGLL5	SG1D1_HUMAN	10648	SCGB1D1	0.63
IGLL5_HUMAN	100423062	IGLL5	PLCA_HUMAN	10554	AGPAT1	0.63
