didn't find P0DSN6 in the database, skipped it
didn't find P0DSO1 in the database, skipped it
didn't find P0DSO3 in the database, skipped it
didn't find P0DTA3 in the database, skipped it
didn't find P0DTE0 in the database, skipped it
didn't find P0DTF9 in the database, skipped it
didn't find P0DTL4 in the database, skipped it
didn't find P0DUD1 in the database, skipped it
didn't find P0DUD2 in the database, skipped it
didn't find P0DUD3 in the database, skipped it
didn't find P0DUD4 in the database, skipped it
didn't find P0DUQ1 in the database, skipped it
didn't find P0DUX0 in the database, skipped it
didn't find P0DUX1 in the database, skipped it
didn't find P0DV73 in the database, skipped it
didn't find P0DV74 in the database, skipped it
didn't find P0DV75 in the database, skipped it
didn't find P0DV76 in the database, skipped it
didn't find P0DV79 in the database, skipped it
didn't find P0DW11 in the database, skipped it
didn't find P0DW12 in the database, skipped it
didn't find P0DW13 in the database, skipped it
didn't find P0DW14 in the database, skipped it
didn't find P0DW85 in the database, skipped it
didn't find P0DX00 in the database, skipped it
didn't find P0DX01 in the database, skipped it
didn't find P0DX02 in the database, skipped it
didn't find P0DX04 in the database, skipped it
didn't find P0DX52 in the database, skipped it
didn't find Q05BE5 in the database, skipped it
didn't find Q05DB8 in the database, skipped it
didn't find Q05DJ0 in the database, skipped it
didn't find Q05GC8 in the database, skipped it
didn't find Q08AS3 in the database, skipped it
didn't find Q08AT0 in the database, skipped it
didn't find Q08E91 in the database, skipped it
didn't find Q09GN1 in the database, skipped it
didn't find Q0PRL4 in the database, skipped it
didn't find Q13030 in the database, skipped it
didn't find Q14899 in the database, skipped it
didn't find Q14950 in the database, skipped it
didn't find Q14DL9 in the database, skipped it
didn't find Q1JUQ5 in the database, skipped it
didn't find Q1T7F1 in the database, skipped it
didn't find Q29967 in the database, skipped it
didn't find Q2L6G8 in the database, skipped it
didn't find Q2MD54 in the database, skipped it
didn't find Q2MD59 in the database, skipped it
didn't find Q2MDF5 in the database, skipped it
didn't find Q2N1I1 in the database, skipped it
didn't find Q2QBA2 in the database, skipped it
didn't find Q2TA70 in the database, skipped it
didn't find Q2XQZ0 in the database, skipped it
didn't find Q30118 in the database, skipped it
didn't find Q31611 in the database, skipped it
didn't find Q32Q12 in the database, skipped it
didn't find Q38LG0 in the database, skipped it
didn't find Q3B759 in the database, skipped it
didn't find Q3BDU3 in the database, skipped it
didn't find Q3BDU5 in the database, skipped it
didn't find Q3LGB0 in the database, skipped it
didn't find Q3MHB9 in the database, skipped it
didn't find Q3MSN4 in the database, skipped it
didn't find Q3Y452 in the database, skipped it
didn't find Q3YAB7 in the database, skipped it
didn't find Q3ZK31 in the database, skipped it
didn't find Q495V6 in the database, skipped it
didn't find Q49A12 in the database, skipped it
didn't find Q49AN9 in the database, skipped it
didn't find Q49AQ3 in the database, skipped it
didn't find Q4FAT2 in the database, skipped it
didn't find Q4R1J8 in the database, skipped it
didn't find Q4R9M9 in the database, skipped it
didn't find Q4TT34 in the database, skipped it
didn't find Q4TT37 in the database, skipped it
didn't find Q4TT61 in the database, skipped it
didn't find Q4VAR0 in the database, skipped it
didn't find Q4VXA6 in the database, skipped it
didn't find Q4VXL4 in the database, skipped it
didn't find Q4VXL8 in the database, skipped it
didn't find Q4VXP6 in the database, skipped it
didn't find Q4VXY6 in the database, skipped it
didn't find Q4VXZ8 in the database, skipped it
didn't find Q4VY12 in the database, skipped it
didn't find Q53S48 in the database, skipped it
didn't find Q53SE3 in the database, skipped it
didn't find Q53YU7 in the database, skipped it
didn't find Q53Z42 in the database, skipped it
didn't find Q59FP8 in the database, skipped it
didn't find Q5BKV1 in the database, skipped it
didn't find Q5CZ70 in the database, skipped it
didn't find Q5EP54 in the database, skipped it
didn't find Q5FBX5 in the database, skipped it
didn't find Q5FBX8 in the database, skipped it
didn't find Q5FBY3 in the database, skipped it
didn't find Q5FBZ4 in the database, skipped it
didn't find Q5FBZ9 in the database, skipped it
didn't find Q5H907 in the database, skipped it
didn't find Q5H909 in the database, skipped it
didn't find Q5H918 in the database, skipped it
didn't find Q5H919 in the database, skipped it
didn't find Q5H9A7 in the database, skipped it
didn't find Q5H9B4 in the database, skipped it
didn't find Q5H9B5 in the database, skipped it
didn't find Q5H9J9 in the database, skipped it
didn't find Q5H9P2 in the database, skipped it
didn't find Q5HY40 in the database, skipped it
didn't find Q5HY57 in the database, skipped it
didn't find Q5HY81 in the database, skipped it
didn't find Q5I0G2 in the database, skipped it
didn't find Q5JP01 in the database, skipped it
didn't find Q5JPT9 in the database, skipped it
didn't find Q5JPU1 in the database, skipped it
didn't find Q5JQN9 in the database, skipped it
didn't find Q5JQP3 in the database, skipped it
didn't find Q5JR04 in the database, skipped it
didn't find Q5JRC6 in the database, skipped it
didn't find Q5JRG1 in the database, skipped it
didn't find Q5JRI7 in the database, skipped it
didn't find Q5JRJ0 in the database, skipped it
didn't find Q5JRK0 in the database, skipped it
didn't find Q5JRR6 in the database, skipped it
didn't find Q5JRR9 in the database, skipped it
didn't find Q5JRS0 in the database, skipped it
didn't find Q5JRY3 in the database, skipped it
didn't find Q5JRY4 in the database, skipped it
didn't find Q5JSB5 in the database, skipped it
didn't find Q5JSB6 in the database, skipped it
didn't find Q5JSC9 in the database, skipped it
didn't find Q5JSD1 in the database, skipped it
didn't find Q5JSD2 in the database, skipped it
didn't find Q5JSG7 in the database, skipped it
didn't find Q5JSK6 in the database, skipped it
didn't find Q5JSK7 in the database, skipped it
didn't find Q5JSK8 in the database, skipped it
didn't find Q5JSK9 in the database, skipped it
didn't find Q5JSL0 in the database, skipped it
didn't find Q5JSS2 in the database, skipped it
didn't find Q5JSY7 in the database, skipped it
didn't find Q5JSZ1 in the database, skipped it
didn't find Q5JSZ2 in the database, skipped it
didn't find Q5JSZ6 in the database, skipped it
didn't find Q5JT02 in the database, skipped it
didn't find Q5JT03 in the database, skipped it
didn't find Q5JT05 in the database, skipped it
didn't find Q5JT07 in the database, skipped it
didn't find Q5JT35 in the database, skipped it
didn't find Q5JTU8 in the database, skipped it
didn't find Q5JTV1 in the database, skipped it
didn't find Q5JUB8 in the database, skipped it
didn't find Q5JUB9 in the database, skipped it
didn't find Q5JUH9 in the database, skipped it
didn't find Q5JUY5 in the database, skipped it
didn't find Q5JV20 in the database, skipped it
didn't find Q5JV98 in the database, skipped it
didn't find Q5JVP2 in the database, skipped it
didn't find Q5JW71 in the database, skipped it
didn't find Q5JW85 in the database, skipped it
didn't find Q5JWD1 in the database, skipped it
didn't find Q5JWG0 in the database, skipped it
didn't find Q5JWG2 in the database, skipped it
didn't find Q5JWQ4 in the database, skipped it
didn't find Q5JWT2 in the database, skipped it
didn't find Q5JWU1 in the database, skipped it
didn't find Q5JWZ0 in the database, skipped it
didn't find Q5JX45 in the database, skipped it
didn't find Q5JX66 in the database, skipped it
didn't find Q5JXD3 in the database, skipped it
didn't find Q5JXI2 in the database, skipped it
didn't find Q5JXL1 in the database, skipped it
didn't find Q5JXT2 in the database, skipped it
didn't find Q5JXX1 in the database, skipped it
didn't find Q5JXX2 in the database, skipped it
didn't find Q5JY65 in the database, skipped it
didn't find Q5JYE8 in the database, skipped it
didn't find Q5JYG3 in the database, skipped it
didn't find Q5JYG4 in the database, skipped it
didn't find Q5JYG5 in the database, skipped it
didn't find Q5JYL1 in the database, skipped it
didn't find Q5JYR3 in the database, skipped it
didn't find Q5JYR4 in the database, skipped it
didn't find Q5JYR7 in the database, skipped it
didn't find Q5JZ08 in the database, skipped it
didn't find Q5JZB7 in the database, skipped it
didn't find Q5JZB8 in the database, skipped it
didn't find Q5JZH0 in the database, skipped it
didn't find Q5JZH3 in the database, skipped it
didn't find Q5MJ34 in the database, skipped it
didn't find Q5MJ35 in the database, skipped it
didn't find Q5QNZ2 in the database, skipped it
didn't find Q5QP01 in the database, skipped it
didn't find Q5QP40 in the database, skipped it
didn't find Q5QPE1 in the database, skipped it
didn't find Q5QPE2 in the database, skipped it
didn't find Q5QPE5 in the database, skipped it
didn't find Q5QPE8 in the database, skipped it
didn't find Q5QPI7 in the database, skipped it
didn't find Q5QPI9 in the database, skipped it
didn't find Q5QPJ3 in the database, skipped it
didn't find Q5QPJ4 in the database, skipped it
didn't find Q5QPJ6 in the database, skipped it
didn't find Q5QPJ7 in the database, skipped it
didn't find Q5QPJ9 in the database, skipped it
didn't find Q5QPK2 in the database, skipped it
didn't find Q5QPM7 in the database, skipped it
didn't find Q5QPM9 in the database, skipped it
didn't find Q5QPP1 in the database, skipped it
didn't find Q5QPP3 in the database, skipped it
didn't find Q5QPP4 in the database, skipped it
didn't find Q5QPP9 in the database, skipped it
didn't find Q5QPQ0 in the database, skipped it
didn't find Q5QPQ1 in the database, skipped it
didn't find Q5QPQ2 in the database, skipped it
didn't find Q5QPV1 in the database, skipped it
didn't find Q5R341 in the database, skipped it
didn't find Q5R342 in the database, skipped it
didn't find Q5R345 in the database, skipped it
didn't find Q5R349 in the database, skipped it
didn't find Q5R3B4 in the database, skipped it
didn't find Q5RGS4 in the database, skipped it
didn't find Q5RJ27 in the database, skipped it
didn't find Q5SNW5 in the database, skipped it
didn't find Q5SNW7 in the database, skipped it
didn't find Q5SP00 in the database, skipped it
didn't find Q5SPM2 in the database, skipped it
didn't find Q5SPU2 in the database, skipped it
didn't find Q5SQH5 in the database, skipped it
didn't find Q5SQL3 in the database, skipped it


uniprot id 1	entrez gene id 1	gene name 1	uniprot id 2	entrez gene id 2	gene name 2	score
TTC31_HUMAN	64427	TTC31	LZTS2_HUMAN	84445	LZTS2	0.87
SWAHC_HUMAN	65124	SOWAHC	DCAF7_HUMAN	10238	DCAF7	0.87
ANR39_HUMAN	51239	ANKRD39	CUL3_HUMAN	8452	CUL3	0.87
DC4L1_HUMAN	285429	DCAF4L1	CUL4A_HUMAN	8451	CUL4A	0.87
PLAC9_HUMAN	219348	PLAC9	EMIL1_HUMAN	11117	EMILIN1	0.86
CQ090_HUMAN	339229	OXLD1	MRRP3_HUMAN	9692	KIAA0391	0.83
CR021_HUMAN	83608	C18orf21	RPP29_HUMAN	10775	POP4	0.83
CQ090_HUMAN	339229	OXLD1	MOCS1_HUMAN	4337	MOCS1	0.83
CQ090_HUMAN	339229	OXLD1	DLP1_HUMAN	57107	PDSS2	0.83
TTC31_HUMAN	64427	TTC31	GILT_HUMAN	10437	IFI30	0.83
CQ090_HUMAN	339229	OXLD1	TRUA_HUMAN	80324	PUS1	0.83
CQ090_HUMAN	339229	OXLD1	MIDA_HUMAN	55471	NDUFAF7	0.83
RNS13_HUMAN	440163	RNASE13	COEA1_HUMAN	7373	COL14A1	0.83
CQ090_HUMAN	339229	OXLD1	HIBCH_HUMAN	26275	HIBCH	0.83
CQ090_HUMAN	339229	OXLD1	SYAM_HUMAN	57505	AARS2	0.83
FA78A_HUMAN	286336	FAM78A	ADDG_HUMAN	120	ADD3	0.83
CQ090_HUMAN	339229	OXLD1	UQCC1_HUMAN	55245	UQCC1	0.83
RNS13_HUMAN	440163	RNASE13	CA2D2_HUMAN	9254	CACNA2D2	0.83
CQ090_HUMAN	339229	OXLD1	MTG2_HUMAN	26164	MTG2	0.83
CQ090_HUMAN	339229	OXLD1	ATPF2_HUMAN	91647	ATPAF2	0.83
CQ090_HUMAN	339229	OXLD1	TR61B_HUMAN	55006	TRMT61B	0.83
CQ090_HUMAN	339229	OXLD1	CA220_HUMAN	400798	C1orf220	0.83
DX26B_HUMAN	203522	INTS6L	CEP63_HUMAN	80254	CEP63	0.83
CF226_HUMAN	441150	C6orf226	THIK_HUMAN	30	ACAA1	0.83
RNS13_HUMAN	440163	RNASE13	PPM1A_HUMAN	5494	PPM1A	0.83
CQ090_HUMAN	339229	OXLD1	NDUF5_HUMAN	79133	NDUFAF5	0.83
CQ090_HUMAN	339229	OXLD1	DHB8_HUMAN	7923	HSD17B8	0.83
GAG2E_HUMAN	26749	GAGE2E	GMCL1_HUMAN	64395	GMCL1	0.83
CQ090_HUMAN	339229	OXLD1	CG055_HUMAN	154791	FMC1	0.83
CE064_HUMAN	285668	C5orf64	H2AX_HUMAN	3014	H2AFX	0.83
CQ090_HUMAN	339229	OXLD1	TOP3A_HUMAN	7156	TOP3A	0.83
CQ090_HUMAN	339229	OXLD1	HEM1_HUMAN	211	ALAS1	0.83
CATL3_HUMAN	392360	CTSL3P	CATL1_HUMAN	1514	CTSL	0.83
CQ090_HUMAN	339229	OXLD1	SYCM_HUMAN	79587	CARS2	0.83
TMM31_HUMAN	203562	TMEM31	UBQL1_HUMAN	29979	UBQLN1	0.83
CQ090_HUMAN	339229	OXLD1	GRPE2_HUMAN	134266	GRPEL2	0.83
MORN2_HUMAN	729967	MORN2	CH074_HUMAN	203076	C8orf74	0.83
CQ090_HUMAN	339229	OXLD1	KAD4_HUMAN	205	AK4	0.83
RNS13_HUMAN	440163	RNASE13	SUSD1_HUMAN	64420	SUSD1	0.83
CF226_HUMAN	441150	C6orf226	PEX7_HUMAN	5191	PEX7	0.83
CQ090_HUMAN	339229	OXLD1	SYNM_HUMAN	79731	NARS2	0.83
CQ090_HUMAN	339229	OXLD1	ACSF3_HUMAN	197322	ACSF3	0.83
RS26L_HUMAN	441502	RPS26P11	H11_HUMAN	3024	HIST1H1A	0.83
TUSC1_HUMAN	286319	TUSC1	GGPPS_HUMAN	9453	GGPS1	0.83
CQ090_HUMAN	339229	OXLD1	DPOG1_HUMAN	5428	POLG	0.83
DC4L1_HUMAN	285429	DCAF4L1	CUL4B_HUMAN	8450	CUL4B	0.83
CR021_HUMAN	83608	C18orf21	RPP25_HUMAN	54913	RPP25	0.83
CQ090_HUMAN	339229	OXLD1	TRM2_HUMAN	79979	TRMT2B	0.83
CR021_HUMAN	83608	C18orf21	RP25L_HUMAN	138716	RPP25L	0.82
DSCR4_HUMAN	10281	DSCR4	CROL1_HUMAN	84809	CROCCP2	0.82
RNS13_HUMAN	440163	RNASE13	APOD_HUMAN	347	APOD	0.82
CCD58_HUMAN	131076	CCDC58	GLYM_HUMAN	6472	SHMT2	0.82
TTC38_HUMAN	55020	TTC38	K1683_HUMAN	80726	IQCN	0.82
CC043_HUMAN	255798	SMCO1	JIP4_HUMAN	9043	SPAG9	0.82
CR021_HUMAN	83608	C18orf21	POP7_HUMAN	10248	POP7	0.82
CCD27_HUMAN	148870	CCDC27	LOXE3_HUMAN	59344	ALOXE3	0.82
CQ090_HUMAN	339229	OXLD1	HVCN1_HUMAN	84329	HVCN1	0.82
RNS13_HUMAN	440163	RNASE13	CBPE_HUMAN	1363	CPE	0.82
TTC38_HUMAN	55020	TTC38	FBX7_HUMAN	25793	FBXO7	0.82
CR021_HUMAN	83608	C18orf21	RPP30_HUMAN	10556	RPP30	0.82
RS26L_HUMAN	441502	RPS26P11	ZN692_HUMAN	55657	ZNF692	0.82
CCD27_HUMAN	148870	CCDC27	HUTH_HUMAN	3034	HAL	0.82
CQ090_HUMAN	339229	OXLD1	MMAB_HUMAN	326625	MMAB	0.82
CE028_HUMAN	64417	TMEM267	ECM29_HUMAN	23392	ECPAS	0.82
CQ090_HUMAN	339229	OXLD1	UQCC2_HUMAN	84300	UQCC2	0.82
CQ090_HUMAN	339229	OXLD1	CAF17_HUMAN	200205	IBA57	0.82
CR021_HUMAN	83608	C18orf21	RPP38_HUMAN	10557	RPP38	0.82
TTC31_HUMAN	64427	TTC31	NXF2_HUMAN	56001, 728343	NXF2, NXF2B	0.82
CCD27_HUMAN	148870	CCDC27	LX12B_HUMAN	242	ALOX12B	0.82
CQ090_HUMAN	339229	OXLD1	SSDH_HUMAN	7915	ALDH5A1	0.82
LRC10_HUMAN	376132	LRRC10	SGT1_HUMAN	10910	SUGT1	0.82
TMM31_HUMAN	203562	TMEM31	UBQL2_HUMAN	29978	UBQLN2	0.82
GAG2E_HUMAN	26749	GAGE2E	GMCLL_HUMAN	64396	GMCL2	0.82
CC043_HUMAN	255798	SMCO1	JIP3_HUMAN	23162	MAPK8IP3	0.82
CF226_HUMAN	441150	C6orf226	PAHX_HUMAN	5264	PHYH	0.82
CR021_HUMAN	83608	C18orf21	RPP40_HUMAN	10799	RPP40	0.82
CE028_HUMAN	64417	TMEM267	LCAP_HUMAN	4012	LNPEP	0.82
LRC10_HUMAN	376132	LRRC10	TCPB_HUMAN	10576	CCT2	0.82
CR021_HUMAN	83608	C18orf21	POP1_HUMAN	10940	POP1	0.82
TIGD6_HUMAN	81789	TIGD6	GTF2I_HUMAN	2969	GTF2I	0.82
CCD27_HUMAN	148870	CCDC27	CLH2_HUMAN	8218	CLTCL1	0.82
TMM31_HUMAN	203562	TMEM31	AT5G3_HUMAN	518	ATP5MC3	0.82
LRC10_HUMAN	376132	LRRC10	TCPW_HUMAN	10693	CCT6B	0.82
CR021_HUMAN	83608	C18orf21	MECP2_HUMAN	4204	MECP2	0.82
CQ090_HUMAN	339229	OXLD1	EFTS_HUMAN	10102	TSFM	0.82
CR021_HUMAN	83608	C18orf21	POP5_HUMAN	51367	POP5	0.82
TIGD6_HUMAN	81789	TIGD6	MTHR_HUMAN	4524	MTHFR	0.82
CE064_HUMAN	285668	C5orf64	CQ090_HUMAN	339229	OXLD1	0.82
RS26L_HUMAN	441502	RPS26P11	SART3_HUMAN	9733	SART3	0.82
CR021_HUMAN	83608	C18orf21	RPP14_HUMAN	11102	RPP14	0.82
TIGD6_HUMAN	81789	TIGD6	HERC1_HUMAN	8925	HERC1	0.82
CT452_HUMAN	728911	CT45A2	APOM_HUMAN	55937	APOM	0.82
CCD58_HUMAN	131076	CCDC58	PHB2_HUMAN	11331	PHB2	0.82
ANR39_HUMAN	51239	ANKRD39	CUL2_HUMAN	8453	CUL2	0.82
SWAHC_HUMAN	65124	SOWAHC	RHOB_HUMAN	388	RHOB	0.82
CR021_HUMAN	83608	C18orf21	CC017_HUMAN	25871	NEPRO	0.82
CQ090_HUMAN	339229	OXLD1	NUD19_HUMAN	390916	NUDT19	0.82
DSCR4_HUMAN	10281	DSCR4	HSP7C_HUMAN	3312	HSPA8	0.82
ANR39_HUMAN	51239	ANKRD39	CUL4B_HUMAN	8450	CUL4B	0.82
MORN2_HUMAN	729967	MORN2	CC120_HUMAN	90060	CCDC120	0.82
FABP9_HUMAN	646480	FABP9	LIPS_HUMAN	3991	LIPE	0.79
CF225_HUMAN	619208	FAM229B	TSSK1_HUMAN	83942	TSSK1B	0.78
TCAL5_HUMAN	340543	TCEAL5	NR4A2_HUMAN	4929	NR4A2	0.75
CQ090_HUMAN	339229	OXLD1	AUHM_HUMAN	549	AUH	0.74
F27E3_HUMAN	100131997	FAM27E3	MDFI_HUMAN	4188	MDFI	0.74
CQ090_HUMAN	339229	OXLD1	PDK1_HUMAN	5163	PDK1	0.74
ELOF1_HUMAN	84337	ELOF1	CE022_HUMAN	55322	C5orf22	0.73
ANR39_HUMAN	51239	ANKRD39	HIF1N_HUMAN	55662	HIF1AN	0.73
SPDE2_HUMAN	441273	SPDYE2	MARE1_HUMAN	22919	MAPRE1	0.73
CCD58_HUMAN	131076	CCDC58	COX41_HUMAN	1327	COX4I1	0.73
TTC31_HUMAN	64427	TTC31	Z3H7A_HUMAN	29066	ZC3H7A	0.73
DX26B_HUMAN	203522	INTS6L	INT5_HUMAN	80789	INTS5	0.73
K0040_HUMAN	9674	KIAA0040	MDFI_HUMAN	4188	MDFI	0.73
CF226_HUMAN	441150	C6orf226	APBP2_HUMAN	10513	APPBP2	0.73
F27E3_HUMAN	100131997	FAM27E3	CC85B_HUMAN	11007	CCDC85B	0.73
SWAHC_HUMAN	65124	SOWAHC	RHOD_HUMAN	29984	RHOD	0.73
F27E3_HUMAN	100131997	FAM27E3	KR412_HUMAN	83755	KRTAP4-12	0.73
CU058_HUMAN	54058	C21orf58	MTUS2_HUMAN	23281	MTUS2	0.73
CF226_HUMAN	441150	C6orf226	HNRPK_HUMAN	3190	HNRNPK	0.73
TMM62_HUMAN	80021	TMEM62	NPL4_HUMAN	55666	NPLOC4	0.73
CCD58_HUMAN	131076	CCDC58	SFXN1_HUMAN	94081	SFXN1	0.73
TMM31_HUMAN	203562	TMEM31	SGTA_HUMAN	6449	SGTA	0.73
CCD58_HUMAN	131076	CCDC58	AIFM1_HUMAN	9131	AIFM1	0.73
R39L5_HUMAN	553117	RPL39P5	GRB7_HUMAN	2886	GRB7	0.72
UE2NL_HUMAN	389898	UBE2NL	CAV1_HUMAN	857	CAV1	0.72
TIGD6_HUMAN	81789	TIGD6	TAU_HUMAN	4137	MAPT	0.72
F133B_HUMAN	257415	FAM133B	PP4R2_HUMAN	151987	PPP4R2	0.72
TMM62_HUMAN	80021	TMEM62	PAR2_HUMAN	2150	F2RL1	0.72
TIGD6_HUMAN	81789	TIGD6	MAGD2_HUMAN	10916	MAGED2	0.72
RS26L_HUMAN	441502	RPS26P11	M3K14_HUMAN	9020	MAP3K14	0.72
CCD58_HUMAN	131076	CCDC58	TIM14_HUMAN	131118	DNAJC19	0.72
TIGD6_HUMAN	81789	TIGD6	ACSL3_HUMAN	2181	ACSL3	0.72
CR021_HUMAN	83608	C18orf21	HUWE1_HUMAN	10075	HUWE1	0.72
F133B_HUMAN	257415	FAM133B	TSNAX_HUMAN	7257	TSNAX	0.72
CB054_HUMAN	79919	MAB21L4	NPS3A_HUMAN	25934	NIPSNAP3A	0.72
TIGD6_HUMAN	81789	TIGD6	RM13_HUMAN	28998	MRPL13	0.72
CJ120_HUMAN	399814	C10orf120	RL35_HUMAN	11224	RPL35	0.72
R39L5_HUMAN	553117	RPL39P5	DUS6_HUMAN	1848	DUSP6	0.72
SWAHC_HUMAN	65124	SOWAHC	DIAP1_HUMAN	1729	DIAPH1	0.72
CCD58_HUMAN	131076	CCDC58	AFG32_HUMAN	10939	AFG3L2	0.72
TIGD6_HUMAN	81789	TIGD6	S18L2_HUMAN	51188	SS18L2	0.72
CR021_HUMAN	83608	C18orf21	FBX31_HUMAN	79791	FBXO31	0.72
F133B_HUMAN	257415	FAM133B	ESR1_HUMAN	2099	ESR1	0.72
RS26L_HUMAN	441502	RPS26P11	CUL1_HUMAN	8454	CUL1	0.72
TIGD6_HUMAN	81789	TIGD6	CCD97_HUMAN	90324	CCDC97	0.72
GAG2E_HUMAN	26749	GAGE2E	PPIB_HUMAN	5479	PPIB	0.72
LRC63_HUMAN	220416	LRRC63	ENPL_HUMAN	7184	HSP90B1	0.72
CCD58_HUMAN	131076	CCDC58	TIM16_HUMAN	51025	PAM16	0.72
LRC10_HUMAN	376132	LRRC10	ENOF1_HUMAN	55556	ENOSF1	0.72
TIGD6_HUMAN	81789	TIGD6	ZRAB2_HUMAN	9406	ZRANB2	0.72
CR021_HUMAN	83608	C18orf21	HNRPU_HUMAN	3192	HNRNPU	0.72
RS26L_HUMAN	441502	RPS26P11	CAND1_HUMAN	55832	CAND1	0.72
TIGD6_HUMAN	81789	TIGD6	DYHC2_HUMAN	79659	DYNC2H1	0.72
IPIL2_HUMAN	162073	ITPRIPL2	MYH6_HUMAN	4624	MYH6	0.72
ELOF1_HUMAN	84337	ELOF1	KDM1A_HUMAN	23028	KDM1A	0.72
CCD58_HUMAN	131076	CCDC58	CYC_HUMAN	54205	CYCS	0.72
LRC10_HUMAN	376132	LRRC10	RHG08_HUMAN	23779	ARHGAP8	0.72
TIGD6_HUMAN	81789	TIGD6	MTA1_HUMAN	9112	MTA1	0.72
CR021_HUMAN	83608	C18orf21	KI18A_HUMAN	81930	KIF18A	0.72
GGTA1_HUMAN	2681	GGTA1P	KHDR1_HUMAN	10657	KHDRBS1	0.72
K2026_HUMAN	158358	KIAA2026	K1C18_HUMAN	3875	KRT18	0.72
TIGD6_HUMAN	81789	TIGD6	NUP54_HUMAN	53371	NUP54	0.72
R39L5_HUMAN	553117	RPL39P5	KCC2A_HUMAN	815	CAMK2A	0.72
UE2NL_HUMAN	389898	UBE2NL	MEPCE_HUMAN	56257	MEPCE	0.72
CCD58_HUMAN	131076	CCDC58	CEP19_HUMAN	84984	CEP19	0.72
CQ090_HUMAN	339229	OXLD1	TM38A_HUMAN	79041	TMEM38A	0.72
ELOF1_HUMAN	84337	ELOF1	SUV91_HUMAN	6839	SUV39H1	0.72
CCD58_HUMAN	131076	CCDC58	FMT_HUMAN	123263	MTFMT	0.72
CE028_HUMAN	64417	TMEM267	PGES2_HUMAN	80142	PTGES2	0.72
TIGD6_HUMAN	81789	TIGD6	TAGL2_HUMAN	8407	TAGLN2	0.72
CR021_HUMAN	83608	C18orf21	KIF22_HUMAN	3835	KIF22	0.72
TIGD6_HUMAN	81789	TIGD6	ABCF1_HUMAN	23	ABCF1	0.72
R39L5_HUMAN	553117	RPL39P5	PTN6_HUMAN	5777	PTPN6	0.72
TIGD2_HUMAN	166815	TIGD2	JERKL_HUMAN	8690	JRKL	0.72
CCD27_HUMAN	148870	CCDC27	WASF2_HUMAN	10163	WASF2	0.72
CQ090_HUMAN	339229	OXLD1	CENPM_HUMAN	79019	CENPM	0.72
F27E3_HUMAN	100131997	FAM27E3	MPIP3_HUMAN	995	CDC25C	0.72
TIGD6_HUMAN	81789	TIGD6	HDGR2_HUMAN	84717	HDGFL2	0.72
CR021_HUMAN	83608	C18orf21	BAX_HUMAN	581	BAX	0.72
R39L5_HUMAN	553117	RPL39P5	CAND1_HUMAN	55832	CAND1	0.72
RS26L_HUMAN	441502	RPS26P11	EGFR_HUMAN	1956	EGFR	0.72
R39L5_HUMAN	553117	RPL39P5	UFO_HUMAN	558	AXL	0.72
SP201_HUMAN	100130302	SUPT20HL1	CUL1_HUMAN	8454	CUL1	0.72
TIGD6_HUMAN	81789	TIGD6	SNX27_HUMAN	81609	SNX27	0.72
DC4L1_HUMAN	285429	DCAF4L1	CSN6_HUMAN	10980	COPS6	0.72
R39L5_HUMAN	553117	RPL39P5	SOCS1_HUMAN	8651	SOCS1	0.72
CCD27_HUMAN	148870	CCDC27	PLEC_HUMAN	5339	PLEC	0.72
F133B_HUMAN	257415	FAM133B	ATR_HUMAN	545	ATR	0.72
TIGD6_HUMAN	81789	TIGD6	UB2V2_HUMAN	7336	UBE2V2	0.72
F27E3_HUMAN	100131997	FAM27E3	IRS4_HUMAN	8471	IRS4	0.72
CU058_HUMAN	54058	C21orf58	NEK4_HUMAN	6787	NEK4	0.72
TIGD6_HUMAN	81789	TIGD6	CAF1A_HUMAN	10036	CHAF1A	0.72
CR021_HUMAN	83608	C18orf21	HEAT1_HUMAN	55127	HEATR1	0.72
DC4L1_HUMAN	285429	DCAF4L1	CSN5_HUMAN	10987	COPS5	0.72
R39L5_HUMAN	553117	RPL39P5	ESR1_HUMAN	2099	ESR1	0.72
TMM62_HUMAN	80021	TMEM62	UPK1A_HUMAN	11045	UPK1A	0.72
TIGD6_HUMAN	81789	TIGD6	SRA1_HUMAN	10011	SRA1	0.72
CR021_HUMAN	83608	C18orf21	ESR1_HUMAN	2099	ESR1	0.72
DC4L1_HUMAN	285429	DCAF4L1	RU2A_HUMAN	6627	SNRPA1	0.72
CQ090_HUMAN	339229	OXLD1	SIR3_HUMAN	23410	SIRT3	0.72
SPXN4_HUMAN	441525	SPANXN4	SRPK1_HUMAN	6732	SRPK1	0.70
F27E3_HUMAN	100131997	FAM27E3	APRIO_HUMAN	5621	PRNP	0.68
Z658B_HUMAN	401509	ZNF658B	SRC_HUMAN	6714	SRC	0.68
CR021_HUMAN	83608	C18orf21	AK1BA_HUMAN	57016	AKR1B10	0.63
CR021_HUMAN	83608	C18orf21	FIBB_HUMAN	2244	FGB	0.63
CR021_HUMAN	83608	C18orf21	RAB5A_HUMAN	5868	RAB5A	0.63
CTXN1_HUMAN	404217	CTXN1	S12A9_HUMAN	56996	SLC12A9	0.63
CU058_HUMAN	54058	C21orf58	SPTA1_HUMAN	6708	SPTA1	0.63
DB135_HUMAN	613209	DEFB135	CATF_HUMAN	8722	CTSF	0.63
LRC10_HUMAN	376132	LRRC10	SPB4_HUMAN	6318	SERPINB4	0.63
PLAC9_HUMAN	219348	PLAC9	ZFPL1_HUMAN	7542	ZFPL1	0.63
SPXN4_HUMAN	441525	SPANXN4	PTPRS_HUMAN	5802	PTPRS	0.63
SPXN4_HUMAN	441525	SPANXN4	JMJD4_HUMAN	65094	JMJD4	0.63
STAR6_HUMAN	147323	STARD6	GSTA4_HUMAN	2941	GSTA4	0.63
TMM31_HUMAN	203562	TMEM31	CF035_HUMAN	729515	TMEM242	0.63
TMM31_HUMAN	203562	TMEM31	PSMD3_HUMAN	5709	PSMD3	0.63
TMM31_HUMAN	203562	TMEM31	RHBL4_HUMAN	84236	RHBDD1	0.63
TMM62_HUMAN	80021	TMEM62	CDSN_HUMAN	1041	CDSN	0.63
WHAL1_HUMAN	339005	WHAMMP3	TARA_HUMAN	11078	TRIOBP	0.63
WHAL1_HUMAN	339005	WHAMMP3	TSSC1_HUMAN	7260	EIPR1	0.63
WHAL1_HUMAN	339005	WHAMMP3	NIN_HUMAN	51199	NIN	0.63
DC4L1_HUMAN	285429	DCAF4L1	DDB1_HUMAN	100290337, 1642	LOC100290337, DDB1	0.63
GAG2E_HUMAN	26749	GAGE2E	ZO2_HUMAN	9414	TJP2	0.63
PR20E_HUMAN	729250, 729233, 122183, 729240, 729246	PRR20E, PRR20B, PRR20A, PRR20C, PRR20D	SIAH1_HUMAN	6477	SIAH1	0.63
CB080_HUMAN	389073	C2orf80	KPCD2_HUMAN	25865	PRKD2	0.63
CCD58_HUMAN	131076	CCDC58	PARL_HUMAN	55486	PARL	0.63
CQ067_HUMAN	339210	C17orf67	GOPC_HUMAN	57120	GOPC	0.63
F27E3_HUMAN	100131997	FAM27E3	KR107_HUMAN	386675	KRTAP10-7	0.63
IPIL2_HUMAN	162073	ITPRIPL2	S4A8_HUMAN	9498	SLC4A8	0.63
LRC10_HUMAN	376132	LRRC10	GCR_HUMAN	2908	NR3C1	0.63
RS26L_HUMAN	441502	RPS26P11	RYBP_HUMAN	23429	RYBP	0.63
RS26L_HUMAN	441502	RPS26P11	RS8_HUMAN	6202	RPS8	0.63
TMM31_HUMAN	203562	TMEM31	ZNT8_HUMAN	169026	SLC30A8	0.63
TMM31_HUMAN	203562	TMEM31	PLCD_HUMAN	56895	AGPAT4	0.63
TMM31_HUMAN	203562	TMEM31	S35E4_HUMAN	339665	SLC35E4	0.63
TMM31_HUMAN	203562	TMEM31	TM208_HUMAN	29100	TMEM208	0.63
SWAHC_HUMAN	65124	SOWAHC	NEDD8_HUMAN	4738	NEDD8	0.63
ANR39_HUMAN	51239	ANKRD39	NMD3_HUMAN	51068	NMD3	0.63
ANR39_HUMAN	51239	ANKRD39	UBA3_HUMAN	9039	UBA3	0.63
CCD58_HUMAN	131076	CCDC58	CCD58_HUMAN	131076	CCDC58	0.63
CCD58_HUMAN	131076	CCDC58	RT25_HUMAN	64432	MRPS25	0.63
CO032_HUMAN	145858	C15orf32	ASIC1_HUMAN	41	ASIC1	0.63
CR021_HUMAN	83608	C18orf21	CLIC3_HUMAN	9022	CLIC3	0.63
CR021_HUMAN	83608	C18orf21	RDH12_HUMAN	145226	RDH12	0.63
CR021_HUMAN	83608	C18orf21		3542	IGLC6	0.63
CR021_HUMAN	83608	C18orf21	ST2B1_HUMAN	6820	SULT2B1	0.63
CTXN1_HUMAN	404217	CTXN1	INGR1_HUMAN	3459	IFNGR1	0.63
DB135_HUMAN	613209	DEFB135	ATRN1_HUMAN	26033	ATRNL1	0.63
K1755_HUMAN	85449	KIAA1755	EPHA4_HUMAN	2043	EPHA4	0.63
LRC10_HUMAN	376132	LRRC10	TUSC2_HUMAN	11334	TUSC2	0.63
RGAG4_HUMAN	340526	RTL5	DNM1L_HUMAN	10059	DNM1L	0.63
SPXN4_HUMAN	441525	SPANXN4	TERF2_HUMAN	7014	TERF2	0.63
SPXN4_HUMAN	441525	SPANXN4	DUS3_HUMAN	1845	DUSP3	0.63
TMM31_HUMAN	203562	TMEM31	CRYAB_HUMAN	1410	CRYAB	0.63
TMM31_HUMAN	203562	TMEM31	PPLA_HUMAN	5350	PLN	0.63
TMM31_HUMAN	203562	TMEM31	CALL3_HUMAN	810	CALML3	0.63
WHAL1_HUMAN	339005	WHAMMP3	SYNE1_HUMAN	23345	SYNE1	0.63
WHAL1_HUMAN	339005	WHAMMP3	DISC1_HUMAN	27185	DISC1	0.63
WHAL1_HUMAN	339005	WHAMMP3	TGFA1_HUMAN	9392	TGFBRAP1	0.63
WHAL1_HUMAN	339005	WHAMMP3	CK5P2_HUMAN	55755	CDK5RAP2	0.63
DC4L1_HUMAN	285429	DCAF4L1	TCPW_HUMAN	10693	CCT6B	0.63
GAG2E_HUMAN	26749	GAGE2E	EX3L2_HUMAN	90332	EXOC3L2	0.63
ANR39_HUMAN	51239	ANKRD39	BAG3_HUMAN	9531	BAG3	0.63
CCD58_HUMAN	131076	CCDC58	IKKE_HUMAN	9641	IKBKE	0.63
CF136_HUMAN	221545	C6orf136	PLK1_HUMAN	5347	PLK1	0.63
CU058_HUMAN	54058	C21orf58	USBP1_HUMAN	83878	USHBP1	0.63
GAG13_HUMAN	645051	GAGE13	APEX1_HUMAN	328	APEX1	0.63
K2026_HUMAN	158358	KIAA2026	MYC_HUMAN	4609	MYC	0.63
P12L1_HUMAN	25812	POM121L1P	TRAF1_HUMAN	7185	TRAF1	0.63
RS26L_HUMAN	441502	RPS26P11	PAF15_HUMAN	9768	PCLAF	0.63
RS26L_HUMAN	441502	RPS26P11	ZN467_HUMAN	168544	ZNF467	0.63
RS26L_HUMAN	441502	RPS26P11	RL1D1_HUMAN	26156	RSL1D1	0.63
TMM31_HUMAN	203562	TMEM31	VAMP3_HUMAN	9341	VAMP3	0.63
TMM31_HUMAN	203562	TMEM31	STX5_HUMAN	6811	STX5	0.63
TMM31_HUMAN	203562	TMEM31	TM189_HUMAN	387521, 387522	TMEM189, TMEM189-UBE2V1	0.63
TTC38_HUMAN	55020	TTC38	LYPA1_HUMAN	10434	LYPLA1	0.63
YV018_HUMAN			MDFI_HUMAN	4188	MDFI	0.63
SWAHC_HUMAN	65124	SOWAHC	RASK_HUMAN	3845	KRAS	0.63
ANR39_HUMAN	51239	ANKRD39	DNPEP_HUMAN	23549	DNPEP	0.63
ANR39_HUMAN	51239	ANKRD39	WIPI3_HUMAN	56270	WDR45B	0.63
CB053_HUMAN	339779	PRR30	IL1R2_HUMAN	7850	IL1R2	0.63
CCD58_HUMAN	131076	CCDC58	ATPO_HUMAN	539	ATP5PO	0.63
CF136_HUMAN	221545	C6orf136	K0232_HUMAN	9778	KIAA0232	0.63
CQ090_HUMAN	339229	OXLD1	ODB2_HUMAN	1629	DBT	0.63
CR021_HUMAN	83608	C18orf21	LX12B_HUMAN	242	ALOX12B	0.63
CR021_HUMAN	83608	C18orf21	CH3L2_HUMAN	1117	CHI3L2	0.63
CR021_HUMAN	83608	C18orf21	PLSL_HUMAN	3936	LCP1	0.63
CR021_HUMAN	83608	C18orf21	UGPA_HUMAN	7360	UGP2	0.63
CTXN1_HUMAN	404217	CTXN1	MRP4_HUMAN	10257	ABCC4	0.63
DB135_HUMAN	613209	DEFB135	CO6A2_HUMAN	1292	COL6A2	0.63
ELOF1_HUMAN	84337	ELOF1	RPAB3_HUMAN	5437	POLR2H	0.63
LRC10_HUMAN	376132	LRRC10	IGKC_HUMAN	3514	IGKC	0.63
PLAC9_HUMAN	219348	PLAC9	EMC4_HUMAN	51234	EMC4	0.63
SPXN4_HUMAN	441525	SPANXN4	CI041_HUMAN	138199	CARNMT1	0.63
SPXN5_HUMAN	494197	SPANXN5	EHD4_HUMAN	30844	EHD4	0.63
TMM31_HUMAN	203562	TMEM31	TMHS_HUMAN	222662	LHFPL5	0.63
TMM31_HUMAN	203562	TMEM31	UFD1_HUMAN	7353	UFD1	0.63
TMM31_HUMAN	203562	TMEM31	VP13D_HUMAN	55187	VPS13D	0.63
WHAL1_HUMAN	339005	WHAMMP3	SPAG5_HUMAN	10615	SPAG5	0.63
WHAL1_HUMAN	339005	WHAMMP3	COMD9_HUMAN	29099	COMMD9	0.63
WHAL1_HUMAN	339005	WHAMMP3	VPS16_HUMAN	64601	VPS16	0.63
WHAL1_HUMAN	339005	WHAMMP3	VPS18_HUMAN	57617	VPS18	0.63
GAG2E_HUMAN	26749	GAGE2E	EHMT1_HUMAN	79813	EHMT1	0.63
PR20E_HUMAN	729250, 729233, 122183, 729240, 729246	PRR20E, PRR20B, PRR20A, PRR20C, PRR20D	NSUN2_HUMAN	54888	NSUN2	0.63
CB053_HUMAN	339779	PRR30	TRI55_HUMAN	84675	TRIM55	0.63
CCD58_HUMAN	131076	CCDC58	SCO1_HUMAN	6341	SCO1	0.63
CI152_HUMAN	401546	C9orf152	ANS1A_HUMAN	23294	ANKS1A	0.63
CR021_HUMAN	83608	C18orf21	RL31_HUMAN	6160	RPL31	0.63
DX26B_HUMAN	203522	INTS6L	INT3_HUMAN	65123	INTS3	0.63
F133B_HUMAN	257415	FAM133B	A16L1_HUMAN	55054	ATG16L1	0.63
HMGX3_HUMAN	22993	HMGXB3	ANXA7_HUMAN	310	ANXA7	0.63
KR221_HUMAN	337979	KRTAP22-1	FOXD2_HUMAN	2306	FOXD2	0.63
R39L5_HUMAN	553117	RPL39P5	BCAR1_HUMAN	9564	BCAR1	0.63
RS26L_HUMAN	441502	RPS26P11	ESR1_HUMAN	2099	ESR1	0.63
RS26L_HUMAN	441502	RPS26P11	PINK1_HUMAN	65018	PINK1	0.63
TMM31_HUMAN	203562	TMEM31	ORML2_HUMAN	29095	ORMDL2	0.63
TMM31_HUMAN	203562	TMEM31	COX14_HUMAN	84987	COX14	0.63
TMM31_HUMAN	203562	TMEM31	TR10B_HUMAN	8795	TNFRSF10B	0.63
TUSC1_HUMAN	286319	TUSC1	SMN_HUMAN	6606, 6607	SMN1, SMN2	0.63
DC4L1_HUMAN	285429	DCAF4L1	RN208_HUMAN	727800	RNF208	0.63
TEX30_HUMAN	93081	TEX30	NEDD8_HUMAN	4738	NEDD8	0.63
ANR39_HUMAN	51239	ANKRD39	ZN703_HUMAN	80139	ZNF703	0.63
ANR39_HUMAN	51239	ANKRD39	FBXW4_HUMAN	6468	FBXW4	0.63
CC142_HUMAN	84865	CCDC142	OMA1_HUMAN	115209	OMA1	0.63
CCD58_HUMAN	131076	CCDC58	CG055_HUMAN	154791	FMC1	0.63
CJ120_HUMAN	399814	C10orf120	CBX6_HUMAN	23466	CBX6	0.63
CR021_HUMAN	83608	C18orf21	RDHE2_HUMAN	195814	SDR16C5	0.63
CR021_HUMAN	83608	C18orf21	NDRG2_HUMAN	57447	NDRG2	0.63
CR021_HUMAN	83608	C18orf21	FIBG_HUMAN	2266	FGG	0.63
CR021_HUMAN	83608	C18orf21	A1AT_HUMAN	5265	SERPINA1	0.63
CTXN1_HUMAN	404217	CTXN1	GOGA2_HUMAN	2801	GOLGA2	0.63
CU058_HUMAN	54058	C21orf58	K1C27_HUMAN	342574	KRT27	0.63
DB135_HUMAN	613209	DEFB135	ATRN_HUMAN	8455	ATRN	0.63
LRC10_HUMAN	376132	LRRC10	S100P_HUMAN	6286	S100P	0.63
PLAC9_HUMAN	219348	PLAC9	SRPR_HUMAN	6734	SRPRA	0.63
SPXN4_HUMAN	441525	SPANXN4	RBBP7_HUMAN	5931	RBBP7	0.63
SPXN4_HUMAN	441525	SPANXN4	THNS1_HUMAN	79896	THNSL1	0.63
STAR6_HUMAN	147323	STARD6	EEPD1_HUMAN	80820	EEPD1	0.63
TMM31_HUMAN	203562	TMEM31	PCX3_HUMAN	399909	PCNX3	0.63
TMM31_HUMAN	203562	TMEM31	PRS10_HUMAN	5706	PSMC6	0.63
TMM31_HUMAN	203562	TMEM31	RGPD5_HUMAN	729540, 84220	RGPD6, RGPD5	0.63
TRI61_HUMAN	391712	TRIM61	CH046_HUMAN	254778	VXN	0.63
WHAL1_HUMAN	339005	WHAMMP3	CNTRL_HUMAN	11064	CNTRL	0.63
WHAL1_HUMAN	339005	WHAMMP3	TSC1_HUMAN	7248	TSC1	0.63
WHAL1_HUMAN	339005	WHAMMP3	CCHCR_HUMAN	54535	CCHCR1	0.63
DC4L1_HUMAN	285429	DCAF4L1	CH60_HUMAN	3329	HSPD1	0.63
GAG2E_HUMAN	26749	GAGE2E	WIZ_HUMAN	58525	WIZ	0.63
TEX30_HUMAN	93081	TEX30	PPCEL_HUMAN	9581	PREPL	0.63
CC043_HUMAN	255798	SMCO1	FNDC8_HUMAN	54752	FNDC8	0.63
CCD58_HUMAN	131076	CCDC58	CMC1_HUMAN	8604	SLC25A12	0.63
CQ067_HUMAN	339210	C17orf67	CAPS1_HUMAN	8618	CADPS	0.63
ELOF1_HUMAN	84337	ELOF1	ATPG_HUMAN	509	ATP5F1C	0.63
F27E3_HUMAN	100131997	FAM27E3	K1C40_HUMAN	125115	KRT40	0.63
IPIL2_HUMAN	162073	ITPRIPL2	TTMP_HUMAN	79669	C3orf52	0.63
LRC10_HUMAN	376132	LRRC10	BCAR1_HUMAN	9564	BCAR1	0.63
R39L5_HUMAN	553117	RPL39P5	UFL1_HUMAN	23376	UFL1	0.63
RS26L_HUMAN	441502	RPS26P11	GLI4_HUMAN	2738	GLI4	0.63
TMM31_HUMAN	203562	TMEM31	D103A_HUMAN	414325, 55894	DEFB103A, DEFB103B	0.63
TMM31_HUMAN	203562	TMEM31	NSDHL_HUMAN	50814	NSDHL	0.63
TMM31_HUMAN	203562	TMEM31	FXYD6_HUMAN	53826	FXYD6	0.63
TMM31_HUMAN	203562	TMEM31	ECHP_HUMAN	1962	EHHADH	0.63
TTC31_HUMAN	64427	TTC31	RN214_HUMAN	257160	RNF214	0.63
UE2NL_HUMAN	389898	UBE2NL	PKHA4_HUMAN	57664	PLEKHA4	0.63
SWAHC_HUMAN	65124	SOWAHC	SUMO1_HUMAN	7341	SUMO1	0.63
ANR39_HUMAN	51239	ANKRD39	CSN4_HUMAN	51138	COPS4	0.63
ANR39_HUMAN	51239	ANKRD39	MTMR6_HUMAN	9107	MTMR6	0.63
CCD58_HUMAN	131076	CCDC58	PHB_HUMAN	5245	PHB	0.63
CO032_HUMAN	145858	C15orf32	PSL1_HUMAN	56928	SPPL2B	0.63
CR021_HUMAN	83608	C18orf21	ANR22_HUMAN	118932	ANKRD22	0.63
CR021_HUMAN	83608	C18orf21	A2ML1_HUMAN	144568	A2ML1	0.63
CR021_HUMAN	83608	C18orf21	IL1RA_HUMAN	3557	IL1RN	0.63
CR021_HUMAN	83608	C18orf21	CLIP1_HUMAN	6249	CLIP1	0.63
CTXN1_HUMAN	404217	CTXN1	CEGT_HUMAN	7357	UGCG	0.63
DB135_HUMAN	613209	DEFB135	ACTA_HUMAN	59	ACTA2	0.63
DSCR4_HUMAN	10281	DSCR4	GAST_HUMAN	2520	GAST	0.63
K2026_HUMAN	158358	KIAA2026	CREB1_HUMAN	1385	CREB1	0.63
LRC10_HUMAN	376132	LRRC10	TCPD_HUMAN	10575	CCT4	0.63
SPXN4_HUMAN	441525	SPANXN4	SNX1_HUMAN	6642	SNX1	0.63
SPXN4_HUMAN	441525	SPANXN4	MK14_HUMAN	1432	MAPK14	0.63
TMM31_HUMAN	203562	TMEM31	D105A_HUMAN	245908, 504180	DEFB105A, DEFB105B	0.63
TMM31_HUMAN	203562	TMEM31	TM203_HUMAN	94107	TMEM203	0.63
TMM31_HUMAN	203562	TMEM31	CTXN3_HUMAN	613212	CTXN3	0.63
WHAL1_HUMAN	339005	WHAMMP3	HAUS5_HUMAN	23354	HAUS5	0.63
WHAL1_HUMAN	339005	WHAMMP3	GOGA1_HUMAN	2800	GOLGA1	0.63
WHAL1_HUMAN	339005	WHAMMP3	BBS2_HUMAN	583	BBS2	0.63
WHAL1_HUMAN	339005	WHAMMP3	EXOC1_HUMAN	55763	EXOC1	0.63
DC4L1_HUMAN	285429	DCAF4L1	TCPQ_HUMAN	10694	CCT8	0.63
GAG2E_HUMAN	26749	GAGE2E	NSRP1_HUMAN	84081	NSRP1	0.63
CCD58_HUMAN	131076	CCDC58	ELAV1_HUMAN	1994	ELAVL1	0.63
CF136_HUMAN	221545	C6orf136	KI21A_HUMAN	55605	KIF21A	0.63
CU058_HUMAN	54058	C21orf58	TRIB3_HUMAN	57761	TRIB3	0.63
GGEE3_HUMAN	389860	PAGE2B	SFSWA_HUMAN	6433	SFSWAP	0.63
K2026_HUMAN	158358	KIAA2026	CDC42_HUMAN	998	CDC42	0.63
PCOTH_HUMAN	542767	PCOTH	PSA3_HUMAN	5684	PSMA3	0.63
RS26L_HUMAN	441502	RPS26P11	RAD21_HUMAN	5885	RAD21	0.63
RS26L_HUMAN	441502	RPS26P11	HNRL2_HUMAN	221092	HNRNPUL2	0.63
TMM31_HUMAN	203562	TMEM31	TV23B_HUMAN	51030	TVP23B	0.63
TMM31_HUMAN	203562	TMEM31	F134C_HUMAN	162427	RETREG3	0.63
TMM31_HUMAN	203562	TMEM31	MALL_HUMAN	7851	MALL	0.63
TMM62_HUMAN	80021	TMEM62	NKG2E_HUMAN	3823	KLRC3	0.63
TTC38_HUMAN	55020	TTC38	PAPOB_HUMAN	56903	PAPOLB	0.63
SWAHC_HUMAN	65124	SOWAHC	PTPRF_HUMAN	5792	PTPRF	0.63
ANR39_HUMAN	51239	ANKRD39	ATG7_HUMAN	10533	ATG7	0.63
ANR39_HUMAN	51239	ANKRD39	LANC2_HUMAN	55915	LANCL2	0.63
CCD58_HUMAN	131076	CCDC58	C1QBP_HUMAN	708	C1QBP	0.63
CF136_HUMAN	221545	C6orf136	MPZL1_HUMAN	9019	MPZL1	0.63
CR021_HUMAN	83608	C18orf21	AL1A1_HUMAN	216	ALDH1A1	0.63
CR021_HUMAN	83608	C18orf21	DYN2_HUMAN	1785	DNM2	0.63
CR021_HUMAN	83608	C18orf21	NGAL_HUMAN	3934	LCN2	0.63
CR062_HUMAN	284274	SMIM21	DESI1_HUMAN	27351	DESI1	0.63
CTXN1_HUMAN	404217	CTXN1	NFIP1_HUMAN	80762	NDFIP1	0.63
DB135_HUMAN	613209	DEFB135	INSR_HUMAN	3643	INSR	0.63
ELOF1_HUMAN	84337	ELOF1	RPB7_HUMAN	5436	POLR2G	0.63
LRC10_HUMAN	376132	LRRC10	IGHG1_HUMAN	3500	IGHG1	0.63
PLAC9_HUMAN	219348	PLAC9	AT2B4_HUMAN	493	ATP2B4	0.63
RNS13_HUMAN	440163	RNASE13	TBB8_HUMAN	347688	TUBB8	0.63
SPXN4_HUMAN	441525	SPANXN4	FAD1_HUMAN	80308	FLAD1	0.63
SPXN5_HUMAN	494197	SPANXN5	PRUNE_HUMAN	58497	PRUNE1	0.63
TMM31_HUMAN	203562	TMEM31	RAP1A_HUMAN	5906	RAP1A	0.63
TMM31_HUMAN	203562	TMEM31	UBB_HUMAN	7314	UBB	0.63
TMM31_HUMAN	203562	TMEM31	FA63A_HUMAN	55793	MINDY1	0.63
WHAL1_HUMAN	339005	WHAMMP3	PPR21_HUMAN	129285	PPP1R21	0.63
WHAL1_HUMAN	339005	WHAMMP3	HOOK2_HUMAN	29911	HOOK2	0.63
WHAL1_HUMAN	339005	WHAMMP3	RFWD2_HUMAN	64326	COP1	0.63
WHAL1_HUMAN	339005	WHAMMP3	F16B1_HUMAN	57700	FAM160B1	0.63
GAG2E_HUMAN	26749	GAGE2E	SPAS2_HUMAN	65244	SPATS2	0.63
PR20E_HUMAN	729250, 729233, 122183, 729240, 729246	PRR20E, PRR20B, PRR20A, PRR20C, PRR20D	CREB1_HUMAN	1385	CREB1	0.63
CB053_HUMAN	339779	PRR30	TRI63_HUMAN	84676	TRIM63	0.63
CR021_HUMAN	83608	C18orf21	PKHA4_HUMAN	57664	PLEKHA4	0.63
DX26B_HUMAN	203522	INTS6L	INT1_HUMAN	26173	INTS1	0.63
F133B_HUMAN	257415	FAM133B	S100P_HUMAN	6286	S100P	0.63
HMGX3_HUMAN	22993	HMGXB3	CDN1A_HUMAN	1026	CDKN1A	0.63
KR221_HUMAN	337979	KRTAP22-1	SMRC1_HUMAN	6599	SMARCC1	0.63
RS26L_HUMAN	441502	RPS26P11	MCM2_HUMAN	4171	MCM2	0.63
RS26L_HUMAN	441502	RPS26P11	RL23A_HUMAN	6147	RPL23A	0.63
TCAL5_HUMAN	340543	TCEAL5	ZNF74_HUMAN	7625	ZNF74	0.63
TMM31_HUMAN	203562	TMEM31	TM86A_HUMAN	144110	TMEM86A	0.63
TMM31_HUMAN	203562	TMEM31	EBP_HUMAN	10682	EBP	0.63
TMM31_HUMAN	203562	TMEM31	DHRSX_HUMAN	207063	DHRSX	0.63
TTC31_HUMAN	64427	TTC31	VPS16_HUMAN	64601	VPS16	0.63
TUSC1_HUMAN	286319	TUSC1	EIF3D_HUMAN	8664	EIF3D	0.63
F211B_HUMAN	388886	LRRC75B	DX39A_HUMAN	10212	DDX39A	0.63
ANR39_HUMAN	51239	ANKRD39	UHRF1_HUMAN	29128	UHRF1	0.63
ANR39_HUMAN	51239	ANKRD39	SKP2_HUMAN	6502	SKP2	0.63
CC157_HUMAN	550631	CCDC157	TCEA2_HUMAN	6919	TCEA2	0.63
CCD58_HUMAN	131076	CCDC58	NT5D2_HUMAN	64943	NT5DC2	0.63
CLU1O_HUMAN	574016	CLLU1OS	DPP9_HUMAN	91039	DPP9	0.63
CQ090_HUMAN	339229	OXLD1	CT072_HUMAN	92667	MGME1	0.63
CR021_HUMAN	83608	C18orf21	VIME_HUMAN	7431	VIM	0.63
CR021_HUMAN	83608	C18orf21	FILA_HUMAN	2312	FLG	0.63
CR021_HUMAN	83608	C18orf21	SPB13_HUMAN	5275	SERPINB13	0.63
CTXN1_HUMAN	404217	CTXN1	HEAT3_HUMAN	55027	HEATR3	0.63
DB135_HUMAN	613209	DEFB135	LRP1B_HUMAN	53353	LRP1B	0.63
DB135_HUMAN	613209	DEFB135	ITA8_HUMAN	8516	ITGA8	0.63
LRC10_HUMAN	376132	LRRC10	SPR1B_HUMAN	6699	SPRR1B	0.63
PLAC9_HUMAN	219348	PLAC9	MPZL1_HUMAN	9019	MPZL1	0.63
SPXN4_HUMAN	441525	SPANXN4	RBBP4_HUMAN	5928	RBBP4	0.63
SPXN4_HUMAN	441525	SPANXN4	MCMBP_HUMAN	79892	MCMBP	0.63
STAR6_HUMAN	147323	STARD6	ACTA_HUMAN	59	ACTA2	0.63
TMM31_HUMAN	203562	TMEM31	CB082_HUMAN	389084	SNORC	0.63
TMM31_HUMAN	203562	TMEM31	PRS8_HUMAN	5705	PSMC5	0.63
TMM31_HUMAN	203562	TMEM31	SMIM3_HUMAN	85027	SMIM3	0.63
TTC38_HUMAN	55020	TTC38	PUR4_HUMAN	5198	PFAS	0.63
WHAL1_HUMAN	339005	WHAMMP3	SKAP_HUMAN	90417	KNSTRN	0.63
WHAL1_HUMAN	339005	WHAMMP3	RASF7_HUMAN	8045	RASSF7	0.63
WHAL1_HUMAN	339005	WHAMMP3	CCD93_HUMAN	54520	CCDC93	0.63
DC4L1_HUMAN	285429	DCAF4L1	PDRG1_HUMAN	81572	PDRG1	0.63
GAG2E_HUMAN	26749	GAGE2E	ZC3HD_HUMAN	23091	ZC3H13	0.63
TEX30_HUMAN	93081	TEX30	SHOT1_HUMAN	57698	SHTN1	0.63
CC142_HUMAN	84865	CCDC142	VIR_HUMAN	25962	VIRMA	0.63
CE028_HUMAN	64417	TMEM267	LMNA_HUMAN	4000	LMNA	0.63
CT452_HUMAN	728911	CT45A2	CT455_HUMAN	441521	CT45A5	0.63
ELOF1_HUMAN	84337	ELOF1	CHMP6_HUMAN	79643	CHMP6	0.63
F27E3_HUMAN	100131997	FAM27E3	KR108_HUMAN	386681	KRTAP10-8	0.63
IPIL2_HUMAN	162073	ITPRIPL2	ACHA4_HUMAN	1137	CHRNA4	0.63
LRC10_HUMAN	376132	LRRC10	TA2R_HUMAN	6915	TBXA2R	0.63
R39L5_HUMAN	553117	RPL39P5	RU17_HUMAN	6625	SNRNP70	0.63
RS26L_HUMAN	441502	RPS26P11	H13_HUMAN	3007	HIST1H1D	0.63
RS26L_HUMAN	441502	RPS26P11	PRR3_HUMAN	80742	PRR3	0.63
TMM31_HUMAN	203562	TMEM31	NB5R3_HUMAN	1727	CYB5R3	0.63
TMM31_HUMAN	203562	TMEM31	YIF1A_HUMAN	10897	YIF1A	0.63
TMM31_HUMAN	203562	TMEM31	LPAR3_HUMAN	23566	LPAR3	0.63
TMM62_HUMAN	80021	TMEM62	ACPH_HUMAN	327	APEH	0.63
UE2NL_HUMAN	389898	UBE2NL		100288687	DUX4	0.63
ANR39_HUMAN	51239	ANKRD39	NIPA_HUMAN	51530	ZC3HC1	0.63
ANR39_HUMAN	51239	ANKRD39	SLK_HUMAN	9748	SLK	0.63
CCD58_HUMAN	131076	CCDC58	TAM41_HUMAN	132001	TAMM41	0.63
CO032_HUMAN	145858	C15orf32	D19L4_HUMAN	286148	DPY19L4	0.63
CR021_HUMAN	83608	C18orf21	FBX50_HUMAN	342897	NCCRP1	0.63
CR021_HUMAN	83608	C18orf21	DP13A_HUMAN	26060	APPL1	0.63
CR021_HUMAN	83608	C18orf21	IMPA2_HUMAN	3613	IMPA2	0.63
CR021_HUMAN	83608	C18orf21	S10A7_HUMAN	6278	S100A7	0.63
CTXN1_HUMAN	404217	CTXN1	PMYT1_HUMAN	9088	PKMYT1	0.63
DB135_HUMAN	613209	DEFB135	ARSA_HUMAN	410	ARSA	0.63
DSCR4_HUMAN	10281	DSCR4	APOC2_HUMAN	344	APOC2	0.63
KR221_HUMAN	337979	KRTAP22-1	ARI5A_HUMAN	10865	ARID5A	0.63
LRC10_HUMAN	376132	LRRC10	TCPH_HUMAN	10574	CCT7	0.63
SPXN4_HUMAN	441525	SPANXN4	PSF1_HUMAN	9837	GINS1	0.63
SPXN4_HUMAN	441525	SPANXN4	DHYS_HUMAN	1725	DHPS	0.63
TMM31_HUMAN	203562	TMEM31	BAP31_HUMAN	10134	BCAP31	0.63
TMM31_HUMAN	203562	TMEM31	REEP4_HUMAN	80346	REEP4	0.63
TMM31_HUMAN	203562	TMEM31	HIG1C_HUMAN	613227	HIGD1C	0.63
WHAL1_HUMAN	339005	WHAMMP3	BICD2_HUMAN	23299	BICD2	0.63
WHAL1_HUMAN	339005	WHAMMP3	GOGA3_HUMAN	2802	GOLGA3	0.63
WHAL1_HUMAN	339005	WHAMMP3	ATP7A_HUMAN	538	ATP7A	0.63
WHAL1_HUMAN	339005	WHAMMP3	TXLNG_HUMAN	55787	TXLNG	0.63
DC4L1_HUMAN	285429	DCAF4L1	TCPB_HUMAN	10576	CCT2	0.63
GAG2E_HUMAN	26749	GAGE2E	ZN644_HUMAN	84146	ZNF644	0.63
ANR39_HUMAN	51239	ANKRD39	TRI55_HUMAN	84675	TRIM55	0.63
CF136_HUMAN	221545	C6orf136	DDX58_HUMAN	23586	DDX58	0.63
CU058_HUMAN	54058	C21orf58	KLH20_HUMAN	27252	KLHL20	0.63
GGEE3_HUMAN	389860	PAGE2B	CA2D3_HUMAN	55799	CACNA2D3	0.63
K2026_HUMAN	158358	KIAA2026	UBTD1_HUMAN	80019	UBTD1	0.63
PLAC9_HUMAN	219348	PLAC9	CCD14_HUMAN	64770	CCDC14	0.63
RS26L_HUMAN	441502	RPS26P11	NOTC2_HUMAN	4853	NOTCH2	0.63
SPDE2_HUMAN	441273	SPDYE2	APBP2_HUMAN	10513	APPBP2	0.63
TMM31_HUMAN	203562	TMEM31	DJC30_HUMAN	84277	DNAJC30	0.63
TMM31_HUMAN	203562	TMEM31	RN19B_HUMAN	127544	RNF19B	0.63
TMM31_HUMAN	203562	TMEM31	CNIH3_HUMAN	149111	CNIH3	0.63
TMM62_HUMAN	80021	TMEM62	NKG2F_HUMAN	8302	KLRC4	0.63
Z658B_HUMAN	401509	ZNF658B	ERR1_HUMAN	2101	ESRRA	0.63
SWAHC_HUMAN	65124	SOWAHC	PKHA4_HUMAN	57664	PLEKHA4	0.63
ANR39_HUMAN	51239	ANKRD39	CSN8_HUMAN	10920	COPS8	0.63
ANR39_HUMAN	51239	ANKRD39	PITH1_HUMAN	57095	PITHD1	0.63
CCD58_HUMAN	131076	CCDC58	MPPB_HUMAN	9512	PMPCB	0.63
CF136_HUMAN	221545	C6orf136	RN126_HUMAN	55658	RNF126	0.63
CQ090_HUMAN	339229	OXLD1	GCSP_HUMAN	2731	GLDC	0.63
CR021_HUMAN	83608	C18orf21	AIM1_HUMAN	202	CRYBG1	0.63
CR021_HUMAN	83608	C18orf21	DSC3_HUMAN	1825	DSC3	0.63
CR021_HUMAN	83608	C18orf21	VATC2_HUMAN	245973	ATP6V1C2	0.63
CR062_HUMAN	284274	SMIM21	RMND1_HUMAN	55005	RMND1	0.63
CU058_HUMAN	54058	C21orf58	GRB2_HUMAN	2885	GRB2	0.63
DB135_HUMAN	613209	DEFB135	ITA7_HUMAN	3679	ITGA7	0.63
ELOF1_HUMAN	84337	ELOF1	RPB11_HUMAN	5439	POLR2J	0.63
LRC10_HUMAN	376132	LRRC10	NGAL_HUMAN	3934	LCN2	0.63
PLAC9_HUMAN	219348	PLAC9	TEN3_HUMAN	55714	TENM3	0.63
RNS13_HUMAN	440163	RNASE13	CQ090_HUMAN	339229	OXLD1	0.63
SPXN4_HUMAN	441525	SPANXN4	SSU72_HUMAN	29101	SSU72	0.63
SPXN5_HUMAN	494197	SPANXN5	KLH18_HUMAN	23276	KLHL18	0.63
TMM31_HUMAN	203562	TMEM31	PTN1_HUMAN	5770	PTPN1	0.63
TMM31_HUMAN	203562	TMEM31	ABHGA_HUMAN	7920	ABHD16A	0.63
TMM31_HUMAN	203562	TMEM31	NPL4_HUMAN	55666	NPLOC4	0.63
WHAL1_HUMAN	339005	WHAMMP3	WD51A_HUMAN	25886	POC1A	0.63
WHAL1_HUMAN	339005	WHAMMP3	CRCM_HUMAN	4163	MCC	0.63
WHAL1_HUMAN	339005	WHAMMP3	AKTIP_HUMAN	64400	AKTIP	0.63
WHAL1_HUMAN	339005	WHAMMP3	CDR2L_HUMAN	30850	CDR2L	0.63
GAG2E_HUMAN	26749	GAGE2E	MAP9_HUMAN	79884	MAP9	0.63
PR20E_HUMAN	729250, 729233, 122183, 729240, 729246	PRR20E, PRR20B, PRR20A, PRR20C, PRR20D	YYAP1_HUMAN	55249	YY1AP1	0.63
CB054_HUMAN	79919	MAB21L4	CC032_HUMAN	51066	SSUH2	0.63
CCD58_HUMAN	131076	CCDC58	COX14_HUMAN	84987	COX14	0.63
CJ120_HUMAN	399814	C10orf120	MEOX2_HUMAN	4223	MEOX2	0.63
CR021_HUMAN	83608	C18orf21	CBX6_HUMAN	23466	CBX6	0.63
F133B_HUMAN	257415	FAM133B	DDX58_HUMAN	23586	DDX58	0.63
KR221_HUMAN	337979	KRTAP22-1	RNF44_HUMAN	22838	RNF44	0.63
R39L5_HUMAN	553117	RPL39P5	BMI1_HUMAN	648	BMI1	0.63
RS26L_HUMAN	441502	RPS26P11	JUN_HUMAN	3725	JUN	0.63
RS26L_HUMAN	441502	RPS26P11	CA124_HUMAN	83932	SPRTN	0.63
TCHL1_HUMAN	126637	TCHHL1	PB1_HUMAN	55193	PBRM1	0.63
TMM31_HUMAN	203562	TMEM31	MF14B_HUMAN	84641	MFSD14B	0.63
TMM31_HUMAN	203562	TMEM31	TMM44_HUMAN	93109	TMEM44	0.63
TMM31_HUMAN	203562	TMEM31	S39A6_HUMAN	25800	SLC39A6	0.63
TTC31_HUMAN	64427	TTC31	RASK_HUMAN	3845	KRAS	0.63
TUSC1_HUMAN	286319	TUSC1	TACC3_HUMAN	10460	TACC3	0.63
ANR39_HUMAN	51239	ANKRD39	FAD1_HUMAN	80308	FLAD1	0.63
ANR39_HUMAN	51239	ANKRD39	TBCE_HUMAN	6905	TBCE	0.63
CCD58_HUMAN	131076	CCDC58	ATPF2_HUMAN	91647	ATPAF2	0.63
CLU1O_HUMAN	574016	CLLU1OS	MA2C1_HUMAN	4123	MAN2C1	0.63
CR021_HUMAN	83608	C18orf21	ZN185_HUMAN	7739	ZNF185	0.63
CR021_HUMAN	83608	C18orf21	PA24D_HUMAN	283748	PLA2G4D	0.63
CR021_HUMAN	83608	C18orf21	SBSN_HUMAN	374897	SBSN	0.63
CR021_HUMAN	83608	C18orf21	PKP1_HUMAN	5317	PKP1	0.63
CTXN1_HUMAN	404217	CTXN1	STEA3_HUMAN	55240	STEAP3	0.63
DB135_HUMAN	613209	DEFB135	PLXA3_HUMAN	55558	PLXNA3	0.63
DB135_HUMAN	613209	DEFB135	CLH2_HUMAN	8218	CLTCL1	0.63
FA78A_HUMAN	286336	FAM78A	ADDA_HUMAN	118	ADD1	0.63
LRC10_HUMAN	376132	LRRC10	TCPA_HUMAN	6950	TCP1	0.63
PLAC9_HUMAN	219348	PLAC9	SSNA1_HUMAN	8636	SSNA1	0.63
SPXN4_HUMAN	441525	SPANXN4	PLCG1_HUMAN	5335	PLCG1	0.63
SPXN4_HUMAN	441525	SPANXN4	ATG3_HUMAN	64422	ATG3	0.63
TMM31_HUMAN	203562	TMEM31	YA047_HUMAN	388588	SMIM1	0.63
TMM31_HUMAN	203562	TMEM31	PSMD2_HUMAN	5708	PSMD2	0.63
TMM31_HUMAN	203562	TMEM31	T255B_HUMAN	348013	TMEM255B	0.63
WHAL1_HUMAN	339005	WHAMMP3	WDR37_HUMAN	22884	WDR37	0.63
WHAL1_HUMAN	339005	WHAMMP3	ANR17_HUMAN	26057	ANKRD17	0.63
WHAL1_HUMAN	339005	WHAMMP3	HERC1_HUMAN	8925	HERC1	0.63
WHAL1_HUMAN	339005	WHAMMP3	NDE1_HUMAN	54820	NDE1	0.63
DC4L1_HUMAN	285429	DCAF4L1	TCPA_HUMAN	6950	TCP1	0.63
GAG2E_HUMAN	26749	GAGE2E	NOG1_HUMAN	23560	GTPBP4	0.63
A20A2_HUMAN	441430	ANKRD20A2	A20A1_HUMAN	84210	ANKRD20A1	0.63
CC142_HUMAN	84865	CCDC142	DX39A_HUMAN	10212	DDX39A	0.63
CE028_HUMAN	64417	TMEM267	EGFR_HUMAN	1956	EGFR	0.63
CT452_HUMAN	728911	CT45A2	PP4R2_HUMAN	151987	PPP4R2	0.63
ELOF1_HUMAN	84337	ELOF1	MK06_HUMAN	5597	MAPK6	0.63
F27E3_HUMAN	100131997	FAM27E3	KR103_HUMAN	386682	KRTAP10-3	0.63
IPIL2_HUMAN	162073	ITPRIPL2	ZDH12_HUMAN	84885	ZDHHC12	0.63
R39L5_HUMAN	553117	RPL39P5	BTF3_HUMAN	689	BTF3	0.63
RS26L_HUMAN	441502	RPS26P11	ABC3C_HUMAN	27350	APOBEC3C	0.63
RS26L_HUMAN	441502	RPS26P11	STAU1_HUMAN	6780	STAU1	0.63
TMM31_HUMAN	203562	TMEM31	CLRN1_HUMAN	7401	CLRN1	0.63
TMM31_HUMAN	203562	TMEM31	CYAC3_HUMAN	220002	CYB561A3	0.63
TMM31_HUMAN	203562	TMEM31	REEP2_HUMAN	51308	REEP2	0.63
TMM62_HUMAN	80021	TMEM62	GRP78_HUMAN	3309	HSPA5	0.63
TTC31_HUMAN	64427	TTC31	TTP_HUMAN	7538	ZFP36	0.63
UE2NL_HUMAN	389898	UBE2NL	AGRIN_HUMAN	375790	AGRN	0.63
SWAHC_HUMAN	65124	SOWAHC	XPO1_HUMAN	7514	XPO1	0.63
ANR39_HUMAN	51239	ANKRD39	FBX17_HUMAN	115290	FBXO17	0.63
C144B_HUMAN	284047	CCDC144B	NRROS_HUMAN	375387	NRROS	0.63
CO032_HUMAN	145858	C15orf32	FZD2_HUMAN	2535	FZD2	0.63
CR021_HUMAN	83608	C18orf21	POF1B_HUMAN	79983	POF1B	0.63
CR021_HUMAN	83608	C18orf21	I36RA_HUMAN	26525	IL36RN	0.63
CR021_HUMAN	83608	C18orf21	INVO_HUMAN	3713	IVL	0.63
CR021_HUMAN	83608	C18orf21	S10A2_HUMAN	6273	S100A2	0.63
CTXN1_HUMAN	404217	CTXN1	BMR1A_HUMAN	657	BMPR1A	0.63
DB135_HUMAN	613209	DEFB135	ARSB_HUMAN	411	ARSB	0.63
DSCR4_HUMAN	10281	DSCR4	XAGE3_HUMAN	170626	XAGE3	0.63
LRC10_HUMAN	376132	LRRC10	TCPZ_HUMAN	908	CCT6A	0.63
SPXN4_HUMAN	441525	SPANXN4	TXNL1_HUMAN	9352	TXNL1	0.63
SPXN4_HUMAN	441525	SPANXN4	DCNL1_HUMAN	54165	DCUN1D1	0.63
TMM31_HUMAN	203562	TMEM31	GUC2A_HUMAN	2980	GUCA2A	0.63
TMM31_HUMAN	203562	TMEM31	CCD92_HUMAN	80212	CCDC92	0.63
TMM31_HUMAN	203562	TMEM31	AN13D_HUMAN	338692	ANKRD13D	0.63
WHAL1_HUMAN	339005	WHAMMP3	COMD3_HUMAN	23412	COMMD3	0.63
WHAL1_HUMAN	339005	WHAMMP3	GOGA2_HUMAN	2801	GOLGA2	0.63
WHAL1_HUMAN	339005	WHAMMP3	AINX_HUMAN	9118	INA	0.63
WHAL1_HUMAN	339005	WHAMMP3	FA45B_HUMAN	55855	FAM45BP	0.63
DC4L1_HUMAN	285429	DCAF4L1	TCPH_HUMAN	10574	CCT7	0.63
GAG2E_HUMAN	26749	GAGE2E	PR38A_HUMAN	84950	PRPF38A	0.63
ANR39_HUMAN	51239	ANKRD39	TRI63_HUMAN	84676	TRIM63	0.63
CCD58_HUMAN	131076	CCDC58	GBLP_HUMAN	10399	RACK1	0.63
CU058_HUMAN	54058	C21orf58	CC136_HUMAN	64753	CCDC136	0.63
F133B_HUMAN	257415	FAM133B	MOT11_HUMAN	162515	SLC16A11	0.63
GGEE3_HUMAN	389860	PAGE2B	RL36A_HUMAN	6173	RPL36A	0.63
K2026_HUMAN	158358	KIAA2026	RN123_HUMAN	63891	RNF123	0.63
RS26L_HUMAN	441502	RPS26P11	MBB1A_HUMAN	10514	MYBBP1A	0.63
SPDE2_HUMAN	441273	SPDYE2	MARE3_HUMAN	22924	MAPRE3	0.63
TMM31_HUMAN	203562	TMEM31	NSMA_HUMAN	6610	SMPD2	0.63
TMM31_HUMAN	203562	TMEM31	LRAT_HUMAN	9227	LRAT	0.63
TMM31_HUMAN	203562	TMEM31	CJ057_HUMAN	80195	TMEM254	0.63
TMM62_HUMAN	80021	TMEM62	CA054_HUMAN	79630	C1orf54	0.63
ZN831_HUMAN	128611	ZNF831	RN123_HUMAN	63891	RNF123	0.63
SWAHC_HUMAN	65124	SOWAHC	SP100_HUMAN	6672	SP100	0.63
ANR39_HUMAN	51239	ANKRD39	CSN5_HUMAN	10987	COPS5	0.63
ANR39_HUMAN	51239	ANKRD39	KLH42_HUMAN	57542	KLHL42	0.63
CC043_HUMAN	255798	SMCO1	CREB1_HUMAN	1385	CREB1	0.63
CCD58_HUMAN	131076	CCDC58	ATP5H_HUMAN	10476	ATP5PD	0.63
CF136_HUMAN	221545	C6orf136	MAP1S_HUMAN	55201	MAP1S	0.63
CQ090_HUMAN	339229	OXLD1	CLPX_HUMAN	10845	CLPX	0.63
CQ090_HUMAN	339229	OXLD1	GLSK_HUMAN	2744	GLS	0.63
CR021_HUMAN	83608	C18orf21	TMM40_HUMAN	55287	TMEM40	0.63
CR021_HUMAN	83608	C18orf21	DSC1_HUMAN	1823	DSC1	0.63
CR021_HUMAN	83608	C18orf21	MX1_HUMAN	4599	MX1	0.63
CTXN1_HUMAN	404217	CTXN1	BTBD9_HUMAN	114781	BTBD9	0.63
CU058_HUMAN	54058	C21orf58	MKRN3_HUMAN	7681	MKRN3	0.63
DB135_HUMAN	613209	DEFB135	MANBA_HUMAN	4126	MANBA	0.63
ELOF1_HUMAN	84337	ELOF1	RPB4_HUMAN	5433	POLR2D	0.63
LRC10_HUMAN	376132	LRRC10	INVO_HUMAN	3713	IVL	0.63
PLAC9_HUMAN	219348	PLAC9	MACOI_HUMAN	55219	MACO1	0.63
RNS13_HUMAN	440163	RNASE13	POTEF_HUMAN	728378	POTEF	0.63
SPXN4_HUMAN	441525	SPANXN4	SNX27_HUMAN	81609	SNX27	0.63
SPXN5_HUMAN	494197	SPANXN5	GPD1L_HUMAN	23171	GPD1L	0.63
TMM31_HUMAN	203562	TMEM31	PSD11_HUMAN	5717	PSMD11	0.63
TMM31_HUMAN	203562	TMEM31	RABE1_HUMAN	9135	RABEP1	0.63
TMM31_HUMAN	203562	TMEM31	ZRAN1_HUMAN	54764	ZRANB1	0.63
WHAL1_HUMAN	339005	WHAMMP3	WDR17_HUMAN	116966	WDR17	0.63
WHAL1_HUMAN	339005	WHAMMP3	FP100_HUMAN	80233	FAAP100	0.63
WHAL1_HUMAN	339005	WHAMMP3	KXDL1_HUMAN	79036	KXD1	0.63
YV018_HUMAN			NT2NL_HUMAN	388677	NOTCH2NLA	0.63
GAG2E_HUMAN	26749	GAGE2E	ESF1_HUMAN	51575	ESF1	0.63
PR20E_HUMAN	729250, 729233, 122183, 729240, 729246	PRR20E, PRR20B, PRR20A, PRR20C, PRR20D	TF3C2_HUMAN	2976	GTF3C2	0.63
CB054_HUMAN	79919	MAB21L4	PHF11_HUMAN	51131	PHF11	0.63
CCD58_HUMAN	131076	CCDC58	YMEL1_HUMAN	10730	YME1L1	0.63
CK036_HUMAN	283303	MRGPRG-AS1	EGFR_HUMAN	1956	EGFR	0.63
CR021_HUMAN	83608	C18orf21	NPM3_HUMAN	10360	NPM3	0.63
DX26B_HUMAN	203522	INTS6L	ASUN_HUMAN	55726	INTS13	0.63
F133B_HUMAN	257415	FAM133B	CF201_HUMAN	404220	C6orf201	0.63
KR221_HUMAN	337979	KRTAP22-1	MGT5B_HUMAN	146664	MGAT5B	0.63
R39L5_HUMAN	553117	RPL39P5	RYBP_HUMAN	23429	RYBP	0.63
RS26L_HUMAN	441502	RPS26P11	SRSF6_HUMAN	6431	SRSF6	0.63
TCHL1_HUMAN	126637	TCHHL1	PP4C_HUMAN	5531	PPP4C	0.63
TMM31_HUMAN	203562	TMEM31	SNG1_HUMAN	9145	SYNGR1	0.63
TMM31_HUMAN	203562	TMEM31	GP151_HUMAN	134391	GPR151	0.63
TMM31_HUMAN	203562	TMEM31	TM14A_HUMAN	28978	TMEM14A	0.63
TTC31_HUMAN	64427	TTC31	MMGT1_HUMAN	93380	MMGT1	0.63
TUSC1_HUMAN	286319	TUSC1	GEMI7_HUMAN	79760	GEMIN7	0.63
GAG2E_HUMAN	26749	GAGE2E	PSB5_HUMAN	5693	PSMB5	0.63
ANR39_HUMAN	51239	ANKRD39	AEDO_HUMAN	84890	ADO	0.63
ANR39_HUMAN	51239	ANKRD39	TPP2_HUMAN	7174	TPP2	0.63
CCD58_HUMAN	131076	CCDC58	QCR6_HUMAN	7388	UQCRH	0.63
CLU1O_HUMAN	574016	CLLU1OS	ZY11B_HUMAN	79699	ZYG11B	0.63
CR021_HUMAN	83608	C18orf21	ANXA9_HUMAN	8416	ANXA9	0.63
CR021_HUMAN	83608	C18orf21	S1A7A_HUMAN	338324	S100A7A	0.63
CR021_HUMAN	83608	C18orf21	GLNA_HUMAN	2752	GLUL	0.63
CR021_HUMAN	83608	C18orf21	PEPL_HUMAN	5493	PPL	0.63
CTXN1_HUMAN	404217	CTXN1	S26A2_HUMAN	1836	SLC26A2	0.63
DB135_HUMAN	613209	DEFB135	NLGN2_HUMAN	57555	NLGN2	0.63
DB135_HUMAN	613209	DEFB135	ATS2_HUMAN	9509	ADAMTS2	0.63
FA78A_HUMAN	286336	FAM78A	ASNS_HUMAN	440	ASNS	0.63
LRC10_HUMAN	376132	LRRC10	SPB7_HUMAN	8710	SERPINB7	0.63
PLAC9_HUMAN	219348	PLAC9	MY18A_HUMAN	399687	MYO18A	0.63
SPXN4_HUMAN	441525	SPANXN4	DPOD2_HUMAN	5425	POLD2	0.63
SPXN4_HUMAN	441525	SPANXN4	MTMRE_HUMAN	64419	MTMR14	0.63
TCAL5_HUMAN	340543	TCEAL5	TCAL3_HUMAN	85012	TCEAL3	0.63
TMM31_HUMAN	203562	TMEM31	IFM5_HUMAN	387733	IFITM5	0.63
TMM31_HUMAN	203562	TMEM31	PSMD1_HUMAN	5707	PSMD1	0.63
TMM31_HUMAN	203562	TMEM31	AN13A_HUMAN	88455	ANKRD13A	0.63
WHAL1_HUMAN	339005	WHAMMP3	NINL_HUMAN	22981	NINL	0.63
WHAL1_HUMAN	339005	WHAMMP3	CEP95_HUMAN	90799	CEP95	0.63
WHAL1_HUMAN	339005	WHAMMP3	NEMO_HUMAN	8517	IKBKG	0.63
WHAL1_HUMAN	339005	WHAMMP3	ANKH1_HUMAN	404734, 54882	ANKHD1-EIF4EBP3, ANKHD1	0.63
DC4L1_HUMAN	285429	DCAF4L1	TCPG_HUMAN	7203	CCT3	0.63
GAG2E_HUMAN	26749	GAGE2E	ZC3H4_HUMAN	23211	ZC3H4	0.63
A20A2_HUMAN	441430	ANKRD20A2	DYL1_HUMAN	8655	DYNLL1	0.63
CC157_HUMAN	550631	CCDC157	LGR4_HUMAN	55366	LGR4	0.63
CE028_HUMAN	64417	TMEM267	TM14B_HUMAN	81853	TMEM14B	0.63
CT452_HUMAN	728911	CT45A2	FX4L1_HUMAN	200350	FOXD4L1	0.63
F27E3_HUMAN	100131997	FAM27E3	KR122_HUMAN	353323	KRTAP12-2	0.63
IPIL2_HUMAN	162073	ITPRIPL2	AQP3_HUMAN	360	AQP3	0.63
LUZP6_HUMAN	767558	LUZP6	HNRH1_HUMAN	3187	HNRNPH1	0.63
R39L5_HUMAN	553117	RPL39P5	ANLN_HUMAN	54443	ANLN	0.63
RS26L_HUMAN	441502	RPS26P11	PRC1_HUMAN	9055	PRC1	0.63
RS26L_HUMAN	441502	RPS26P11	RS6_HUMAN	6194	RPS6	0.63
TMM31_HUMAN	203562	TMEM31	NINJ2_HUMAN	4815	NINJ2	0.63
TMM31_HUMAN	203562	TMEM31	TX264_HUMAN	51368	TEX264	0.63
TMM31_HUMAN	203562	TMEM31	R144A_HUMAN	9781	RNF144A	0.63
TMM62_HUMAN	80021	TMEM62	LKHA4_HUMAN	4048	LTA4H	0.63
TTC38_HUMAN	55020	TTC38	KITH_HUMAN	7083	TK1	0.63
UE2NL_HUMAN	389898	UBE2NL	CCNF_HUMAN	899	CCNF	0.63
SWAHC_HUMAN	65124	SOWAHC	RNF4_HUMAN	6047	RNF4	0.63
ANR39_HUMAN	51239	ANKRD39	CKS1_HUMAN	1163	CKS1B	0.63
C144B_HUMAN	284047	CCDC144B	SMUF2_HUMAN	64750	SMURF2	0.63
CO032_HUMAN	145858	C15orf32	PKD2_HUMAN	5311	PKD2	0.63
CR021_HUMAN	83608	C18orf21	CALL5_HUMAN	51806	CALML5	0.63
CR021_HUMAN	83608	C18orf21	PKP3_HUMAN	11187	PKP3	0.63
CR021_HUMAN	83608	C18orf21	H15_HUMAN	3009	HIST1H1B	0.63
CR021_HUMAN	83608	C18orf21	S10A8_HUMAN	6279	S100A8	0.63
CTXN1_HUMAN	404217	CTXN1	ADCY9_HUMAN	115	ADCY9	0.63
DB135_HUMAN	613209	DEFB135	CA2D1_HUMAN	781	CACNA2D1	0.63
P12L1_HUMAN	25812	POM121L1P	TRIP6_HUMAN	7205	TRIP6	0.63
RNS13_HUMAN	440163	RNASE13	CLUS_HUMAN	1191	CLU	0.63
SPXN4_HUMAN	441525	SPANXN4	WAPL_HUMAN	23063	WAPL	0.63
SPXN4_HUMAN	441525	SPANXN4	DCA16_HUMAN	54876	DCAF16	0.63
TMM31_HUMAN	203562	TMEM31	ADRM1_HUMAN	11047	ADRM1	0.63
TMM31_HUMAN	203562	TMEM31	TM121_HUMAN	80757	TMEM121	0.63
TMM31_HUMAN	203562	TMEM31	CCD51_HUMAN	79714	CCDC51	0.63
WHAL1_HUMAN	339005	WHAMMP3	SNAPN_HUMAN	23557	SNAPIN	0.63
WHAL1_HUMAN	339005	WHAMMP3	BL1S1_HUMAN	2647	BLOC1S1	0.63
WHAL1_HUMAN	339005	WHAMMP3	BRE1B_HUMAN	9810	RNF40	0.63
WHAL1_HUMAN	339005	WHAMMP3	MYO5C_HUMAN	55930	MYO5C	0.63
DC4L1_HUMAN	285429	DCAF4L1	TCPD_HUMAN	10575	CCT4	0.63
PR20E_HUMAN	729250, 729233, 122183, 729240, 729246	PRR20E, PRR20B, PRR20A, PRR20C, PRR20D	RBM10_HUMAN	8241	RBM10	0.63
BTBDG_HUMAN	118663	BTBD16	PAXI1_HUMAN	22976	PAXIP1	0.63
CCD58_HUMAN	131076	CCDC58	UB2D2_HUMAN	7322	UBE2D2	0.63
CU067_HUMAN	84536	LINC01547	AT1A3_HUMAN	478	ATP1A3	0.63
F133B_HUMAN	257415	FAM133B	NR2C2_HUMAN	7182	NR2C2	0.63
PLAC9_HUMAN	219348	PLAC9	SNAPN_HUMAN	23557	SNAPIN	0.63
RS26L_HUMAN	441502	RPS26P11	ICAM1_HUMAN	3383	ICAM1	0.63
RS26L_HUMAN	441502	RPS26P11	NEIL1_HUMAN	79661	NEIL1	0.63
SPDE2_HUMAN	441273	SPDYE2	KR171_HUMAN	83902	KRTAP17-1	0.63
TMM31_HUMAN	203562	TMEM31	CAMLG_HUMAN	819	CAMLG	0.63
TMM31_HUMAN	203562	TMEM31	DERL3_HUMAN	91319	DERL3	0.63
TMM31_HUMAN	203562	TMEM31	CXD4_HUMAN	219770	GJD4	0.63
TMM62_HUMAN	80021	TMEM62	CLRN2_HUMAN	645104	CLRN2	0.63
TTC38_HUMAN	55020	TTC38	SNPC4_HUMAN	6621	SNAPC4	0.63
ZN831_HUMAN	128611	ZNF831	SUZ12_HUMAN	23512	SUZ12	0.63
SWAHC_HUMAN	65124	SOWAHC	RHOG_HUMAN	391	RHOG	0.63
ANR39_HUMAN	51239	ANKRD39	CSN6_HUMAN	10980	COPS6	0.63
ANR39_HUMAN	51239	ANKRD39	KLHL8_HUMAN	57563	KLHL8	0.63
CC043_HUMAN	255798	SMCO1	SGK3_HUMAN	23678	SGK3	0.63
CCD58_HUMAN	131076	CCDC58	STML2_HUMAN	30968	STOML2	0.63
CF225_HUMAN	619208	FAM229B	TSSK2_HUMAN	23617	TSSK2	0.63
CQ090_HUMAN	339229	OXLD1	ACADV_HUMAN	37	ACADVL	0.63
CR021_HUMAN	83608	C18orf21	OTU1_HUMAN	55432	YOD1	0.63
CR021_HUMAN	83608	C18orf21	DESP_HUMAN	1832	DSP	0.63
CR021_HUMAN	83608	C18orf21	NFH_HUMAN	4744	NEFH	0.63
CTXN1_HUMAN	404217	CTXN1	AVR2A_HUMAN	92	ACVR2A	0.63
CU058_HUMAN	54058	C21orf58	ASH2L_HUMAN	9070	ASH2L	0.63
DB135_HUMAN	613209	DEFB135	LRP5_HUMAN	4041	LRP5	0.63
ELOF1_HUMAN	84337	ELOF1	RPB3_HUMAN	5432	POLR2C	0.63
LRC10_HUMAN	376132	LRRC10	EPIPL_HUMAN	83481	EPPK1	0.63
PLAC9_HUMAN	219348	PLAC9	GPDM_HUMAN	2820	GPD2	0.63
RNS13_HUMAN	440163	RNASE13	PRCM_HUMAN	112849	L3HYPDH	0.63
SPXN4_HUMAN	441525	SPANXN4	MINA_HUMAN	84864	RIOX2	0.63
SPXN5_HUMAN	494197	SPANXN5	EHD1_HUMAN	10938	EHD1	0.63
TMM31_HUMAN	203562	TMEM31	PSD10_HUMAN	5716	PSMD10	0.63
TMM31_HUMAN	203562	TMEM31	PSMD6_HUMAN	9861	PSMD6	0.63
TMM31_HUMAN	203562	TMEM31	VP13C_HUMAN	54832	VPS13C	0.63
WHAL1_HUMAN	339005	WHAMMP3	CP250_HUMAN	11190	CEP250	0.63
WHAL1_HUMAN	339005	WHAMMP3	CEP63_HUMAN	80254	CEP63	0.63
WHAL1_HUMAN	339005	WHAMMP3	F184A_HUMAN	79632	FAM184A	0.63
YV018_HUMAN			KRA59_HUMAN	3846	KRTAP5-9	0.63
GAG2E_HUMAN	26749	GAGE2E	LSG1_HUMAN	55341	LSG1	0.63
PR20E_HUMAN	729250, 729233, 122183, 729240, 729246	PRR20E, PRR20B, PRR20A, PRR20C, PRR20D	ZN593_HUMAN	51042	ZNF593	0.63
CB054_HUMAN	79919	MAB21L4	CCR1_HUMAN	1230	CCR1	0.63
CCD58_HUMAN	131076	CCDC58	IMP1L_HUMAN	196294	IMMP1L	0.63
CLUL1_HUMAN	27098	CLUL1	RN208_HUMAN	727800	RNF208	0.63
CR021_HUMAN	83608	C18orf21	S100B_HUMAN	6285	S100B	0.63
DX26B_HUMAN	203522	INTS6L	RYBP_HUMAN	23429	RYBP	0.63
F133B_HUMAN	257415	FAM133B	YAP1_HUMAN	10413	YAP1	0.63
IPIL2_HUMAN	162073	ITPRIPL2	NPC1_HUMAN	4864	NPC1	0.63
KR221_HUMAN	337979	KRTAP22-1	OTX1_HUMAN	5013	OTX1	0.63
RS26L_HUMAN	441502	RPS26P11	LARP7_HUMAN	51574	LARP7	0.63
RS26L_HUMAN	441502	RPS26P11	WWP2_HUMAN	11060	WWP2	0.63
TENXA_HUMAN	7146	TNXA	AP2A_HUMAN	7020	TFAP2A	0.63
TMM31_HUMAN	203562	TMEM31	BI1_HUMAN	7009	TMBIM6	0.63
TMM31_HUMAN	203562	TMEM31	C2C2L_HUMAN	9854	C2CD2L	0.63
TMM31_HUMAN	203562	TMEM31	TM182_HUMAN	130827	TMEM182	0.63
GAG2E_HUMAN	26749	GAGE2E	PKHF2_HUMAN	79666	PLEKHF2	0.63
ANR39_HUMAN	51239	ANKRD39	ADPPT_HUMAN	60496	AASDHPPT	0.63
ANR39_HUMAN	51239	ANKRD39	ULA1_HUMAN	8883	NAE1	0.63
CLU1O_HUMAN	574016	CLLU1OS	UBP11_HUMAN	8237	USP11	0.63
CR021_HUMAN	83608	C18orf21	OASL_HUMAN	8638	OASL	0.63
CR021_HUMAN	83608	C18orf21	GSDMA_HUMAN	284110	GSDMA	0.63
CR021_HUMAN	83608	C18orf21	IGHA1_HUMAN	3493	IGHA1	0.63
CR021_HUMAN	83608	C18orf21	LEG7_HUMAN	3963, 653499	LGALS7, LGALS7B	0.63
CTXN1_HUMAN	404217	CTXN1	CLCN7_HUMAN	1186	CLCN7	0.63
DB135_HUMAN	613209	DEFB135	VWDE_HUMAN	221806	VWDE	0.63
DB135_HUMAN	613209	DEFB135	CA2D2_HUMAN	9254	CACNA2D2	0.63
LRC10_HUMAN	376132	LRRC10	POF1B_HUMAN	79983	POF1B	0.63
PLAC9_HUMAN	219348	PLAC9	CUED1_HUMAN	404093	CUEDC1	0.63
SPXN4_HUMAN	441525	SPANXN4	KPCI_HUMAN	5584	PRKCI	0.63
SPXN4_HUMAN	441525	SPANXN4	PSF3_HUMAN	64785	GINS3	0.63
TCAL5_HUMAN	340543	TCEAL5	KLHL8_HUMAN	57563	KLHL8	0.63
TMM31_HUMAN	203562	TMEM31	CN180_HUMAN	400258	C14orf180	0.63
TMM31_HUMAN	203562	TMEM31	PRS6A_HUMAN	5702	PSMC3	0.63
TMM31_HUMAN	203562	TMEM31	UBAC2_HUMAN	337867	UBAC2	0.63
WHAL1_HUMAN	339005	WHAMMP3	CP131_HUMAN	22994	CEP131	0.63
WHAL1_HUMAN	339005	WHAMMP3	FGOP2_HUMAN	26127	FGFR1OP2	0.63
WHAL1_HUMAN	339005	WHAMMP3	LIPA1_HUMAN	8500	PPFIA1	0.63
WHAL1_HUMAN	339005	WHAMMP3	HAUS4_HUMAN	54930	HAUS4	0.63
DC4L1_HUMAN	285429	DCAF4L1	BAG5_HUMAN	9529	BAG5	0.63
GAG2E_HUMAN	26749	GAGE2E	HABP4_HUMAN	22927	HABP4	0.63
A20A2_HUMAN	441430	ANKRD20A2	DYL2_HUMAN	140735	DYNLL2	0.63
CC157_HUMAN	550631	CCDC157	NF2IP_HUMAN	84901	NFATC2IP	0.63
CE028_HUMAN	64417	TMEM267	CL059_HUMAN	120939	TMEM52B	0.63
CTXN1_HUMAN	404217	CTXN1	TMED2_HUMAN	10959	TMED2	0.63
MORN2_HUMAN	729967	MORN2	MPP3_HUMAN	4356	MPP3	0.63
R39L5_HUMAN	553117	RPL39P5	KIF23_HUMAN	9493	KIF23	0.63
RS26L_HUMAN	441502	RPS26P11	NOP2_HUMAN	4839	NOP2	0.63
RS26L_HUMAN	441502	RPS26P11	UFL1_HUMAN	23376	UFL1	0.63
TMM31_HUMAN	203562	TMEM31	ARV1_HUMAN	64801	ARV1	0.63
TMM31_HUMAN	203562	TMEM31	VAMP5_HUMAN	10791	VAMP5	0.63
TMM31_HUMAN	203562	TMEM31	ATRAP_HUMAN	57085	AGTRAP	0.63
TMM62_HUMAN	80021	TMEM62	PTN6_HUMAN	5777	PTPN6	0.63
TTC38_HUMAN	55020	TTC38	PFD1_HUMAN	5201	PFDN1	0.63
SWAHC_HUMAN	65124	SOWAHC	TES_HUMAN	26136	TES	0.63
ANR39_HUMAN	51239	ANKRD39	DDB2_HUMAN	1643	DDB2	0.63
C144B_HUMAN	284047	CCDC144B	SPAG5_HUMAN	10615	SPAG5	0.63
CO032_HUMAN	145858	C15orf32	NPC1_HUMAN	4864	NPC1	0.63
CR021_HUMAN	83608	C18orf21	RAB14_HUMAN	51552	RAB14	0.63
CR021_HUMAN	83608	C18orf21	ASC_HUMAN	29108	PYCARD	0.63
CR021_HUMAN	83608	C18orf21	H2AX_HUMAN	3014	H2AFX	0.63
CR021_HUMAN	83608	C18orf21	S10A9_HUMAN	6280	S100A9	0.63
CTXN1_HUMAN	404217	CTXN1	STEA2_HUMAN	261729	STEAP2	0.63
DB135_HUMAN	613209	DEFB135	ACHA5_HUMAN	1138	CHRNA5	0.63
P12L1_HUMAN	25812	POM121L1P	RNPL1_HUMAN	57140	RNPEPL1	0.63
SPXN4_HUMAN	441525	SPANXN4	MA2B2_HUMAN	23324	MAN2B2	0.63
SPXN4_HUMAN	441525	SPANXN4	UB2R2_HUMAN	54926	UBE2R2	0.63
TMM31_HUMAN	203562	TMEM31	RHBD3_HUMAN	25807	RHBDD3	0.63
TMM31_HUMAN	203562	TMEM31	TMX2_HUMAN	51075	TMX2	0.63
WHAL1_HUMAN	339005	WHAMMP3	TBD2B_HUMAN	23102	TBC1D2B	0.63
WHAL1_HUMAN	339005	WHAMMP3	L12R1_HUMAN	118426	BORCS5	0.63
WHAL1_HUMAN	339005	WHAMMP3	REPS1_HUMAN	85021	REPS1	0.63
WHAL1_HUMAN	339005	WHAMMP3	TRI62_HUMAN	55223	TRIM62	0.63
BTBDG_HUMAN	118663	BTBD16	ROP1A_HUMAN	54763	ROPN1	0.63
CCD58_HUMAN	131076	CCDC58	FUBP1_HUMAN	8880	FUBP1	0.63
CU067_HUMAN	84536	LINC01547	PLS1_HUMAN	5359	PLSCR1	0.63
F133B_HUMAN	257415	FAM133B	PEA15_HUMAN	8682	PEA15	0.63
HMGX3_HUMAN	22993	HMGXB3	IFT57_HUMAN	55081	IFT57	0.63
K2026_HUMAN	158358	KIAA2026	VIR_HUMAN	25962	VIRMA	0.63
PLAC9_HUMAN	219348	PLAC9	GASP2_HUMAN	114928	GPRASP2	0.63
RS26L_HUMAN	441502	RPS26P11	IGSF8_HUMAN	93185	IGSF8	0.63
RS26L_HUMAN	441502	RPS26P11	PRKRA_HUMAN	8575	PRKRA	0.63
SPIT3_HUMAN	10816	SPINT3	TAF10_HUMAN	6881	TAF10	0.63
TMM31_HUMAN	203562	TMEM31	LY6D_HUMAN	8581	LY6D	0.63
TMM31_HUMAN	203562	TMEM31	CLDN2_HUMAN	125875	CLDND2	0.63
TMM31_HUMAN	203562	TMEM31	PPGB_HUMAN	5476	CTSA	0.63
TMM62_HUMAN	80021	TMEM62	ACHA4_HUMAN	1137	CHRNA4	0.63
TTC38_HUMAN	55020	TTC38	P2Y10_HUMAN	27334	P2RY10	0.63
ZN831_HUMAN	128611	ZNF831	EZH2_HUMAN	2146	EZH2	0.63
SWAHC_HUMAN	65124	SOWAHC	RHOC_HUMAN	389	RHOC	0.63
ANR39_HUMAN	51239	ANKRD39	KCD21_HUMAN	283219	KCTD21	0.63
ANR39_HUMAN	51239	ANKRD39	PLSI_HUMAN	5357	PLS1	0.63
CCD58_HUMAN	131076	CCDC58	SCOT1_HUMAN	5019	OXCT1	0.63
CQ090_HUMAN	339229	OXLD1	MUTA_HUMAN	4594	MMUT	0.63
CR021_HUMAN	83608	C18orf21	NAGK_HUMAN	55577	NAGK	0.63
CR021_HUMAN	83608	C18orf21	DSG3_HUMAN	1830	DSG3	0.63
CR021_HUMAN	83608	C18orf21	AHNK2_HUMAN	113146	AHNAK2	0.63
CTXN1_HUMAN	404217	CTXN1	CF072_HUMAN	116254	GINM1	0.63
CU058_HUMAN	54058	C21orf58	MTA2_HUMAN	9219	MTA2	0.63
DB135_HUMAN	613209	DEFB135	AER61_HUMAN	285203	EOGT	0.63
ELOF1_HUMAN	84337	ELOF1	RPAB1_HUMAN	5434	POLR2E	0.63
LRC10_HUMAN	376132	LRRC10	SPB5_HUMAN	5268	SERPINB5	0.63
PLAC9_HUMAN	219348	PLAC9	GRP78_HUMAN	3309	HSPA5	0.63
SPXN4_HUMAN	441525	SPANXN4	AEDO_HUMAN	84890	ADO	0.63
SPXN5_HUMAN	494197	SPANXN5	DNLI1_HUMAN	3978	LIG1	0.63
TMM31_HUMAN	203562	TMEM31	PSD13_HUMAN	5719	PSMD13	0.63
TMM31_HUMAN	203562	TMEM31	TAXB1_HUMAN	8887	TAX1BP1	0.63
TMM31_HUMAN	203562	TMEM31	UBQL4_HUMAN	56893	UBQLN4	0.63
WHAL1_HUMAN	339005	WHAMMP3	IFFO1_HUMAN	25900	IFFO1	0.63
WHAL1_HUMAN	339005	WHAMMP3	PARN_HUMAN	5073	PARN	0.63
WHAL1_HUMAN	339005	WHAMMP3	MORC4_HUMAN	79710	MORC4	0.63
YV018_HUMAN			KRA42_HUMAN	85291	KRTAP4-2	0.63
GAG2E_HUMAN	26749	GAGE2E	PRC2A_HUMAN	7916	PRRC2A	0.63
PR20E_HUMAN	729250, 729233, 122183, 729240, 729246	PRR20E, PRR20B, PRR20A, PRR20C, PRR20D	BCOR_HUMAN	54880	BCOR	0.63
CB054_HUMAN	79919	MAB21L4	SRRT_HUMAN	51593	SRRT	0.63
CCD58_HUMAN	131076	CCDC58	LACTB_HUMAN	114294	LACTB	0.63
CR021_HUMAN	83608	C18orf21	RS24_HUMAN	6229	RPS24	0.63
DX26B_HUMAN	203522	INTS6L	SOSB1_HUMAN	79035	NABP2	0.63
IPIL2_HUMAN	162073	ITPRIPL2	GPIX_HUMAN	2815	GP9	0.63
KR221_HUMAN	337979	KRTAP22-1	VENTX_HUMAN	27287	VENTX	0.63
RS26L_HUMAN	441502	RPS26P11	CT004_HUMAN	25980	AAR2	0.63
RS26L_HUMAN	441502	RPS26P11	ZNF48_HUMAN	197407	ZNF48	0.63
TMM31_HUMAN	203562	TMEM31	MMP14_HUMAN	4323	MMP14	0.63
TMM31_HUMAN	203562	TMEM31	PLP2_HUMAN	5355	PLP2	0.63
TMM31_HUMAN	203562	TMEM31	S7A14_HUMAN	57709	SLC7A14	0.63
UE2NL_HUMAN	389898	UBE2NL	VCAM1_HUMAN	7412	VCAM1	0.63
H1AS1_HUMAN			SERPH_HUMAN	871	SERPINH1	0.63
ANR39_HUMAN	51239	ANKRD39	BIEA_HUMAN	644	BLVRA	0.63
ANR39_HUMAN	51239	ANKRD39	CUL1_HUMAN	8454	CUL1	0.63
CCD58_HUMAN	131076	CCDC58	ACPM_HUMAN	4706	NDUFAB1	0.63
CLU1O_HUMAN	574016	CLLU1OS	ZER1_HUMAN	10444	ZER1	0.63
CR021_HUMAN	83608	C18orf21	SPB7_HUMAN	8710	SERPINB7	0.63
CR021_HUMAN	83608	C18orf21	IGLL5_HUMAN	100423062	IGLL5	0.63
CR021_HUMAN	83608	C18orf21	IGHG3_HUMAN	3502	IGHG3	0.63
CR021_HUMAN	83608	C18orf21	A1AG1_HUMAN	5004	ORM1	0.63
CTXN1_HUMAN	404217	CTXN1	KCIP1_HUMAN	30820	KCNIP1	0.63
DB135_HUMAN	613209	DEFB135	FUT11_HUMAN	170384	FUT11	0.63
DB135_HUMAN	613209	DEFB135	SUSD1_HUMAN	64420	SUSD1	0.63
LRC10_HUMAN	376132	LRRC10	PPAP_HUMAN	55	ACPP	0.63
PLAC9_HUMAN	219348	PLAC9	ABD12_HUMAN	26090	ABHD12	0.63
SPXN4_HUMAN	441525	SPANXN4	MK01_HUMAN	5594	MAPK1	0.63
SPXN4_HUMAN	441525	SPANXN4	PNPO_HUMAN	55163	PNPO	0.63
TCAL5_HUMAN	340543	TCEAL5	UBP7_HUMAN	7874	USP7	0.63
TMM31_HUMAN	203562	TMEM31	TM50A_HUMAN	23585	TMEM50A	0.63
TMM31_HUMAN	203562	TMEM31	PRS7_HUMAN	5701	PSMC2	0.63
TMM31_HUMAN	203562	TMEM31	APOD_HUMAN	347	APOD	0.63
WHAL1_HUMAN	339005	WHAMMP3	CE152_HUMAN	22995	CEP152	0.63
WHAL1_HUMAN	339005	WHAMMP3	DAPK3_HUMAN	1613	DAPK3	0.63
WHAL1_HUMAN	339005	WHAMMP3	HOOK3_HUMAN	84376	HOOK3	0.63
WHAL1_HUMAN	339005	WHAMMP3	CEP55_HUMAN	55165	CEP55	0.63
DC4L1_HUMAN	285429	DCAF4L1	LONM_HUMAN	9361	LONP1	0.63
GAG2E_HUMAN	26749	GAGE2E	ESCO2_HUMAN	157570	ESCO2	0.63
A20A4_HUMAN	728747	ANKRD20A4	A20A1_HUMAN	84210	ANKRD20A1	0.63
CC157_HUMAN	550631	CCDC157	BACD3_HUMAN	83892	KCTD10	0.63
CE028_HUMAN	64417	TMEM267	CPLX4_HUMAN	339302	CPLX4	0.63
CU049_HUMAN	54067	C21orf62-AS1	DX39A_HUMAN	10212	DDX39A	0.63
ELOF1_HUMAN	84337	ELOF1	AURKA_HUMAN	6790	AURKA	0.63
K0040_HUMAN	9674	KIAA0040	KR106_HUMAN	386674	KRTAP10-6	0.63
MORN2_HUMAN	729967	MORN2	MFTC_HUMAN	81034	SLC25A32	0.63
R39L5_HUMAN	553117	RPL39P5	DDRGK_HUMAN	65992	DDRGK1	0.63
RS26L_HUMAN	441502	RPS26P11	AGR2_HUMAN	10551	AGR2	0.63
RS26L_HUMAN	441502	RPS26P11	RS10_HUMAN	6204	RPS10	0.63
TMM31_HUMAN	203562	TMEM31	TIDC1_HUMAN	51300	TIMMDC1	0.63
TMM31_HUMAN	203562	TMEM31	CE004_HUMAN	10826	FAXDC2	0.63
TMM31_HUMAN	203562	TMEM31	BMP10_HUMAN	27302	BMP10	0.63
TMM62_HUMAN	80021	TMEM62	XPO2_HUMAN	1434	CSE1L	0.63
TTC38_HUMAN	55020	TTC38	FPPS_HUMAN	2224	FDPS	0.63
YV018_HUMAN			KR122_HUMAN	353323	KRTAP12-2	0.63
ANR39_HUMAN	51239	ANKRD39	CDK2_HUMAN	1017	CDK2	0.63
C144B_HUMAN	284047	CCDC144B	CU077_HUMAN	140290	TCP10L	0.63
CCD58_HUMAN	131076	CCDC58	ECH1_HUMAN	1891	ECH1	0.63
CO032_HUMAN	145858	C15orf32	PIGS_HUMAN	94005	PIGS	0.63
CQ090_HUMAN	339229	OXLD1	CETN3_HUMAN	1070	CETN3	0.63
CR021_HUMAN	83608	C18orf21	CLC4K_HUMAN	50489	CD207	0.63
CR021_HUMAN	83608	C18orf21	DMKN_HUMAN	93099	DMKN	0.63
CR021_HUMAN	83608	C18orf21	HUTH_HUMAN	3034	HAL	0.63
CR021_HUMAN	83608	C18orf21	SPB4_HUMAN	6318	SERPINB4	0.63
CTXN1_HUMAN	404217	CTXN1	FND3A_HUMAN	22862	FNDC3A	0.63
DB135_HUMAN	613209	DEFB135	TBB1_HUMAN	81027	TUBB1	0.63
ELOF1_HUMAN	84337	ELOF1	LEO1_HUMAN	123169	LEO1	0.63
P12L1_HUMAN	25812	POM121L1P	SPTN4_HUMAN	57731	SPTBN4	0.63
RNS13_HUMAN	440163	RNASE13	CLCC1_HUMAN	23155	CLCC1	0.63
SPXN4_HUMAN	441525	SPANXN4	KLH18_HUMAN	23276	KLHL18	0.63
SPXN5_HUMAN	494197	SPANXN5	PMGE_HUMAN	669	BPGM	0.63
TMM31_HUMAN	203562	TMEM31	COX20_HUMAN	116228	COX20	0.63
TMM31_HUMAN	203562	TMEM31	VAMP2_HUMAN	6844	VAMP2	0.63
TMM31_HUMAN	203562	TMEM31	UCHL5_HUMAN	51377	UCHL5	0.63
WHAL1_HUMAN	339005	WHAMMP3	AKAP9_HUMAN	10142	AKAP9	0.63
WHAL1_HUMAN	339005	WHAMMP3	CCD22_HUMAN	28952	CCDC22	0.63
WHAL1_HUMAN	339005	WHAMMP3	BL1S2_HUMAN	282991	BLOC1S2	0.63
WHAL1_HUMAN	339005	WHAMMP3	VPS53_HUMAN	55275	VPS53	0.63
PR20E_HUMAN	729250, 729233, 122183, 729240, 729246	PRR20E, PRR20B, PRR20A, PRR20C, PRR20D	BANP_HUMAN	54971	BANP	0.63
C144B_HUMAN	284047	CCDC144B	VIR_HUMAN	25962	VIRMA	0.63
CCD58_HUMAN	131076	CCDC58	GRP75_HUMAN	3313	HSPA9	0.63
CF226_HUMAN	441150	C6orf226	K1C40_HUMAN	125115	KRT40	0.63
CU067_HUMAN	84536	LINC01547	BANP_HUMAN	54971	BANP	0.63
F133B_HUMAN	257415	FAM133B	NOG2_HUMAN	29889	GNL2	0.63
HMGX3_HUMAN	22993	HMGXB3	UGPA_HUMAN	7360	UGP2	0.63
K2026_HUMAN	158358	KIAA2026	RASH_HUMAN	3265	HRAS	0.63
RS26L_HUMAN	441502	RPS26P11	RS19_HUMAN	6223	RPS19	0.63
SPXN4_HUMAN	441525	SPANXN4	CSAG2_HUMAN	389903, 728461	CSAG3, CSAG2	0.63
TMM31_HUMAN	203562	TMEM31	PMP22_HUMAN	5376	PMP22	0.63
TMM31_HUMAN	203562	TMEM31	MYPR_HUMAN	5354	PLP1	0.63
TMM31_HUMAN	203562	TMEM31	S35C2_HUMAN	51006	SLC35C2	0.63
TMM62_HUMAN	80021	TMEM62	TTYH1_HUMAN	57348	TTYH1	0.63
TTC38_HUMAN	55020	TTC38	P53_HUMAN	7157	TP53	0.63
ZN831_HUMAN	128611	ZNF831	VIR_HUMAN	25962	VIRMA	0.63
ANR39_HUMAN	51239	ANKRD39	FBX7_HUMAN	25793	FBXO7	0.63
ANR39_HUMAN	51239	ANKRD39	DPOD1_HUMAN	5424	POLD1	0.63
CC142_HUMAN	84865	CCDC142	MUL1_HUMAN	79594	MUL1	0.63
CCD58_HUMAN	131076	CCDC58	AT5EL_HUMAN	432369	ATP5F1EP2	0.63
CI152_HUMAN	401546	C9orf152	MLH1_HUMAN	4292	MLH1	0.63
CQ090_HUMAN	339229	OXLD1	IF2M_HUMAN	4528	MTIF2	0.63
CR021_HUMAN	83608	C18orf21	CALL3_HUMAN	810	CALML3	0.63
CR021_HUMAN	83608	C18orf21	TYPH_HUMAN	1890	TYMP	0.63
CR021_HUMAN	83608	C18orf21	KLK7_HUMAN	5650	KLK7	0.63
CTXN1_HUMAN	404217	CTXN1	DCAKD_HUMAN	79877	DCAKD	0.63
CU058_HUMAN	54058	C21orf58	RPAC1_HUMAN	9533	POLR1C	0.63
DB135_HUMAN	613209	DEFB135	PLXA2_HUMAN	5362	PLXNA2	0.63
ELOF1_HUMAN	84337	ELOF1	RPB2_HUMAN	5431	POLR2B	0.63
LRC10_HUMAN	376132	LRRC10	PHLP_HUMAN	5082	PDCL	0.63
PLAC9_HUMAN	219348	PLAC9	EFNB1_HUMAN	1947	EFNB1	0.63
SPXN4_HUMAN	441525	SPANXN4	MTA70_HUMAN	56339	METTL3	0.63
SPXN4_HUMAN	441525	SPANXN4	HDHD2_HUMAN	84064	HDHD2	0.63
SPXN5_HUMAN	494197	SPANXN5	DESI1_HUMAN	27351	DESI1	0.63
TMM31_HUMAN	203562	TMEM31	PSD12_HUMAN	5718	PSMD12	0.63
TMM31_HUMAN	203562	TMEM31	RTP2_HUMAN	344892	RTP2	0.63
TMM31_HUMAN	203562	TMEM31	UBP36_HUMAN	57602	USP36	0.63
WHAL1_HUMAN	339005	WHAMMP3	ATF7_HUMAN	11016	ATF7	0.63
WHAL1_HUMAN	339005	WHAMMP3	PCNT_HUMAN	5116	PCNT	0.63
WHAL1_HUMAN	339005	WHAMMP3	SPAS2_HUMAN	65244	SPATS2	0.63
GAG2E_HUMAN	26749	GAGE2E	WDR46_HUMAN	9277	WDR46	0.63
PR20E_HUMAN	729250, 729233, 122183, 729240, 729246	PRR20E, PRR20B, PRR20A, PRR20C, PRR20D	LRIF1_HUMAN	55791	LRIF1	0.63
CB054_HUMAN	79919	MAB21L4	PIGT_HUMAN	51604	PIGT	0.63
CCD58_HUMAN	131076	CCDC58	IMP2L_HUMAN	83943	IMMP2L	0.63
CN16B_HUMAN	145497	LRRC74A	ECT2L_HUMAN	345930	ECT2L	0.63
CR021_HUMAN	83608	C18orf21	MK67I_HUMAN	84365	NIFK	0.63
DX26B_HUMAN	203522	INTS6L	S100P_HUMAN	6286	S100P	0.63
IPIL2_HUMAN	162073	ITPRIPL2	TTYH1_HUMAN	57348	TTYH1	0.63
KR221_HUMAN	337979	KRTAP22-1	ZNHI2_HUMAN	741	ZNHIT2	0.63
RS26L_HUMAN	441502	RPS26P11	HEY1_HUMAN	23462	HEY1	0.63
RS26L_HUMAN	441502	RPS26P11	RL3_HUMAN	6122	RPL3	0.63
TIGD2_HUMAN	166815	TIGD2	H4_HUMAN	121504, 554313, 8294, 8359, 8360, 8361, 8362, 8363, 8364, 8365, 8366, 8367, 8368, 8370	HIST4H4, HIST2H4B, HIST1H4I, HIST1H4A, HIST1H4D, HIST1H4F, HIST1H4K, HIST1H4J, HIST1H4C, HIST1H4H, HIST1H4B, HIST1H4E, HIST1H4L, HIST2H4A	0.63
TMM31_HUMAN	203562	TMEM31	NAT8_HUMAN	9027	NAT8	0.63
TMM31_HUMAN	203562	TMEM31	PQLC1_HUMAN	80148	PQLC1	0.63
TMM31_HUMAN	203562	TMEM31	SELK_HUMAN	58515	SELENOK	0.63
TTC31_HUMAN	64427	TTC31	CPEB1_HUMAN	64506	CPEB1	0.63
UE2NL_HUMAN	389898	UBE2NL	ITA4_HUMAN	3676	ITGA4	0.63
S2553_HUMAN	401612	SLC25A53	F136A_HUMAN	84908	FAM136A	0.63
ANR39_HUMAN	51239	ANKRD39	CSN7A_HUMAN	50813	COPS7A	0.63
ANR39_HUMAN	51239	ANKRD39	CSN3_HUMAN	8533	COPS3	0.63
CCD58_HUMAN	131076	CCDC58	MPPA_HUMAN	23203	PMPCA	0.63
CN16B_HUMAN	145497	LRRC74A	SMG8_HUMAN	55181	SMG8	0.63
CR021_HUMAN	83608	C18orf21	SCEL_HUMAN	8796	SCEL	0.63
CR021_HUMAN	83608	C18orf21	ACP7_HUMAN	390928	ACP7	0.63
CR021_HUMAN	83608	C18orf21	IGHG4_HUMAN	3503	IGHG4	0.63
CR021_HUMAN	83608	C18orf21	ANXA8_HUMAN	244, 653145	ANXA8L1, ANXA8	0.63
CTXN1_HUMAN	404217	CTXN1	NOTC3_HUMAN	4854	NOTCH3	0.63
DB135_HUMAN	613209	DEFB135	PLXB2_HUMAN	23654	PLXNB2	0.63
DB135_HUMAN	613209	DEFB135	CD109_HUMAN	135228	CD109	0.63
FBX48_HUMAN	554251	FBXO48	SKP1_HUMAN	6500	SKP1	0.63
LRC10_HUMAN	376132	LRRC10	WWOX_HUMAN	51741	WWOX	0.63
PLAC9_HUMAN	219348	PLAC9	FBX11_HUMAN	80204	FBXO11	0.63
SPXN4_HUMAN	441525	SPANXN4	MK03_HUMAN	5595	MAPK3	0.63
SPXN4_HUMAN	441525	SPANXN4	UBA6_HUMAN	55236	UBA6	0.63
TCAL5_HUMAN	340543	TCEAL5	CC038_HUMAN	285237	C3orf38	0.63
TMM31_HUMAN	203562	TMEM31	ARFP2_HUMAN	23647	ARFIP2	0.63
TMM31_HUMAN	203562	TMEM31	PRS6B_HUMAN	5704	PSMC4	0.63
TMM31_HUMAN	203562	TMEM31	YIPF6_HUMAN	286451	YIPF6	0.63
WHAL1_HUMAN	339005	WHAMMP3	MPRIP_HUMAN	23164	MPRIP	0.63
WHAL1_HUMAN	339005	WHAMMP3	RIPL2_HUMAN	196383	RILPL2	0.63
WHAL1_HUMAN	339005	WHAMMP3	DTBP1_HUMAN	84062	DTNBP1	0.63
WHAL1_HUMAN	339005	WHAMMP3	UACA_HUMAN	55075	UACA	0.63
DC4L1_HUMAN	285429	DCAF4L1	DDA1_HUMAN	79016	DDA1	0.63
GAG2E_HUMAN	26749	GAGE2E	DDX52_HUMAN	11056	DDX52	0.63
A20A4_HUMAN	728747	ANKRD20A4	DYL1_HUMAN	8655	DYNLL1	0.63
CCD27_HUMAN	148870	CCDC27	PTF1A_HUMAN	256297	PTF1A	0.63
CE028_HUMAN	64417	TMEM267	SAR1A_HUMAN	56681	SAR1A	0.63
CQ090_HUMAN	339229	OXLD1	KPCD2_HUMAN	25865	PRKD2	0.63
K0040_HUMAN	9674	KIAA0040	RASK_HUMAN	3845	KRAS	0.63
MORN2_HUMAN	729967	MORN2	AT5F1_HUMAN	515	ATP5PB	0.63
R39L5_HUMAN	553117	RPL39P5	WWP2_HUMAN	11060	WWP2	0.63
RS26L_HUMAN	441502	RPS26P11	H14_HUMAN	3008	HIST1H1E	0.63
RS26L_HUMAN	441502	RPS26P11	MAGB2_HUMAN	4113	MAGEB2	0.63
TMM31_HUMAN	203562	TMEM31	TM218_HUMAN	219854	TMEM218	0.63
TMM31_HUMAN	203562	TMEM31	CXCL9_HUMAN	4283	CXCL9	0.63
TMM62_HUMAN	80021	TMEM62	S27A6_HUMAN	28965	SLC27A6	0.63
TTC38_HUMAN	55020	TTC38	CAP1_HUMAN	10487	CAP1	0.63
YV018_HUMAN			KR105_HUMAN	386680	KRTAP10-5	0.63
SWAHC_HUMAN	65124	SOWAHC	CDC42_HUMAN	998	CDC42	0.63
A20A2_HUMAN	441430	ANKRD20A2	PZRN3_HUMAN	23024	PDZRN3	0.63
ANR39_HUMAN	51239	ANKRD39	UBA6_HUMAN	55236	UBA6	0.63
C144B_HUMAN	284047	CCDC144B	SEM7A_HUMAN	8482	SEMA7A	0.63
CCD58_HUMAN	131076	CCDC58	SNP29_HUMAN	9342	SNAP29	0.63
CE028_HUMAN	64417	TMEM267	STX7_HUMAN	8417	STX7	0.63
CO032_HUMAN	145858	C15orf32	FA69A_HUMAN	388650	DIPK1A	0.63
CR021_HUMAN	83608	C18orf21	AACT_HUMAN	12	SERPINA3	0.63
CR021_HUMAN	83608	C18orf21	DBNL_HUMAN	28988	DBNL	0.63
CR021_HUMAN	83608	C18orf21	HMCS1_HUMAN	3157	HMGCS1	0.63
CR021_HUMAN	83608	C18orf21	SPB3_HUMAN	6317	SERPINB3	0.63
CTXN1_HUMAN	404217	CTXN1	ANKL2_HUMAN	23141	ANKLE2	0.63
DB135_HUMAN	613209	DEFB135	FGFR1_HUMAN	2260	FGFR1	0.63
ELOF1_HUMAN	84337	ELOF1	RPB1_HUMAN	5430	POLR2A	0.63
P12L1_HUMAN	25812	POM121L1P	MA2B2_HUMAN	23324	MAN2B2	0.63
RNS13_HUMAN	440163	RNASE13	MUCL1_HUMAN	118430	MUCL1	0.63
SPXN4_HUMAN	441525	SPANXN4	ACOT9_HUMAN	23597	ACOT9	0.63
SPXN5_HUMAN	494197	SPANXN5	NJMU_HUMAN	64149	C17orf75	0.63
TMM31_HUMAN	203562	TMEM31	UBXN7_HUMAN	26043	UBXN7	0.63
TMM31_HUMAN	203562	TMEM31	CCL4_HUMAN	388372, 6351, 9560	CCL4L1, CCL4, CCL4L2	0.63
TMM31_HUMAN	203562	TMEM31	UB2J1_HUMAN	51465	UBE2J1	0.63
WHAL1_HUMAN	339005	WHAMMP3	YAP1_HUMAN	10413	YAP1	0.63
WHAL1_HUMAN	339005	WHAMMP3	IFT81_HUMAN	28981	IFT81	0.63
WHAL1_HUMAN	339005	WHAMMP3	EXOC4_HUMAN	60412	EXOC4	0.63
WHAL1_HUMAN	339005	WHAMMP3	BBS7_HUMAN	55212	BBS7	0.63
GAG2E_HUMAN	26749	GAGE2E	T2FB_HUMAN	2963	GTF2F2	0.63
PR20E_HUMAN	729250, 729233, 122183, 729240, 729246	PRR20E, PRR20B, PRR20A, PRR20C, PRR20D	SAM11_HUMAN	148398	SAMD11	0.63
CCD58_HUMAN	131076	CCDC58	TIAR_HUMAN	7073	TIAL1	0.63
CU067_HUMAN	84536	LINC01547	RBPMS_HUMAN	11030	RBPMS	0.63
F133B_HUMAN	257415	FAM133B	CT197_HUMAN	284756	C20orf197	0.63
HMGX3_HUMAN	22993	HMGXB3	PFD1_HUMAN	5201	PFDN1	0.63
KLH30_HUMAN	377007	KLHL30	CEP97_HUMAN	79598	CEP97	0.63
R39L5_HUMAN	553117	RPL39P5	ARAF_HUMAN	369	ARAF	0.63
RS26L_HUMAN	441502	RPS26P11	CP250_HUMAN	11190	CEP250	0.63
RS26L_HUMAN	441502	RPS26P11	KIF23_HUMAN	9493	KIF23	0.63
SPXN4_HUMAN	441525	SPANXN4	CSAG1_HUMAN	158511	CSAG1	0.63
TMM31_HUMAN	203562	TMEM31	BLCAP_HUMAN	10904	BLCAP	0.63
TMM31_HUMAN	203562	TMEM31	ABHD5_HUMAN	51099	ABHD5	0.63
TMM31_HUMAN	203562	TMEM31	SEC20_HUMAN	662	BNIP1	0.63
TMM62_HUMAN	80021	TMEM62	NKG2C_HUMAN	3822	KLRC2	0.63
TTC38_HUMAN	55020	TTC38	SEM3C_HUMAN	10512	SEMA3C	0.63
SWAHC_HUMAN	65124	SOWAHC	RHOF_HUMAN	54509	RHOF	0.63
ANR39_HUMAN	51239	ANKRD39	HERC4_HUMAN	26091	HERC4	0.63
ANR39_HUMAN	51239	ANKRD39	SPB8_HUMAN	5271	SERPINB8	0.63
CC142_HUMAN	84865	CCDC142	HS71L_HUMAN	3305	HSPA1L	0.63
CCD58_HUMAN	131076	CCDC58	PDIP2_HUMAN	26073	POLDIP2	0.63
CI152_HUMAN	401546	C9orf152	ZY11B_HUMAN	79699	ZYG11B	0.63
CR021_HUMAN	83608	C18orf21	CBR1_HUMAN	873	CBR1	0.63
CR021_HUMAN	83608	C18orf21	CRYAB_HUMAN	1410	CRYAB	0.63
CR021_HUMAN	83608	C18orf21	KLK10_HUMAN	5655	KLK10	0.63
CTXN1_HUMAN	404217	CTXN1	PKHH3_HUMAN	79990	PLEKHH3	0.63
CU058_HUMAN	54058	C21orf58	CC125_HUMAN	202243	CCDC125	0.63
DB135_HUMAN	613209	DEFB135	GPR98_HUMAN	84059	ADGRV1	0.63
ELOF1_HUMAN	84337	ELOF1	SPT5H_HUMAN	6829	SUPT5H	0.63
LRC10_HUMAN	376132	LRRC10	KLK7_HUMAN	5650	KLK7	0.63
PLAC9_HUMAN	219348	PLAC9	EMC7_HUMAN	56851	EMC7	0.63
SPXN4_HUMAN	441525	SPANXN4	RAD18_HUMAN	56852	RAD18	0.63
SPXN4_HUMAN	441525	SPANXN4	F120B_HUMAN	84498	FAM120B	0.63
SPXN5_HUMAN	494197	SPANXN5	TRI11_HUMAN	81559	TRIM11	0.63
TMM31_HUMAN	203562	TMEM31	PSMD7_HUMAN	5713	PSMD7	0.63
TMM31_HUMAN	203562	TMEM31	OTOP3_HUMAN	347741	OTOP3	0.63
WHAL1_HUMAN	339005	WHAMMP3	ZWINT_HUMAN	11130	ZWINT	0.63
WHAL1_HUMAN	339005	WHAMMP3	PKN1_HUMAN	5585	PKN1	0.63
WHAL1_HUMAN	339005	WHAMMP3	HAUS3_HUMAN	79441	HAUS3	0.63
GAG2E_HUMAN	26749	GAGE2E	ZNHI3_HUMAN	9326	ZNHIT3	0.63
PR20E_HUMAN	729250, 729233, 122183, 729240, 729246	PRR20E, PRR20B, PRR20A, PRR20C, PRR20D	SETD5_HUMAN	55209	SETD5	0.63
CB054_HUMAN	79919	MAB21L4	CDK15_HUMAN	65061	CDK15	0.63
CCD58_HUMAN	131076	CCDC58	OMA1_HUMAN	115209	OMA1	0.63
CT452_HUMAN	728911	CT45A2	MMGT1_HUMAN	93380	MMGT1	0.63
DX26B_HUMAN	203522	INTS6L	MR1L1_HUMAN	114932	MRFAP1L1	0.63
IPIL2_HUMAN	162073	ITPRIPL2	TMM9B_HUMAN	56674	TMEM9B	0.63
KR221_HUMAN	337979	KRTAP22-1	RU1C_HUMAN	6631	SNRPC	0.63
RS26L_HUMAN	441502	RPS26P11	KIF14_HUMAN	9928	KIF14	0.63
TMM31_HUMAN	203562	TMEM31	SPTSA_HUMAN	171546	SPTSSA	0.63
TMM31_HUMAN	203562	TMEM31	RDH11_HUMAN	51109	RDH11	0.63
TMM31_HUMAN	203562	TMEM31	DERL1_HUMAN	79139	DERL1	0.63
TTC31_HUMAN	64427	TTC31	COPT1_HUMAN	1317	SLC31A1	0.63
UE2NL_HUMAN	389898	UBE2NL	SERA_HUMAN	26227	PHGDH	0.63
SC2B2_HUMAN	284402	SCGB2B2	UBQL2_HUMAN	29978	UBQLN2	0.63
ANR39_HUMAN	51239	ANKRD39	ATG3_HUMAN	64422	ATG3	0.63
ANR39_HUMAN	51239	ANKRD39	TRI65_HUMAN	201292	TRIM65	0.63
CCD58_HUMAN	131076	CCDC58	STABP_HUMAN	10617	STAMBP	0.63
CCD58_HUMAN	131076	CCDC58	NDUA8_HUMAN	4702	NDUFA8	0.63
CN16B_HUMAN	145497	LRRC74A	EPHA4_HUMAN	2043	EPHA4	0.63
CR021_HUMAN	83608	C18orf21	FCGBP_HUMAN	8857	FCGBP	0.63
CR021_HUMAN	83608	C18orf21	CKAP4_HUMAN	10970	CKAP4	0.63
CR021_HUMAN	83608	C18orf21	IGHG1_HUMAN	3500	IGHG1	0.63
CR021_HUMAN	83608	C18orf21	PAI2_HUMAN	5055	SERPINB2	0.63
CTXN1_HUMAN	404217	CTXN1	MFAP3_HUMAN	4238	MFAP3	0.63
DB135_HUMAN	613209	DEFB135	TMEM2_HUMAN	23670	CEMIP2	0.63
DB135_HUMAN	613209	DEFB135	TECT2_HUMAN	79867	TCTN2	0.63
GGEE3_HUMAN	389860	PAGE2B	DPYL1_HUMAN	1400	CRMP1	0.63
LRC10_HUMAN	376132	LRRC10	A2ML1_HUMAN	144568	A2ML1	0.63
PLAC9_HUMAN	219348	PLAC9	EMIL2_HUMAN	84034	EMILIN2	0.63
SPXN4_HUMAN	441525	SPANXN4	MK08_HUMAN	5599	MAPK8	0.63
SPXN4_HUMAN	441525	SPANXN4	INT9_HUMAN	55756	INTS9	0.63
TCHL1_HUMAN	126637	TCHHL1	PROF3_HUMAN	345456	PFN3	0.63
TMM31_HUMAN	203562	TMEM31	FAF2_HUMAN	23197	FAF2	0.63
TMM31_HUMAN	203562	TMEM31	PRS4_HUMAN	5700	PSMC1	0.63
TMM31_HUMAN	203562	TMEM31	SELM_HUMAN	140606	SELENOM	0.63
WHAL1_HUMAN	339005	WHAMMP3	SEPT8_HUMAN	23176	SEPT8	0.63
WHAL1_HUMAN	339005	WHAMMP3	CDR2_HUMAN	1039	CDR2	0.63
WHAL1_HUMAN	339005	WHAMMP3	CEP89_HUMAN	84902	CEP89	0.63
WHAL1_HUMAN	339005	WHAMMP3	CJ118_HUMAN	55088	CCDC186	0.63
DC4L1_HUMAN	285429	DCAF4L1	TCPZ_HUMAN	908	CCT6A	0.63
GAG2E_HUMAN	26749	GAGE2E	DIDO1_HUMAN	11083	DIDO1	0.63
CE028_HUMAN	64417	TMEM267	DX39A_HUMAN	10212	DDX39A	0.63
CQ090_HUMAN	339229	OXLD1	HSPB9_HUMAN	94086	HSPB9	0.63
CU058_HUMAN	54058	C21orf58	PNMA1_HUMAN	9240	PNMA1	0.63
K0040_HUMAN	9674	KIAA0040	KR109_HUMAN	386676	KRTAP10-9	0.63
R39L5_HUMAN	553117	RPL39P5	KIF14_HUMAN	9928	KIF14	0.63
RS26L_HUMAN	441502	RPS26P11	CHM4C_HUMAN	92421	CHMP4C	0.63
RS26L_HUMAN	441502	RPS26P11	AURKB_HUMAN	9212	AURKB	0.63
TMM31_HUMAN	203562	TMEM31	SERP2_HUMAN	387923	SERP2	0.63
TMM31_HUMAN	203562	TMEM31	HERP2_HUMAN	64224	HERPUD2	0.63
TMM31_HUMAN	203562	TMEM31	CXB2_HUMAN	2706	GJB2	0.63
TMM62_HUMAN	80021	TMEM62	ZN287_HUMAN	57336	ZNF287	0.63
TTC38_HUMAN	55020	TTC38	EMAL2_HUMAN	24139	EML2	0.63
YV018_HUMAN			KR108_HUMAN	386681	KRTAP10-8	0.63
SWAHC_HUMAN	65124	SOWAHC	RAC3_HUMAN	5881	RAC3	0.63
A20A2_HUMAN	441430	ANKRD20A2	A20A4_HUMAN	728747	ANKRD20A4	0.63
ANR39_HUMAN	51239	ANKRD39	GCSP_HUMAN	2731	GLDC	0.63
C144B_HUMAN	284047	CCDC144B	AOC2_HUMAN	314	AOC2	0.63
CCD58_HUMAN	131076	CCDC58	RT63_HUMAN	78988	MRPL57	0.63
CE028_HUMAN	64417	TMEM267	RTP2_HUMAN	344892	RTP2	0.63
CO032_HUMAN	145858	C15orf32	HGNAT_HUMAN	138050	HGSNAT	0.63
CR021_HUMAN	83608	C18orf21	ACOX1_HUMAN	51	ACOX1	0.63
CR021_HUMAN	83608	C18orf21	DR9C7_HUMAN	121214	SDR9C7	0.63
CR021_HUMAN	83608	C18orf21	PGDH_HUMAN	3248	HPGD	0.63
CR021_HUMAN	83608	C18orf21	TRFE_HUMAN	7018	TF	0.63
CTXN1_HUMAN	404217	CTXN1	STAR3_HUMAN	10948	STARD3	0.63
DB135_HUMAN	613209	DEFB135	FAT1_HUMAN	2195	FAT1	0.63
ELOF1_HUMAN	84337	ELOF1	SP16H_HUMAN	11198	SUPT16H	0.63
LRC10_HUMAN	376132	LRRC10	CATL2_HUMAN	1515	CTSV	0.63
PLAC9_HUMAN	219348	PLAC9	RPGF5_HUMAN	9771	RAPGEF5	0.63
SPXN4_HUMAN	441525	SPANXN4	CAN2_HUMAN	824	CAPN2	0.63
SPXN5_HUMAN	494197	SPANXN5	FTO_HUMAN	79068	FTO	0.63
TMM31_HUMAN	203562	TMEM31	RABX5_HUMAN	27342	RABGEF1	0.63
TMM31_HUMAN	203562	TMEM31	RTN2_HUMAN	6253	RTN2	0.63
TMM31_HUMAN	203562	TMEM31	ZFN2B_HUMAN	130617	ZFAND2B	0.63
WHAL1_HUMAN	339005	WHAMMP3	TACC3_HUMAN	10460	TACC3	0.63
WHAL1_HUMAN	339005	WHAMMP3	HAUS8_HUMAN	93323	HAUS8	0.63
WHAL1_HUMAN	339005	WHAMMP3	SEP10_HUMAN	151011	SEPT10	0.63
WHAL1_HUMAN	339005	WHAMMP3	BRE1A_HUMAN	56254	RNF20	0.63
GAG2E_HUMAN	26749	GAGE2E	LENG1_HUMAN	79165	LENG1	0.63
PR20E_HUMAN	729250, 729233, 122183, 729240, 729246	PRR20E, PRR20B, PRR20A, PRR20C, PRR20D	MCAF1_HUMAN	55729	ATF7IP	0.63
CB053_HUMAN	339779	PRR30	KRA62_HUMAN	337967	KRTAP6-2	0.63
CR021_HUMAN	83608	C18orf21	ESR2_HUMAN	2100	ESR2	0.63
CU067_HUMAN	84536	LINC01547	DX39A_HUMAN	10212	DDX39A	0.63
F133B_HUMAN	257415	FAM133B	RAD18_HUMAN	56852	RAD18	0.63
HMGX3_HUMAN	22993	HMGXB3	SMN_HUMAN	6606, 6607	SMN1, SMN2	0.63
KR221_HUMAN	337979	KRTAP22-1	CHRD_HUMAN	8646	CHRD	0.63
R39L5_HUMAN	553117	RPL39P5	BUB1B_HUMAN	701	BUB1B	0.63
RS26L_HUMAN	441502	RPS26P11	GCP3_HUMAN	10426	TUBGCP3	0.63
RS26L_HUMAN	441502	RPS26P11	CC140_HUMAN	151278	CCDC140	0.63
SPXN5_HUMAN	494197	SPANXN5	PKHG1_HUMAN	57480	PLEKHG1	0.63
TMM31_HUMAN	203562	TMEM31	ERG28_HUMAN	11161	ERG28	0.63
TMM31_HUMAN	203562	TMEM31	3BHS7_HUMAN	80270	HSD3B7	0.63
TMM31_HUMAN	203562	TMEM31	FCERG_HUMAN	2207	FCER1G	0.63
TMM62_HUMAN	80021	TMEM62	CL12B_HUMAN	387837	CLEC12B	0.63
TUSC1_HUMAN	286319	TUSC1	ELAV1_HUMAN	1994	ELAVL1	0.63
SWAHC_HUMAN	65124	SOWAHC	RHOA_HUMAN	387	RHOA	0.63
ANR39_HUMAN	51239	ANKRD39	FBX10_HUMAN	26267	FBXO10	0.63
ANR39_HUMAN	51239	ANKRD39	PTN11_HUMAN	5781	PTPN11	0.63
CC142_HUMAN	84865	CCDC142	HS71B_HUMAN	3303, 3304	HSPA1A, HSPA1B	0.63
CCD58_HUMAN	131076	CCDC58	CHCH2_HUMAN	51142	CHCHD2	0.63
CI152_HUMAN	401546	C9orf152	PREP_HUMAN	10531	PITRM1	0.63
CR021_HUMAN	83608	C18orf21	CO3_HUMAN	718	C3	0.63
CR021_HUMAN	83608	C18orf21	EVPL_HUMAN	2125	EVPL	0.63
CR021_HUMAN	83608	C18orf21	KLK6_HUMAN	5653	KLK6	0.63
CTXN1_HUMAN	404217	CTXN1	TMED7_HUMAN	51014	TMED7	0.63
CU058_HUMAN	54058	C21orf58	F199X_HUMAN	139231	FAM199X	0.63
DB135_HUMAN	613209	DEFB135	SP3_HUMAN	6670	SP3	0.63
ELOF1_HUMAN	84337	ELOF1	SPT6H_HUMAN	6830	SUPT6H	0.63
LRC10_HUMAN	376132	LRRC10	KLK10_HUMAN	5655	KLK10	0.63
PLAC9_HUMAN	219348	PLAC9	EMC3_HUMAN	55831	EMC3	0.63
SPXN4_HUMAN	441525	SPANXN4	PAK2_HUMAN	5062	PAK2	0.63
SPXN4_HUMAN	441525	SPANXN4	ASB3_HUMAN	51130	ASB3	0.63
SPXN5_HUMAN	494197	SPANXN5	CO044_HUMAN	81556	INTS14	0.63
TMM31_HUMAN	203562	TMEM31	PSMD8_HUMAN	5714	PSMD8	0.63
TMM31_HUMAN	203562	TMEM31	CX066_HUMAN	347487	CXorf66	0.63
TMM62_HUMAN	80021	TMEM62	HERC3_HUMAN	8916	HERC3	0.63
WHAL1_HUMAN	339005	WHAMMP3	KIF3A_HUMAN	11127	KIF3A	0.63
WHAL1_HUMAN	339005	WHAMMP3	STXB1_HUMAN	6812	STXBP1	0.63
WHAL1_HUMAN	339005	WHAMMP3	COMDA_HUMAN	51397	COMMD10	0.63
CE064_HUMAN	285668	C5orf64	BD1L2_HUMAN	284257	BOD1L2	0.63
GAG2E_HUMAN	26749	GAGE2E	TOP3B_HUMAN	8940	TOP3B	0.63
PR20E_HUMAN	729250, 729233, 122183, 729240, 729246	PRR20E, PRR20B, PRR20A, PRR20C, PRR20D	SIAH2_HUMAN	6478	SIAH2	0.63
CB076_HUMAN	130355	C2orf76	TNIP2_HUMAN	79155	TNIP2	0.63
CCD58_HUMAN	131076	CCDC58	MIA40_HUMAN	131474	CHCHD4	0.63
CQ065_HUMAN	339201	ASB16-AS1	NXF1_HUMAN	10482	NXF1	0.63
DX26B_HUMAN	203522	INTS6L	S10A2_HUMAN	6273	S100A2	0.63
IPIL2_HUMAN	162073	ITPRIPL2	ACHA_HUMAN	1134	CHRNA1	0.63
KR221_HUMAN	337979	KRTAP22-1	CREB5_HUMAN	9586	CREB5	0.63
R39L5_HUMAN	553117	RPL39P5	TX101_HUMAN	83639	TEX101	0.63
RS26L_HUMAN	441502	RPS26P11	MEPCE_HUMAN	56257	MEPCE	0.63
RS26L_HUMAN	441502	RPS26P11	RECQ4_HUMAN	9401	RECQL4	0.63
TMM31_HUMAN	203562	TMEM31	CLN5_HUMAN	1203	CLN5	0.63
TMM31_HUMAN	203562	TMEM31	EMP1_HUMAN	2012	EMP1	0.63
TMM31_HUMAN	203562	TMEM31	TM14C_HUMAN	51522	TMEM14C	0.63
TTC31_HUMAN	64427	TTC31	OTUD4_HUMAN	54726	OTUD4	0.63
UE2NL_HUMAN	389898	UBE2NL	HEXI1_HUMAN	10614	HEXIM1	0.63
SWAHC_HUMAN	65124	SOWAHC	PHS_HUMAN	5092	PCBD1	0.63
ANR39_HUMAN	51239	ANKRD39	CSN7B_HUMAN	64708	COPS7B	0.63
ANR39_HUMAN	51239	ANKRD39	QORL1_HUMAN	9946	CRYZL1	0.63
CCD58_HUMAN	131076	CCDC58	PIPNA_HUMAN	5306	PITPNA	0.63
CO032_HUMAN	145858	C15orf32	ALG9_HUMAN	79796	ALG9	0.63
CR021_HUMAN	83608	C18orf21	ENDOU_HUMAN	8909	ENDOU	0.63
CR021_HUMAN	83608	C18orf21	CASPE_HUMAN	23581	CASP14	0.63
CR021_HUMAN	83608	C18orf21	IGHG2_HUMAN	3501	IGHG2	0.63
CR021_HUMAN	83608	C18orf21	SPTN2_HUMAN	6712	SPTBN2	0.63
CTXN1_HUMAN	404217	CTXN1	GRM1A_HUMAN	57655	GRAMD1A	0.63
DB135_HUMAN	613209	DEFB135	SEM4F_HUMAN	10505	SEMA4F	0.63
DB135_HUMAN	613209	DEFB135	GT253_HUMAN	51148	CERCAM	0.63
HMGX3_HUMAN	22993	HMGXB3	DISC1_HUMAN	27185	DISC1	0.63
LRC10_HUMAN	376132	LRRC10	SPA12_HUMAN	145264	SERPINA12	0.63
PLAC9_HUMAN	219348	PLAC9	EMC6_HUMAN	83460	EMC6	0.63
SPXN4_HUMAN	441525	SPANXN4	MK09_HUMAN	5601	MAPK9	0.63
SPXN4_HUMAN	441525	SPANXN4	TOPK_HUMAN	55872	PBK	0.63
TCHL1_HUMAN	126637	TCHHL1	NHRF2_HUMAN	9351	SLC9A3R2	0.63
TMM31_HUMAN	203562	TMEM31	VP13A_HUMAN	23230	VPS13A	0.63
TMM31_HUMAN	203562	TMEM31	PPM1A_HUMAN	5494	PPM1A	0.63
TMM31_HUMAN	203562	TMEM31	TUSC5_HUMAN	286753	TRARG1	0.63
WHAL1_HUMAN	339005	WHAMMP3	DMXL2_HUMAN	23312	DMXL2	0.63
WHAL1_HUMAN	339005	WHAMMP3	CENPE_HUMAN	1062	CENPE	0.63
WHAL1_HUMAN	339005	WHAMMP3	GCC2_HUMAN	9648	GCC2	0.63
WHAL1_HUMAN	339005	WHAMMP3	IFT57_HUMAN	55081	IFT57	0.63
DC4L1_HUMAN	285429	DCAF4L1	TCPE_HUMAN	22948	CCT5	0.63
GAG2E_HUMAN	26749	GAGE2E	EHMT2_HUMAN	10919	EHMT2	0.63
CCD27_HUMAN	148870	CCDC27	MAGAB_HUMAN	4110	MAGEA11	0.63
CF099_HUMAN	100130967	C6orf99	RN123_HUMAN	63891	RNF123	0.63
CQ090_HUMAN	339229	OXLD1	LCN15_HUMAN	389812	LCN15	0.63
F133B_HUMAN	257415	FAM133B	HECW2_HUMAN	57520	HECW2	0.63
FA78A_HUMAN	286336	FAM78A	VIR_HUMAN	25962	VIRMA	0.63
K2026_HUMAN	158358	KIAA2026	ATX1_HUMAN	6310	ATXN1	0.63
MORN2_HUMAN	729967	MORN2	GORS2_HUMAN	26003	GORASP2	0.63
RNS12_HUMAN	493901	RNASE12	RN123_HUMAN	63891	RNF123	0.63
RS26L_HUMAN	441502	RPS26P11	NFX1_HUMAN	4799	NFX1	0.63
RS26L_HUMAN	441502	RPS26P11	ANLN_HUMAN	54443	ANLN	0.63
TMM31_HUMAN	203562	TMEM31	S41A1_HUMAN	254428	SLC41A1	0.63
TMM31_HUMAN	203562	TMEM31	CGRF1_HUMAN	10668	CGRRF1	0.63
TMM31_HUMAN	203562	TMEM31	CKLF7_HUMAN	112616	CMTM7	0.63
TMM62_HUMAN	80021	TMEM62	ADT3_HUMAN	293	SLC25A6	0.63
TTC38_HUMAN	55020	TTC38	CDD_HUMAN	978	CDA	0.63
YV018_HUMAN			KR107_HUMAN	386675	KRTAP10-7	0.63
A20A2_HUMAN	441430	ANKRD20A2	CF174_HUMAN	387104	SOGA3	0.63
ANR39_HUMAN	51239	ANKRD39	GNB1L_HUMAN	54584	GNB1L	0.63
CA177_HUMAN	163747	LEXM	MMAD_HUMAN	27249	MMADHC	0.63
CCD58_HUMAN	131076	CCDC58	CLPX_HUMAN	10845	CLPX	0.63
CE028_HUMAN	64417	TMEM267	BPIA1_HUMAN	51297	BPIFA1	0.63
CO032_HUMAN	145858	C15orf32	DISP1_HUMAN	84976	DISP1	0.63
CQ090_HUMAN	339229	OXLD1	CPT2_HUMAN	1376	CPT2	0.63
CR021_HUMAN	83608	C18orf21	PPAP_HUMAN	55	ACPP	0.63
CR021_HUMAN	83608	C18orf21	EPIPL_HUMAN	83481	EPPK1	0.63
CR021_HUMAN	83608	C18orf21	IDHP_HUMAN	3418	IDH2	0.63
CR021_HUMAN	83608	C18orf21	TGM3_HUMAN	7053	TGM3	0.63
CTXN1_HUMAN	404217	CTXN1	TM1L1_HUMAN	10040	TOM1L1	0.63
DB135_HUMAN	613209	DEFB135	DIAC_HUMAN	1486	CTBS	0.63
ELOF1_HUMAN	84337	ELOF1	CDC73_HUMAN	79577	CDC73	0.63
LRC10_HUMAN	376132	LRRC10	FILA_HUMAN	2312	FLG	0.63
PLAC9_HUMAN	219348	PLAC9	RN213_HUMAN	57674	RNF213	0.63
RNS13_HUMAN	440163	RNASE13	LRP2_HUMAN	4036	LRP2	0.63
SPXN4_HUMAN	441525	SPANXN4	CPNS1_HUMAN	826	CAPNS1	0.63
SPXN5_HUMAN	494197	SPANXN5	BANP_HUMAN	54971	BANP	0.63
TMM31_HUMAN	203562	TMEM31	ATX3_HUMAN	4287	ATXN3	0.63
TMM31_HUMAN	203562	TMEM31	UBP5_HUMAN	8078	USP5	0.63
TMM31_HUMAN	203562	TMEM31	ANR46_HUMAN	157567	ANKRD46	0.63
WHAL1_HUMAN	339005	WHAMMP3	PIBF1_HUMAN	10464	PIBF1	0.63
WHAL1_HUMAN	339005	WHAMMP3	KIF5A_HUMAN	3798	KIF5A	0.63
WHAL1_HUMAN	339005	WHAMMP3	BL1S5_HUMAN	63915	BLOC1S5	0.63
WHAL1_HUMAN	339005	WHAMMP3	COG6_HUMAN	57511	COG6	0.63
GAG2E_HUMAN	26749	GAGE2E	GG12G_HUMAN	26748, 100008586, 645073, 2579	GAGE12I, GAGE12F, GAGE12G, GAGE7	0.63
PR20E_HUMAN	729250, 729233, 122183, 729240, 729246	PRR20E, PRR20B, PRR20A, PRR20C, PRR20D	NFYC_HUMAN	4802	NFYC	0.63
CB053_HUMAN	339779	PRR30	TEX37_HUMAN	200523	TEX37	0.63
CCD58_HUMAN	131076	CCDC58	CECR5_HUMAN	27440	HDHD5	0.63
CF226_HUMAN	441150	C6orf226	TEX11_HUMAN	56159	TEX11	0.63
DX26B_HUMAN	203522	INTS6L	MK14_HUMAN	1432	MAPK14	0.63
F133B_HUMAN	257415	FAM133B	F133A_HUMAN	286499	FAM133A	0.63
HMGX3_HUMAN	22993	HMGXB3	KITH_HUMAN	7083	TK1	0.63
KR221_HUMAN	337979	KRTAP22-1	ZIC1_HUMAN	7545	ZIC1	0.63
R39L5_HUMAN	553117	RPL39P5	MEPCE_HUMAN	56257	MEPCE	0.63
RS26L_HUMAN	441502	RPS26P11	ECT2_HUMAN	1894	ECT2	0.63
TMM31_HUMAN	203562	TMEM31	GLPA_HUMAN	2993	GYPA	0.63
TMM31_HUMAN	203562	TMEM31	DHB13_HUMAN	345275	HSD17B13	0.63
TMM31_HUMAN	203562	TMEM31	ZFPL1_HUMAN	7542	ZFPL1	0.63
TMM62_HUMAN	80021	TMEM62	SCN4A_HUMAN	6329	SCN4A	0.63
SWAHC_HUMAN	65124	SOWAHC	PHIP_HUMAN	55023	PHIP	0.63
ANR39_HUMAN	51239	ANKRD39	ZCCHL_HUMAN	92092	ZC3HAV1L	0.63
ANR39_HUMAN	51239	ANKRD39	PP2AA_HUMAN	5515	PPP2CA	0.63
CC142_HUMAN	84865	CCDC142	HSP7C_HUMAN	3312	HSPA8	0.63
CCD58_HUMAN	131076	CCDC58	RM46_HUMAN	26589	MRPL46	0.63
CI152_HUMAN	401546	C9orf152	SC24D_HUMAN	9871	SEC24D	0.63
CQ090_HUMAN	339229	OXLD1	ACOT9_HUMAN	23597	ACOT9	0.63
CR021_HUMAN	83608	C18orf21	ES8L1_HUMAN	54869	EPS8L1	0.63
CR021_HUMAN	83608	C18orf21	FIBA_HUMAN	2243	FGA	0.63
CR021_HUMAN	83608	C18orf21	RAB5B_HUMAN	5869	RAB5B	0.63
CTXN1_HUMAN	404217	CTXN1	ZDH13_HUMAN	54503	ZDHHC13	0.63
CU058_HUMAN	54058	C21orf58	KRT35_HUMAN	3886	KRT35	0.63
DB135_HUMAN	613209	DEFB135	NRP2_HUMAN	8828	NRP2	0.63
ELOF1_HUMAN	84337	ELOF1	CTR9_HUMAN	9646	CTR9	0.63
LRC10_HUMAN	376132	LRRC10	SPB3_HUMAN	6317	SERPINB3	0.63
PLAC9_HUMAN	219348	PLAC9	RAC3_HUMAN	5881	RAC3	0.63
SPXN4_HUMAN	441525	SPANXN4	MK12_HUMAN	6300	MAPK12	0.63
SPXN4_HUMAN	441525	SPANXN4	FTO_HUMAN	79068	FTO	0.63
SPXN5_HUMAN	494197	SPANXN5	UBP1_HUMAN	7398	USP1	0.63
TMM31_HUMAN	203562	TMEM31		100288797	TMEM239	0.63
TMM31_HUMAN	203562	TMEM31	PSMD4_HUMAN	5710	PSMD4	0.63
TMM31_HUMAN	203562	TMEM31	DG2L6_HUMAN	347516	DGAT2L6	0.63
TMM62_HUMAN	80021	TMEM62	UFD1_HUMAN	7353	UFD1	0.63
WHAL1_HUMAN	339005	WHAMMP3	FR1OP_HUMAN	11116	FGFR1OP	0.63
WHAL1_HUMAN	339005	WHAMMP3	ASPP2_HUMAN	7159	TP53BP2	0.63
WHAL1_HUMAN	339005	WHAMMP3	HOOK1_HUMAN	51361	HOOK1	0.63
GAG2E_HUMAN	26749	GAGE2E	UBP36_HUMAN	57602	USP36	0.63
PR20E_HUMAN	729250, 729233, 122183, 729240, 729246	PRR20E, PRR20B, PRR20A, PRR20C, PRR20D	PO2F1_HUMAN	5451	POU2F1	0.63
CB076_HUMAN	130355	C2orf76	MEOX2_HUMAN	4223	MEOX2	0.63
CCD58_HUMAN	131076	CCDC58	HTRA2_HUMAN	27429	HTRA2	0.63
CQ065_HUMAN	339201	ASB16-AS1	HNRH1_HUMAN	3187	HNRNPH1	0.63
CT452_HUMAN	728911	CT45A2	RN123_HUMAN	63891	RNF123	0.63
DX26B_HUMAN	203522	INTS6L	S10A6_HUMAN	6277	S100A6	0.63
F27E3_HUMAN	100131997	FAM27E3	LRRK2_HUMAN	120892	LRRK2	0.63
IPIL2_HUMAN	162073	ITPRIPL2	PIGH_HUMAN	5283	PIGH	0.63
KR221_HUMAN	337979	KRTAP22-1	KCC2A_HUMAN	815	CAMK2A	0.63
RS26L_HUMAN	441502	RPS26P11	BMI1_HUMAN	648	BMI1	0.63
RS26L_HUMAN	441502	RPS26P11	KI20A_HUMAN	10112	KIF20A	0.63
TMM31_HUMAN	203562	TMEM31	NINJ1_HUMAN	4814	NINJ1	0.63
TMM31_HUMAN	203562	TMEM31	STX12_HUMAN	23673	STX12	0.63
TMM31_HUMAN	203562	TMEM31	FKBP8_HUMAN	23770	FKBP8	0.63
TMM31_HUMAN	203562	TMEM31	BT2A2_HUMAN	10385	BTN2A2	0.63
TTC31_HUMAN	64427	TTC31	ZN460_HUMAN	10794	ZNF460	0.63
SWAHC_HUMAN	65124	SOWAHC	DNLI4_HUMAN	3981	LIG4	0.63
ANR39_HUMAN	51239	ANKRD39	THNS1_HUMAN	79896	THNSL1	0.63
ANR39_HUMAN	51239	ANKRD39	CSN2_HUMAN	9318	COPS2	0.63
CCD58_HUMAN	131076	CCDC58	PCBP2_HUMAN	5094	PCBP2	0.63
CCD58_HUMAN	131076	CCDC58	AL1L1_HUMAN	10840	ALDH1L1	0.63
CO032_HUMAN	145858	C15orf32	MBTP2_HUMAN	51360	MBTPS2	0.63
CR021_HUMAN	83608	C18orf21	H2AY_HUMAN	9555	H2AFY	0.63
CR021_HUMAN	83608	C18orf21	TRI29_HUMAN	23650	TRIM29	0.63
CR021_HUMAN	83608	C18orf21	IGKC_HUMAN	3514	IGKC	0.63
CR021_HUMAN	83608	C18orf21	STAT3_HUMAN	6774	STAT3	0.63
CTXN1_HUMAN	404217	CTXN1	GRM1B_HUMAN	57476	GRAMD1B	0.63
DB135_HUMAN	613209	DEFB135	MKS3_HUMAN	91147	TMEM67	0.63
K0040_HUMAN	9674	KIAA0040	KR103_HUMAN	386682	KRTAP10-3	0.63
LRC10_HUMAN	376132	LRRC10	SBSN_HUMAN	374897	SBSN	0.63
RGAG4_HUMAN	340526	RTL5	MFN2_HUMAN	9927	MFN2	0.63
SPXN4_HUMAN	441525	SPANXN4	UBP7_HUMAN	7874	USP7	0.63
SPXN4_HUMAN	441525	SPANXN4	LANC2_HUMAN	55915	LANCL2	0.63
TENXA_HUMAN	7146	TNXA	AP2C_HUMAN	7022	TFAP2C	0.63
TMM31_HUMAN	203562	TMEM31	PSDE_HUMAN	10213	PSMD14	0.63
TMM31_HUMAN	203562	TMEM31	LIPR1_HUMAN	5407	PNLIPRP1	0.63
TMM31_HUMAN	203562	TMEM31	VATL_HUMAN	527	ATP6V0C	0.63
WHAL1_HUMAN	339005	WHAMMP3	FTM_HUMAN	23322	RPGRIP1L	0.63
WHAL1_HUMAN	339005	WHAMMP3	IKKA_HUMAN	1147	CHUK	0.63
WHAL1_HUMAN	339005	WHAMMP3	CROCC_HUMAN	9696	CROCC	0.63
WHAL1_HUMAN	339005	WHAMMP3	VPS50_HUMAN	55610	VPS50	0.63
DC4L1_HUMAN	285429	DCAF4L1	PFD6_HUMAN	10471	PFDN6	0.63
GAG2E_HUMAN	26749	GAGE2E	LS14A_HUMAN	26065	LSM14A	0.63
CCD27_HUMAN	148870	CCDC27	PSA3_HUMAN	5684	PSMA3	0.63
CF136_HUMAN	221545	C6orf136	CSK2B_HUMAN	1460	CSNK2B	0.63
CU058_HUMAN	54058	C21orf58	KRT37_HUMAN	8688	KRT37	0.63
F133B_HUMAN	257415	FAM133B	CDK2_HUMAN	1017	CDK2	0.63
FBX48_HUMAN	554251	FBXO48	DX39A_HUMAN	10212	DDX39A	0.63
K2026_HUMAN	158358	KIAA2026	GRP75_HUMAN	3313	HSPA9	0.63
RNS12_HUMAN	493901	RNASE12	CASC4_HUMAN	113201	CASC4	0.63
RS26L_HUMAN	441502	RPS26P11	CTRO_HUMAN	11113	CIT	0.63
RS26L_HUMAN	441502	RPS26P11	BTF3_HUMAN	689	BTF3	0.63
TMM31_HUMAN	203562	TMEM31	F105A_HUMAN	54491	OTULINL	0.63
TMM31_HUMAN	203562	TMEM31	SMAGP_HUMAN	57228	SMAGP	0.63
TMM31_HUMAN	203562	TMEM31	CD20_HUMAN	931	MS4A1	0.63
TTC38_HUMAN	55020	TTC38	SH3K1_HUMAN	30011	SH3KBP1	0.63
YV018_HUMAN			K1C40_HUMAN	125115	KRT40	0.63
SWAHC_HUMAN	65124	SOWAHC	RAC1_HUMAN	5879	RAC1	0.63
ANR39_HUMAN	51239	ANKRD39	CSN1_HUMAN	2873	GPS1	0.63
CA177_HUMAN	163747	LEXM	HERC1_HUMAN	8925	HERC1	0.63
CCD58_HUMAN	131076	CCDC58	NDUV1_HUMAN	4723	NDUFV1	0.63
CE028_HUMAN	64417	TMEM267	ACTA_HUMAN	59	ACTA2	0.63
CQ065_HUMAN	339201	ASB16-AS1	SHBG_HUMAN	6462	SHBG	0.63
CR021_HUMAN	83608	C18orf21	IL1F9_HUMAN	56300	IL36G	0.63
CR021_HUMAN	83608	C18orf21	CDSN_HUMAN	1041	CDSN	0.63
CR021_HUMAN	83608	C18orf21	CP4FN_HUMAN	126410	CYP4F22	0.63
CR021_HUMAN	83608	C18orf21	TGM1_HUMAN	7051	TGM1	0.63
CTXN1_HUMAN	404217	CTXN1	STX6_HUMAN	10228	STX6	0.63
DB135_HUMAN	613209	DEFB135	CO6A1_HUMAN	1291	COL6A1	0.63
ELOF1_HUMAN	84337	ELOF1	RPAB5_HUMAN	5441	POLR2L	0.63
LRC10_HUMAN	376132	LRRC10	EVPL_HUMAN	2125	EVPL	0.63
PLAC9_HUMAN	219348	PLAC9	GDPD1_HUMAN	284161	GDPD1	0.63
RNS13_HUMAN	440163	RNASE13	CD109_HUMAN	135228	CD109	0.63
SPXN4_HUMAN	441525	SPANXN4	HNRLL_HUMAN	92906	HNRNPLL	0.63
SPXN5_HUMAN	494197	SPANXN5	MTA70_HUMAN	56339	METTL3	0.63
TMM31_HUMAN	203562	TMEM31	NBR1_HUMAN	4077	NBR1	0.63
TMM31_HUMAN	203562	TMEM31	UBE3A_HUMAN	7337	UBE3A	0.63
TMM31_HUMAN	203562	TMEM31	GIMA5_HUMAN	55340	GIMAP5	0.63
WHAL1_HUMAN	339005	WHAMMP3	EXOC5_HUMAN	10640	EXOC5	0.63
WHAL1_HUMAN	339005	WHAMMP3	CJ032_HUMAN	119032	BORCS7	0.63
WHAL1_HUMAN	339005	WHAMMP3	THAP5_HUMAN	168451	THAP5	0.63
WHAL1_HUMAN	339005	WHAMMP3	CAMP3_HUMAN	57662	CAMSAP3	0.63
GAG2E_HUMAN	26749	GAGE2E	UTP11_HUMAN	51118	UTP11	0.63
PR20E_HUMAN	729250, 729233, 122183, 729240, 729246	PRR20E, PRR20B, PRR20A, PRR20C, PRR20D	C1QBP_HUMAN	708	C1QBP	0.63
CB053_HUMAN	339779	PRR30	CI169_HUMAN	375791	CYSRT1	0.63
CF226_HUMAN	441150	C6orf226	CCDB1_HUMAN	23582	CCNDBP1	0.63
DX26B_HUMAN	203522	INTS6L	INT6_HUMAN	26512	INTS6	0.63
F133B_HUMAN	257415	FAM133B	P53_HUMAN	7157	TP53	0.63
HMGX3_HUMAN	22993	HMGXB3	CDK4_HUMAN	1019	CDK4	0.63
KR221_HUMAN	337979	KRTAP22-1	MEIS2_HUMAN	4212	MEIS2	0.63
R39L5_HUMAN	553117	RPL39P5	LARP7_HUMAN	51574	LARP7	0.63
RS26L_HUMAN	441502	RPS26P11	ESR2_HUMAN	2100	ESR2	0.63
RS26L_HUMAN	441502	RPS26P11	H2AB2_HUMAN	474381, 83740	H2AFB2, H2AFB3	0.63
TMM31_HUMAN	203562	TMEM31	TSN2_HUMAN	10100	TSPAN2	0.63
TMM31_HUMAN	203562	TMEM31	ITAM_HUMAN	3684	ITGAM	0.63
TMM31_HUMAN	203562	TMEM31	TM107_HUMAN	84314	TMEM107	0.63
TMM62_HUMAN	80021	TMEM62	CD3D_HUMAN	915	CD3D	0.63
TUSC1_HUMAN	286319	TUSC1	PSA3_HUMAN	5684	PSMA3	0.63
TEX30_HUMAN	93081	TEX30	SUMO1_HUMAN	7341	SUMO1	0.63
ANR39_HUMAN	51239	ANKRD39	HNRLL_HUMAN	92906	HNRNPLL	0.63
ANR39_HUMAN	51239	ANKRD39	RIR1_HUMAN	6240	RRM1	0.63
CC142_HUMAN	84865	CCDC142	PP2AA_HUMAN	5515	PPP2CA	0.63
CCD58_HUMAN	131076	CCDC58	S2551_HUMAN	92014	SLC25A51	0.63
CJ120_HUMAN	399814	C10orf120	HUTH_HUMAN	3034	HAL	0.63
CQ090_HUMAN	339229	OXLD1	RPOM_HUMAN	5442	POLRMT	0.63
