didn't find A0AAQ5BGP6 in the database, skipped it
didn't find A0AAQ5BGP9 in the database, skipped it
didn't find A0AAQ5BGQ2 in the database, skipped it
didn't find A0AAQ5BGQ3 in the database, skipped it
didn't find A0AAQ5BGQ5 in the database, skipped it
didn't find A0AAQ5BGQ8 in the database, skipped it
didn't find A0AAQ5BGQ9 in the database, skipped it
didn't find A0AAQ5BGR0 in the database, skipped it
didn't find A0AAQ5BGR1 in the database, skipped it
didn't find A0AAQ5BGR2 in the database, skipped it
didn't find A0AAQ5BGR3 in the database, skipped it
didn't find A0AAQ5BGR5 in the database, skipped it
didn't find A0AAQ5BGR9 in the database, skipped it
didn't find A0AAQ5BGS1 in the database, skipped it
didn't find A0AAQ5BGS2 in the database, skipped it
didn't find A0AAQ5BGS8 in the database, skipped it
didn't find A0AAQ5BGS9 in the database, skipped it
didn't find A0AAQ5BGT2 in the database, skipped it
didn't find A0AAQ5BGT4 in the database, skipped it
didn't find A0AAQ5BGT6 in the database, skipped it
didn't find A0AAQ5BGT9 in the database, skipped it
didn't find A0AAQ5BGU1 in the database, skipped it
didn't find A0AAQ5BGU2 in the database, skipped it
didn't find A0AAQ5BGV3 in the database, skipped it
didn't find A0AAQ5BGV5 in the database, skipped it
didn't find A0AAQ5BGW1 in the database, skipped it
didn't find A0AAQ5BGW3 in the database, skipped it
didn't find A0AAQ5BGW7 in the database, skipped it
didn't find A0AAQ5BGX5 in the database, skipped it
didn't find A0AAQ5BGX8 in the database, skipped it
didn't find A0AAQ5BGY1 in the database, skipped it
didn't find A0AAQ5BGZ0 in the database, skipped it
didn't find A0AAQ5BGZ2 in the database, skipped it
didn't find A0AAQ5BGZ7 in the database, skipped it
didn't find A0AAQ5BH03 in the database, skipped it
didn't find A0AAQ5BH06 in the database, skipped it
didn't find A0AAQ5BH08 in the database, skipped it
didn't find A0AAQ5BH17 in the database, skipped it
didn't find A0AAQ5BH24 in the database, skipped it
didn't find A0AAQ5BH28 in the database, skipped it
didn't find A0AAQ5BH29 in the database, skipped it
didn't find A0AAQ5BH31 in the database, skipped it
didn't find A0AAQ5BH40 in the database, skipped it
didn't find A0AAQ5BH41 in the database, skipped it
didn't find A0AAQ5BH48 in the database, skipped it
didn't find A0AAQ5BH52 in the database, skipped it
didn't find A0AAQ5BH54 in the database, skipped it
didn't find A0AAQ5BH63 in the database, skipped it
didn't find A0AAQ5BH68 in the database, skipped it
didn't find A0AAQ5BH90 in the database, skipped it
didn't find A0AAQ5BH94 in the database, skipped it
didn't find A0AAQ5BH98 in the database, skipped it
didn't find A0AAQ5BH99 in the database, skipped it
didn't find A0AAQ5BHA4 in the database, skipped it
didn't find A0AAQ5BHA8 in the database, skipped it
didn't find A0AAQ5BHB0 in the database, skipped it
didn't find A0AAQ5BHB1 in the database, skipped it
didn't find A0AAQ5BHB3 in the database, skipped it
didn't find A0AAQ5BHB5 in the database, skipped it
didn't find A0AAQ5BHB6 in the database, skipped it
didn't find A0AAQ5BHC1 in the database, skipped it
didn't find A0AAQ5BHC6 in the database, skipped it
didn't find A0AAQ5BHD4 in the database, skipped it
didn't find A0AAQ5BHD5 in the database, skipped it
didn't find A0AAQ5BHD7 in the database, skipped it
didn't find A0AAQ5BHE4 in the database, skipped it
didn't find A0AAQ5BHE7 in the database, skipped it
didn't find A0AAQ5BHF1 in the database, skipped it
didn't find A0AAQ5BHF4 in the database, skipped it
didn't find A0AAQ5BHF6 in the database, skipped it
didn't find A0AAQ5BHF9 in the database, skipped it
didn't find A0AAQ5BHG0 in the database, skipped it
didn't find A0AAQ5BHG9 in the database, skipped it
didn't find A0AAQ5BHH1 in the database, skipped it
didn't find A0AAQ5BHH9 in the database, skipped it
didn't find A0AAQ5BHI0 in the database, skipped it
didn't find A0AAQ5BHI7 in the database, skipped it
didn't find A0AAQ5BHJ3 in the database, skipped it
didn't find A0AAQ5BHJ4 in the database, skipped it
didn't find A0AAQ5BHK2 in the database, skipped it
didn't find A0AAQ5BHK3 in the database, skipped it
didn't find A0AAQ5BHK7 in the database, skipped it
didn't find A0AAQ5BHK9 in the database, skipped it
didn't find A0AAQ5BHL7 in the database, skipped it
didn't find A0AAQ5BHM3 in the database, skipped it
didn't find A0AAQ5BHM4 in the database, skipped it
didn't find A0AAQ5BHM9 in the database, skipped it
didn't find A0AAQ5BHN4 in the database, skipped it
didn't find A0AAQ5BHN6 in the database, skipped it
didn't find A0AAQ5BHN7 in the database, skipped it
didn't find A0AAQ5BHP1 in the database, skipped it
didn't find A0AAQ5BHP6 in the database, skipped it
didn't find A0AAQ5BHP8 in the database, skipped it
didn't find A0AAQ5BHQ0 in the database, skipped it
didn't find A0AAQ5BHQ1 in the database, skipped it
didn't find A0AAQ5BHQ8 in the database, skipped it
didn't find A0AAQ5BHQ9 in the database, skipped it
didn't find A0AAQ5BHR0 in the database, skipped it
didn't find A0AAQ5BHR3 in the database, skipped it
didn't find A0AAQ5BHR4 in the database, skipped it
didn't find A0AAQ5BHR6 in the database, skipped it
didn't find A0AAQ5BHR7 in the database, skipped it
didn't find A0AAQ5BHS3 in the database, skipped it
didn't find A0AAQ5BHS5 in the database, skipped it
didn't find A0AAQ5BHS6 in the database, skipped it
didn't find A0AAQ5BHS9 in the database, skipped it
didn't find A0AAQ5BHT6 in the database, skipped it
didn't find A0AAQ5BHU0 in the database, skipped it
didn't find A0AAQ5BHU2 in the database, skipped it
didn't find A0AAQ5BHU3 in the database, skipped it
didn't find A0AAQ5BHU5 in the database, skipped it
didn't find A0AAQ5BHV0 in the database, skipped it
didn't find A0AAQ5BHV1 in the database, skipped it
didn't find A0AAQ5BHV2 in the database, skipped it
didn't find A0AAQ5BHV5 in the database, skipped it
didn't find A0AAQ5BHV8 in the database, skipped it
didn't find A0AAQ5BHV9 in the database, skipped it
didn't find A0AAQ5BHW1 in the database, skipped it
didn't find A0AAQ5BHW2 in the database, skipped it
didn't find A0AAQ5BHW3 in the database, skipped it
didn't find A0AAQ5BHW5 in the database, skipped it
didn't find A0AAQ5BHW7 in the database, skipped it
didn't find A0AAQ5BHX0 in the database, skipped it
didn't find A0AAQ5BHX3 in the database, skipped it
didn't find A0AAQ5BHX4 in the database, skipped it
didn't find A0AAQ5BHX7 in the database, skipped it
didn't find A0AAQ5BHY3 in the database, skipped it
didn't find A0AAQ5BHY6 in the database, skipped it
didn't find A0AAQ5BI00 in the database, skipped it
didn't find A0AAQ5BI04 in the database, skipped it
didn't find A0AAQ5BI05 in the database, skipped it
didn't find A0AAQ5BI15 in the database, skipped it
didn't find A0AAQ5BI24 in the database, skipped it
didn't find A0AAQ5BI29 in the database, skipped it
didn't find A0AAQ5BI30 in the database, skipped it
didn't find A0AAQ5BI32 in the database, skipped it
didn't find A0AAQ5BI33 in the database, skipped it
didn't find A0AAQ5BI51 in the database, skipped it
didn't find A0AAQ5BI54 in the database, skipped it
didn't find A0AAQ5BI59 in the database, skipped it
didn't find A0AAQ5BI89 in the database, skipped it
didn't find A0AAQ5BIA4 in the database, skipped it
didn't find A0AAQ5BIA6 in the database, skipped it
didn't find A0AAQ5BIB8 in the database, skipped it
didn't find A0AAQ5BIB9 in the database, skipped it
didn't find A0AAQ5BIC2 in the database, skipped it
didn't find A0AAQ5BIC3 in the database, skipped it
didn't find A0AAQ5BIC6 in the database, skipped it
didn't find A0AAQ5BID6 in the database, skipped it
didn't find A0AAQ5BID9 in the database, skipped it
didn't find A0AAQ5BIF3 in the database, skipped it
didn't find A0AAQ5BIF4 in the database, skipped it
didn't find A0AAQ5BIG0 in the database, skipped it
didn't find A0AAQ5BIG2 in the database, skipped it
didn't find A0AAQ5BIG4 in the database, skipped it
didn't find A0AAQ5BIG5 in the database, skipped it
didn't find A0AAQ5BII4 in the database, skipped it
didn't find A0AAQ5BII6 in the database, skipped it
didn't find A0AAQ5BII7 in the database, skipped it
didn't find A0AAQ5BII8 in the database, skipped it
didn't find A0AAQ5BIJ0 in the database, skipped it
didn't find A0AAQ5BIJ3 in the database, skipped it
didn't find A0AAQ5BIK5 in the database, skipped it
didn't find A0AVL1 in the database, skipped it
didn't find A0JP08 in the database, skipped it
didn't find A0RZB6 in the database, skipped it
didn't find A1BQX2 in the database, skipped it
didn't find A1E5M1 in the database, skipped it
didn't find A1PQG8 in the database, skipped it
didn't find A2A2D0 in the database, skipped it
didn't find A2A2F5 in the database, skipped it
didn't find A2A2K8 in the database, skipped it
didn't find A2A2K9 in the database, skipped it
didn't find A2A2L3 in the database, skipped it
didn't find A2A2L4 in the database, skipped it
didn't find A2A2L5 in the database, skipped it
didn't find A2A2L6 in the database, skipped it
didn't find A2A2M0 in the database, skipped it
didn't find A2A2Q9 in the database, skipped it
didn't find A2A2R6 in the database, skipped it
didn't find A2A2V2 in the database, skipped it
didn't find A2A2V4 in the database, skipped it
didn't find A2A369 in the database, skipped it
didn't find A2A376 in the database, skipped it
didn't find A2A3C1 in the database, skipped it
didn't find A2A3C2 in the database, skipped it
didn't find A2A3C3 in the database, skipped it
didn't find A2A3C4 in the database, skipped it
didn't find A2A3C6 in the database, skipped it
didn't find A2A3D8 in the database, skipped it
didn't find A2A3E1 in the database, skipped it
didn't find A2A3E4 in the database, skipped it
didn't find A2A3E5 in the database, skipped it
didn't find A2A3E6 in the database, skipped it
didn't find A2A3E7 in the database, skipped it
didn't find A2A3E8 in the database, skipped it
didn't find A2A3F3 in the database, skipped it
didn't find A2A3F4 in the database, skipped it
didn't find A2A3F7 in the database, skipped it
didn't find A2A3R5 in the database, skipped it
didn't find A2A3R7 in the database, skipped it
didn't find A2A3S1 in the database, skipped it
didn't find A2AAT0 in the database, skipped it
didn't find A2AAZ0 in the database, skipped it
didn't find A2AB09 in the database, skipped it
didn't find A2AB10 in the database, skipped it
didn't find A2AB11 in the database, skipped it
didn't find A2AB12 in the database, skipped it
didn't find A2AB13 in the database, skipped it
didn't find A2AB22 in the database, skipped it
didn't find A2AB23 in the database, skipped it
didn't find A2ABF0 in the database, skipped it
didn't find A2ABF8 in the database, skipped it
didn't find A2ABH1 in the database, skipped it
didn't find A2ABH3 in the database, skipped it
didn't find A2ABH4 in the database, skipped it
didn't find A2ABH5 in the database, skipped it
didn't find A2ABJ5 in the database, skipped it
didn't find A2ABK4 in the database, skipped it
didn't find A2ACR1 in the database, skipped it
didn't find A2ADX3 in the database, skipped it
didn't find A2AE48 in the database, skipped it
didn't find A2AEA2 in the database, skipped it
didn't find A2BF26 in the database, skipped it
didn't find A2BFX2 in the database, skipped it
didn't find A2IBA6 in the database, skipped it
didn't find A2ID99 in the database, skipped it
didn't find A2IDC6 in the database, skipped it
didn't find A2IDC7 in the database, skipped it
didn't find A2IDC9 in the database, skipped it
didn't find A3KFL2 in the database, skipped it
didn't find A3KFL5 in the database, skipped it
didn't find A3QJZ7 in the database, skipped it
didn't find A4FU16 in the database, skipped it
didn't find A4QPE4 in the database, skipped it
didn't find A6NC48 in the database, skipped it
didn't find A6NC89 in the database, skipped it
didn't find A6NCC9 in the database, skipped it
didn't find A6NCS7 in the database, skipped it
didn't find A6NCT7 in the database, skipped it
didn't find A6ND22 in the database, skipped it
didn't find A6NDA1 in the database, skipped it
didn't find A6NDI8 in the database, skipped it
didn't find A6NEC3 in the database, skipped it
didn't find A6NEL0 in the database, skipped it
didn't find A6NEP9 in the database, skipped it
didn't find A6NEW7 in the database, skipped it
didn't find A6NFB4 in the database, skipped it
didn't find A6NFQ9 in the database, skipped it
didn't find A6NFR2 in the database, skipped it
didn't find A6NFS0 in the database, skipped it
didn't find A6NG10 in the database, skipped it
didn't find A6NG31 in the database, skipped it
didn't find A6NG45 in the database, skipped it
didn't find A6NGJ0 in the database, skipped it
didn't find A6NGL4 in the database, skipped it
didn't find A6NGN6 in the database, skipped it
didn't find A6NGP5 in the database, skipped it
didn't find A6NGQ4 in the database, skipped it
didn't find A6NGT0 in the database, skipped it
didn't find A6NGT6 in the database, skipped it
didn't find A6NGV6 in the database, skipped it
didn't find A6NGX6 in the database, skipped it
didn't find A6NH01 in the database, skipped it
didn't find A6NH27 in the database, skipped it
didn't find A6NHK2 in the database, skipped it
didn't find A6NHN2 in the database, skipped it
didn't find A6NHR2 in the database, skipped it
didn't find A6NHV6 in the database, skipped it
didn't find A6NIT2 in the database, skipped it
didn't find A6NIV2 in the database, skipped it
didn't find A6NIW5 in the database, skipped it
didn't find A6NIZ0 in the database, skipped it
didn't find A6NJ10 in the database, skipped it
didn't find A6NJ96 in the database, skipped it
didn't find A6NJA2 in the database, skipped it
didn't find A6NJD9 in the database, skipped it
didn't find A6NJH9 in the database, skipped it
didn't find A6NJJ0 in the database, skipped it
didn't find A6NJX0 in the database, skipped it
didn't find A6NJX6 in the database, skipped it
didn't find A6NK28 in the database, skipped it


uniprot id 1	entrez gene id 1	gene name 1	uniprot id 2	entrez gene id 2	gene name 2	score
CA226_HUMAN	400793	C1orf226	PLK1_HUMAN	5347	PLK1	0.85
K1467_HUMAN	57613	FAM234B	STX12_HUMAN	23673	STX12	0.83
CA226_HUMAN	400793	C1orf226	AP2M1_HUMAN	1173	AP2M1	0.83
MAGBG_HUMAN	139604	MAGEB16	MAGA4_HUMAN	4103	MAGEA4	0.83
CQ102_HUMAN	400591	C17orf102	TXND9_HUMAN	10190	TXNDC9	0.83
TMM89_HUMAN	440955	TMEM89	CO4A_HUMAN	720	C4A	0.83
K1467_HUMAN	57613	FAM234B	FRMD5_HUMAN	84978	FRMD5	0.83
KLH33_HUMAN	123103	KLHL33	TCPE_HUMAN	22948	CCT5	0.82
CT118_HUMAN	140711	TLDC2	VATB2_HUMAN	526	ATP6V1B2	0.82
K1467_HUMAN	57613	FAM234B	CCNB2_HUMAN	9133	CCNB2	0.82
TSN11_HUMAN	441631	TSPAN11	IGLL5_HUMAN	100423062	IGLL5	0.82
K1467_HUMAN	57613	FAM234B	FRMD3_HUMAN	257019	FRMD3	0.82
K1467_HUMAN	57613	FAM234B	HBB_HUMAN	3043	HBB	0.82
ARG35_HUMAN	445328	ARHGEF35	ARHG5_HUMAN	7984	ARHGEF5	0.82
K1467_HUMAN	57613	FAM234B	ARV1_HUMAN	64801	ARV1	0.82
KLH33_HUMAN	123103	KLHL33	TCPQ_HUMAN	10694	CCT8	0.82
CT118_HUMAN	140711	TLDC2	VATE1_HUMAN	529	ATP6V1E1	0.82
K1467_HUMAN	57613	FAM234B	TBRG4_HUMAN	9238	TBRG4	0.82
TSN11_HUMAN	441631	TSPAN11	NB5R3_HUMAN	1727	CYB5R3	0.82
K1467_HUMAN	57613	FAM234B	SC22B_HUMAN	9554	SEC22B	0.82
K1467_HUMAN	57613	FAM234B	B4GT1_HUMAN	2683	B4GALT1	0.82
NEMP2_HUMAN	100131211	NEMP2	RAN_HUMAN	5901	RAN	0.82
KLH33_HUMAN	123103	KLHL33	TCPW_HUMAN	10693	CCT6B	0.82
CT118_HUMAN	140711	TLDC2	VATC1_HUMAN	528	ATP6V1C1	0.82
TSN11_HUMAN	441631	TSPAN11	ITA6_HUMAN	3655	ITGA6	0.82
K1467_HUMAN	57613	FAM234B	ABCD4_HUMAN	5826	ABCD4	0.82
ARG35_HUMAN	445328	ARHGEF35	OBSL1_HUMAN	23363	OBSL1	0.82
K1467_HUMAN	57613	FAM234B	SPAG5_HUMAN	10615	SPAG5	0.82
KLH33_HUMAN	123103	KLHL33	TCPZ_HUMAN	908	CCT6A	0.82
CT118_HUMAN	140711	TLDC2	VATD_HUMAN	51382	ATP6V1D	0.82
TSN11_HUMAN	441631	TSPAN11	ITA7_HUMAN	3679	ITGA7	0.82
K1467_HUMAN	57613	FAM234B	PTN1_HUMAN	5770	PTPN1	0.82
ARG35_HUMAN	445328	ARHGEF35	HEM2_HUMAN	210	ALAD	0.82
K1467_HUMAN	57613	FAM234B	HERC5_HUMAN	51191	HERC5	0.82
KLH33_HUMAN	123103	KLHL33	TBB1_HUMAN	81027	TUBB1	0.82
K1467_HUMAN	57613	FAM234B	TM214_HUMAN	54867	TMEM214	0.82
K1467_HUMAN	57613	FAM234B	ORC5_HUMAN	5001	ORC5	0.82
K1467_HUMAN	57613	FAM234B	DHRS7_HUMAN	51635	DHRS7	0.82
KLH33_HUMAN	123103	KLHL33	CH60_HUMAN	3329	HSPD1	0.82
K1467_HUMAN	57613	FAM234B	SPDLY_HUMAN	54908	SPDL1	0.82
TSN11_HUMAN	441631	TSPAN11	COLI_HUMAN	5443	POMC	0.82
K1467_HUMAN	57613	FAM234B	PDS5B_HUMAN	23047	PDS5B	0.82
K1467_HUMAN	57613	FAM234B	PEX16_HUMAN	9409	PEX16	0.82
KLH33_HUMAN	123103	KLHL33	TCPG_HUMAN	7203	CCT3	0.82
K1467_HUMAN	57613	FAM234B	NRSN2_HUMAN	80023	NRSN2	0.82
TSN11_HUMAN	441631	TSPAN11	REEP5_HUMAN	7905	REEP5	0.82
DC8L1_HUMAN	139425	DCAF8L1	DCAF8_HUMAN	50717	DCAF8	0.82
K1467_HUMAN	57613	FAM234B	UBE3C_HUMAN	9690	UBE3C	0.82
ARG35_HUMAN	445328	ARHGEF35	NPHP3_HUMAN	27031	NPHP3	0.82
K1467_HUMAN	57613	FAM234B	S47A1_HUMAN	55244	SLC47A1	0.82
TSN11_HUMAN	441631	TSPAN11	NRP2_HUMAN	8828	NRP2	0.82
CA226_HUMAN	400793	C1orf226	NKAP_HUMAN	79576	NKAP	0.82
K1467_HUMAN	57613	FAM234B	PX11B_HUMAN	8799	PEX11B	0.82
KLH33_HUMAN	123103	KLHL33	TCPH_HUMAN	10574	CCT7	0.82
K1467_HUMAN	57613	FAM234B	LAP4A_HUMAN	9741	LAPTM4A	0.82
KLH33_HUMAN	123103	KLHL33	TCPA_HUMAN	6950	TCP1	0.82
ARG35_HUMAN	445328	ARHGEF35	GRB2_HUMAN	2885	GRB2	0.82
K1467_HUMAN	57613	FAM234B	DEP1A_HUMAN	55635	DEPDC1	0.82
TSN11_HUMAN	441631	TSPAN11	TM9S4_HUMAN	9777	TM9SF4	0.82
K1467_HUMAN	57613	FAM234B	TNFL9_HUMAN	8744	TNFSF9	0.82
KLH33_HUMAN	123103	KLHL33	TCPD_HUMAN	10575	CCT4	0.82
K1467_HUMAN	57613	FAM234B	CKAP5_HUMAN	9793	CKAP5	0.82
K1467_HUMAN	57613	FAM234B	XKR2_HUMAN	402415	XKRX	0.82
K1467_HUMAN	57613	FAM234B	MAN1_HUMAN	23592	LEMD3	0.82
KLH33_HUMAN	123103	KLHL33	TCPB_HUMAN	10576	CCT2	0.82
ASPD_HUMAN	554235	ASPDH	TPM2_HUMAN	7169	TPM2	0.82
K1467_HUMAN	57613	FAM234B	HIP1R_HUMAN	9026	HIP1R	0.82
TSN11_HUMAN	441631	TSPAN11	ESYT1_HUMAN	23344	ESYT1	0.82
K1467_HUMAN	57613	FAM234B	SG1D1_HUMAN	10648	SCGB1D1	0.82
K1467_HUMAN	57613	FAM234B	ADPGK_HUMAN	83440	ADPGK	0.82
K1467_HUMAN	57613	FAM234B	TNPO2_HUMAN	30000	TNPO2	0.73
NTM2F_HUMAN	54754	NUTM2F	MORN4_HUMAN	118812	MORN4	0.73
YB051_HUMAN			H2AY_HUMAN	9555	H2AFY	0.73
K1467_HUMAN	57613	FAM234B	KCNRG_HUMAN	10206, 283518	TRIM13, KCNRG	0.73
K1467_HUMAN	57613	FAM234B	ZACN_HUMAN	353174	ZACN	0.73
K1467_HUMAN	57613	FAM234B	CF072_HUMAN	116254	GINM1	0.73
K1467_HUMAN	57613	FAM234B	MCAR1_HUMAN	92014	SLC25A51	0.73
NTM2F_HUMAN	54754	NUTM2F	GRB2_HUMAN	2885	GRB2	0.73
GAG10_HUMAN	643832	GAGE10	GMCL1_HUMAN	64395	GMCL1	0.73
NTM2F_HUMAN	54754	NUTM2F	ZN148_HUMAN	7707	ZNF148	0.73
K1467_HUMAN	57613	FAM234B	CGAT1_HUMAN	55790	CSGALNACT1	0.73
ARH37_HUMAN	389337	ARHGEF37	BIN3_HUMAN	55909	BIN3	0.73
K1467_HUMAN	57613	FAM234B	TM245_HUMAN	23731	TMEM245	0.72
ARG35_HUMAN	445328	ARHGEF35	TYSY_HUMAN	7298	TYMS	0.72
CH073_HUMAN	642475	MROH6	IQGA1_HUMAN	8826	IQGAP1	0.72
K1467_HUMAN	57613	FAM234B	B4GT5_HUMAN	9334	B4GALT5	0.72
CA226_HUMAN	400793	C1orf226	NAF1_HUMAN	92345	NAF1	0.72
LRIQ4_HUMAN	344657	LRRIQ4	HMGN2_HUMAN	3151	HMGN2	0.72
Z804B_HUMAN	219578	ZNF804B	K2C8_HUMAN	3856	KRT8	0.72
CT118_HUMAN	140711	TLDC2	KLH15_HUMAN	80311	KLHL15	0.72
TSN11_HUMAN	441631	TSPAN11	ITB1_HUMAN	3688	ITGB1	0.72
CA226_HUMAN	400793	C1orf226	MYH13_HUMAN	8735	MYH13	0.72
CB078_HUMAN	388960	C2orf78	K2C8_HUMAN	3856	KRT8	0.72
CA226_HUMAN	400793	C1orf226	PLK2_HUMAN	10769	PLK2	0.72
CB078_HUMAN	388960	C2orf78	PHB_HUMAN	5245	PHB	0.72
IQCAL_HUMAN	392843	IQCA1L	H15_HUMAN	3009	HIST1H1B	0.72
K1467_HUMAN	57613	FAM234B	RRP1_HUMAN	8568	RRP1	0.72
IQCAL_HUMAN	392843	IQCA1L	RL4_HUMAN	6124	RPL4	0.72
KLH33_HUMAN	123103	KLHL33	TBA4A_HUMAN	7277	TUBA4A	0.72
LNP1_HUMAN	348801	LNP1	G3P_HUMAN	2597	GAPDH	0.72
TSN11_HUMAN	441631	TSPAN11	PRAF3_HUMAN	10550	ARL6IP5	0.72
K1467_HUMAN	57613	FAM234B	TMX4_HUMAN	56255	TMX4	0.72
CA226_HUMAN	400793	C1orf226	FBW1A_HUMAN	8945	BTRC	0.65
SPE2L_HUMAN	100310812	SPDYE2B	PCNA_HUMAN	5111	PCNA	0.65
CI170_HUMAN	401535	C9orf170	NUDT8_HUMAN	254552	NUDT8	0.63
DDTL_HUMAN	100037417	DDTL	MTPN_HUMAN	136319	MTPN	0.63
NTM2F_HUMAN	54754	NUTM2F	FADD_HUMAN	8772	FADD	0.63
LNP1_HUMAN	348801	LNP1	PREP_HUMAN	10531	PITRM1	0.63
AN33B_HUMAN	651746	ANKRD33B	CANB2_HUMAN	5535	PPP3R2	0.63
CA226_HUMAN	400793	C1orf226	LTOR1_HUMAN	55004	LAMTOR1	0.63
CC154_HUMAN	645811	CCDC154	PRC1_HUMAN	9055	PRC1	0.63
ASPD_HUMAN	554235	ASPDH	CU056_HUMAN	84221	SPATC1L	0.63
NTM2F_HUMAN	54754	NUTM2F	ARL2_HUMAN	402	ARL2	0.63
IGLO5_HUMAN	402665	IGLON5	VPS29_HUMAN	51699	VPS29	0.63
KLH33_HUMAN	123103	KLHL33	PDCL3_HUMAN	79031	PDCL3	0.63
ASPD_HUMAN	554235	ASPDH	JUN_HUMAN	3725	JUN	0.63
CA226_HUMAN	400793	C1orf226	RHOQ_HUMAN	23433	RHOQ	0.63
F186A_HUMAN	121006	FAM186A	EGFR_HUMAN	1956	EGFR	0.63
LRIQ4_HUMAN	344657	LRRIQ4	FUS_HUMAN	2521	FUS	0.63
ARH37_HUMAN	389337	ARHGEF37	PRPS2_HUMAN	5634	PRPS2	0.63
CI170_HUMAN	401535	C9orf170	GCSP_HUMAN	2731	GLDC	0.63
DDTL_HUMAN	100037417	DDTL	PSME2_HUMAN	5721	PSME2	0.63
NTM2F_HUMAN	54754	NUTM2F	ANXA1_HUMAN	301	ANXA1	0.63
LNP1_HUMAN	348801	LNP1	GAN_HUMAN	8139	GAN	0.63
CA226_HUMAN	400793	C1orf226	1433G_HUMAN	7532	YWHAG	0.63
CA226_HUMAN	400793	C1orf226	RHOH_HUMAN	399	RHOH	0.63
NTM2F_HUMAN	54754	NUTM2F	CA109_HUMAN	54955	C1orf109	0.63
K1467_HUMAN	57613	FAM234B	PLPP4_HUMAN	196051	PLPP4	0.63
RN3L1_HUMAN			KI67_HUMAN	4288	MKI67	0.63
POTEM_HUMAN	641455	POTEM	CTRO_HUMAN	11113	CIT	0.63
CI170_HUMAN	401535	C9orf170	HSP7E_HUMAN	51182	HSPA14	0.63
NTM2F_HUMAN	54754	NUTM2F	PRP18_HUMAN	8559	PRPF18	0.63
LNP1_HUMAN	348801	LNP1	TP4AP_HUMAN	26133	TRPC4AP	0.63
AN33B_HUMAN	651746	ANKRD33B	HPCA_HUMAN	3208	HPCA	0.63
CA226_HUMAN	400793	C1orf226	RHOF_HUMAN	54509	RHOF	0.63
CH073_HUMAN	642475	MROH6	XPO1_HUMAN	7514	XPO1	0.63
K1467_HUMAN	57613	FAM234B	AT1B3_HUMAN	483	ATP1B3	0.63
LNP1_HUMAN	348801	LNP1	LYN_HUMAN	4067	LYN	0.63
ASPD_HUMAN	554235	ASPDH	GALK2_HUMAN	2585	GALK2	0.63
NTM2F_HUMAN	54754	NUTM2F	RS3A_HUMAN	6189	RPS3A	0.63
IGLO5_HUMAN	402665	IGLON5	TRI27_HUMAN	5987	TRIM27	0.63
KLH33_HUMAN	123103	KLHL33	BIRC6_HUMAN	57448	BIRC6	0.63
CA226_HUMAN	400793	C1orf226	F133A_HUMAN	286499	FAM133A	0.63
LRIQ4_HUMAN	344657	LRRIQ4	NFKB1_HUMAN	4790	NFKB1	0.63
ARH37_HUMAN	389337	ARHGEF37	DX39A_HUMAN	10212	DDX39A	0.63
CI170_HUMAN	401535	C9orf170	DHYS_HUMAN	1725	DHPS	0.63
DDTL_HUMAN	100037417	DDTL	PP2AA_HUMAN	5515	PPP2CA	0.63
NTM2F_HUMAN	54754	NUTM2F	AATC_HUMAN	2805	GOT1	0.63
K1467_HUMAN	57613	FAM234B	TRI13_HUMAN	10206	TRIM13	0.63
LNP1_HUMAN	348801	LNP1	NDUF5_HUMAN	79133	NDUFAF5	0.63
CA226_HUMAN	400793	C1orf226	RNPS1_HUMAN	10921	RNPS1	0.63
CA226_HUMAN	400793	C1orf226	CLCA_HUMAN	1211	CLTA	0.63
GG12C_HUMAN	100132399, 729422, 729428, 729431	GAGE12D, GAGE12C, GAGE12B, GAGE12E	GMCLL_HUMAN	64396	GMCL2	0.63
K1467_HUMAN	57613	FAM234B	STX6_HUMAN	10228	STX6	0.63
CI170_HUMAN	401535	C9orf170	FBXW5_HUMAN	54461	FBXW5	0.63
NTM2F_HUMAN	54754	NUTM2F	IRF6_HUMAN	3664	IRF6	0.63
NTM2F_HUMAN	54754	NUTM2F	OSTF1_HUMAN	26578	OSTF1	0.63
LNP1_HUMAN	348801	LNP1	NUD12_HUMAN	83594	NUDT12	0.63
AN33B_HUMAN	651746	ANKRD33B	VIR_HUMAN	25962	VIRMA	0.63
CA226_HUMAN	400793	C1orf226	SMAP2_HUMAN	64744	SMAP2	0.63
LNP1_HUMAN	348801	LNP1	APC4_HUMAN	29945	ANAPC4	0.63
ASPD_HUMAN	554235	ASPDH	UBE2N_HUMAN	7334	UBE2N	0.63
NTM2F_HUMAN	54754	NUTM2F	SPIN1_HUMAN	10927	SPIN1	0.63
IGLO5_HUMAN	402665	IGLON5	EF1D_HUMAN	1936	EEF1D	0.63
KLH33_HUMAN	123103	KLHL33	CHIP_HUMAN	10273	STUB1	0.63
CA226_HUMAN	400793	C1orf226	STX7_HUMAN	8417	STX7	0.63
F186A_HUMAN	121006	FAM186A	RYBP_HUMAN	23429	RYBP	0.63
K1467_HUMAN	57613	FAM234B	TGON2_HUMAN	10618	TGOLN2	0.63
LRP5L_HUMAN	91355	LRP5L	PLK1_HUMAN	5347	PLK1	0.63
CC160_HUMAN	347475	CCDC160	KIF14_HUMAN	9928	KIF14	0.63
CI170_HUMAN	401535	C9orf170	ODB2_HUMAN	1629	DBT	0.63
DDTL_HUMAN	100037417	DDTL	XPO1_HUMAN	7514	XPO1	0.63
NTM2F_HUMAN	54754	NUTM2F	EP300_HUMAN	2033	EP300	0.63
K1467_HUMAN	57613	FAM234B	S2551_HUMAN	92014	SLC25A51	0.63
LNP1_HUMAN	348801	LNP1	1433B_HUMAN	7529	YWHAB	0.63
CA226_HUMAN	400793	C1orf226	DYR1A_HUMAN	1859	DYRK1A	0.63
CA226_HUMAN	400793	C1orf226	CLCB_HUMAN	1212	CLTB	0.63
GG12C_HUMAN	100132399, 729422, 729428, 729431	GAGE12D, GAGE12C, GAGE12B, GAGE12E	GMCL1_HUMAN	64395	GMCL1	0.63
K1467_HUMAN	57613	FAM234B	RAB4A_HUMAN	5867	RAB4A	0.63
NEMP2_HUMAN	100131211	NEMP2	VIR_HUMAN	25962	VIRMA	0.63
CI170_HUMAN	401535	C9orf170	DLP1_HUMAN	57107	PDSS2	0.63
NTM2F_HUMAN	54754	NUTM2F	MAGD2_HUMAN	10916	MAGED2	0.63
NTM2F_HUMAN	54754	NUTM2F	LENG8_HUMAN	114823	LENG8	0.63
LNP1_HUMAN	348801	LNP1	GLNA_HUMAN	2752	GLUL	0.63
AN33B_HUMAN	651746	ANKRD33B	NCALD_HUMAN	83988	NCALD	0.63
CA226_HUMAN	400793	C1orf226	RHOG_HUMAN	391	RHOG	0.63
CH073_HUMAN	642475	MROH6	FRIL_HUMAN	2512	FTL	0.63
LNP1_HUMAN	348801	LNP1	APC10_HUMAN	10393	ANAPC10	0.63
Z804B_HUMAN	219578	ZNF804B	CEP76_HUMAN	79959	CEP76	0.63
ASPD_HUMAN	554235	ASPDH	COR1A_HUMAN	11151	CORO1A	0.63
NTM2F_HUMAN	54754	NUTM2F	ACPH_HUMAN	327	APEH	0.63
IGLO5_HUMAN	402665	IGLON5	RIPL2_HUMAN	196383	RILPL2	0.63
KLH33_HUMAN	123103	KLHL33	KANK2_HUMAN	25959	KANK2	0.63
CA226_HUMAN	400793	C1orf226	RAC3_HUMAN	5881	RAC3	0.63
F186A_HUMAN	121006	FAM186A	ANLN_HUMAN	54443	ANLN	0.63
K1467_HUMAN	57613	FAM234B	RAC2_HUMAN	5880	RAC2	0.63
LRP5L_HUMAN	91355	LRP5L	CSK2B_HUMAN	1460	CSNK2B	0.63
CG072_HUMAN			FACE1_HUMAN	10269	ZMPSTE24	0.63
CI170_HUMAN	401535	C9orf170	MK14_HUMAN	1432	MAPK14	0.63
DDTL_HUMAN	100037417	DDTL	CYTB_HUMAN	1476	CSTB	0.63
NTM2F_HUMAN	54754	NUTM2F	SLN11_HUMAN	91607	SLFN11	0.63
K1467_HUMAN	57613	FAM234B	TNPO1_HUMAN	3842	TNPO1	0.63
LNP1_HUMAN	348801	LNP1	1433E_HUMAN	7531	YWHAE	0.63
CA226_HUMAN	400793	C1orf226	RASK_HUMAN	3845	KRAS	0.63
CA226_HUMAN	400793	C1orf226	ENTD1_HUMAN	150350	ENTHD1	0.63
GG12J_HUMAN	729396	GAGE12J	GMCL1_HUMAN	64395	GMCL1	0.63
K1467_HUMAN	57613	FAM234B	BET1_HUMAN	10282	BET1	0.63
NEMP2_HUMAN	100131211	NEMP2	ACHA4_HUMAN	1137	CHRNA4	0.63
CQ102_HUMAN	400591	C17orf102	FAT3_HUMAN	120114	FAT3	0.63
NTM2F_HUMAN	54754	NUTM2F	PNMA2_HUMAN	10687	PNMA2	0.63
NTM2F_HUMAN	54754	NUTM2F	ATX1L_HUMAN	342371	ATXN1L	0.63
CA226_HUMAN	400793	C1orf226	BRD2_HUMAN	6046	BRD2	0.63
CH073_HUMAN	642475	MROH6	RASH_HUMAN	3265	HRAS	0.63
K1467_HUMAN	57613	FAM234B	NRG1_HUMAN	3084	NRG1	0.63
LNP1_HUMAN	348801	LNP1	CDC27_HUMAN	996	CDC27	0.63
ASPD_HUMAN	554235	ASPDH	COR1B_HUMAN	57175	CORO1B	0.63
NTM2F_HUMAN	54754	NUTM2F	KIF11_HUMAN	3832	KIF11	0.63
IGLO5_HUMAN	402665	IGLON5	TM1L1_HUMAN	10040	TOM1L1	0.63
KLH33_HUMAN	123103	KLHL33	BORG5_HUMAN	11135	CDC42EP1	0.63
CA226_HUMAN	400793	C1orf226	SCRIB_HUMAN	23513	SCRIB	0.63
K1467_HUMAN	57613	FAM234B	DX39A_HUMAN	10212	DDX39A	0.63
LRP5L_HUMAN	91355	LRP5L	HNRH1_HUMAN	3187	HNRNPH1	0.63
CG072_HUMAN			MAGT1_HUMAN	84061	MAGT1	0.63
CI170_HUMAN	401535	C9orf170	PP2AA_HUMAN	5515	PPP2CA	0.63
DDTL_HUMAN	100037417	DDTL	MDHC_HUMAN	4190	MDH1	0.63
NTM2F_HUMAN	54754	NUTM2F	RBM47_HUMAN	54502	RBM47	0.63
K1467_HUMAN	57613	FAM234B	SCAM3_HUMAN	10067	SCAMP3	0.63
LNP1_HUMAN	348801	LNP1	1433G_HUMAN	7532	YWHAG	0.63
A20A5_HUMAN	440482	ANKRD20A5P	LMNA_HUMAN	4000	LMNA	0.63
CA226_HUMAN	400793	C1orf226	RASH_HUMAN	3265	HRAS	0.63
IGIP_HUMAN	492311	IGIP	ELAV1_HUMAN	1994	ELAVL1	0.63
K1467_HUMAN	57613	FAM234B	TRDN_HUMAN	10345	TRDN	0.63
CQ102_HUMAN	400591	C17orf102	MPPA_HUMAN	23203	PMPCA	0.63
NTM2F_HUMAN	54754	NUTM2F	NUDT5_HUMAN	11164	NUDT5	0.63
PLS5_HUMAN	389158	PLSCR5	AMRA1_HUMAN	55626	AMBRA1	0.63
AN34B_HUMAN	340120	ANKRD34B	DX39A_HUMAN	10212	DDX39A	0.63
CA226_HUMAN	400793	C1orf226	BRD3_HUMAN	8019	BRD3	0.63
CH073_HUMAN	642475	MROH6	CL074_HUMAN	338809	C12orf74	0.63
K1467_HUMAN	57613	FAM234B	SUSD4_HUMAN	55061	SUSD4	0.63
LNP1_HUMAN	348801	LNP1	CDC20_HUMAN	991	CDC20	0.63
Z804B_HUMAN	219578	ZNF804B	PINK1_HUMAN	65018	PINK1	0.63
ASPD_HUMAN	554235	ASPDH	CPNE7_HUMAN	27132	CPNE7	0.63
CT118_HUMAN	140711	TLDC2	ADAT3_HUMAN	113179	ADAT3	0.63
NTM2F_HUMAN	54754	NUTM2F	DCK_HUMAN	1633	DCK	0.63
IGLO5_HUMAN	402665	IGLON5	VAC14_HUMAN	55697	VAC14	0.63
KLH33_HUMAN	123103	KLHL33	TBB8_HUMAN	347688	TUBB8	0.63
CA226_HUMAN	400793	C1orf226	RHOJ_HUMAN	57381	RHOJ	0.63
K1467_HUMAN	57613	FAM234B	SIA8D_HUMAN	7903	ST8SIA4	0.63
CG072_HUMAN			RLA2_HUMAN	6181	RPLP2	0.63
CI170_HUMAN	401535	C9orf170	DPS1_HUMAN	23590	PDSS1	0.63
DDTL_HUMAN	100037417	DDTL	RS28_HUMAN	6234	RPS28	0.63
NTM2F_HUMAN	54754	NUTM2F	VP37C_HUMAN	55048	VPS37C	0.63
K1467_HUMAN	57613	FAM234B	TMM59_HUMAN	9528	TMEM59	0.63
LNP1_HUMAN	348801	LNP1	1433F_HUMAN	7533	YWHAH	0.63
A20A5_HUMAN	440482	ANKRD20A5P	DX39A_HUMAN	10212	DDX39A	0.63
CA226_HUMAN	400793	C1orf226	KIF14_HUMAN	9928	KIF14	0.63
K1467_HUMAN	57613	FAM234B	VAMP4_HUMAN	8674	VAMP4	0.63
TMM82_HUMAN	388595	TMEM82	H2BFS_HUMAN	54145	H2BFS	0.63
NTM2F_HUMAN	54754	NUTM2F	BI2L1_HUMAN	55971	BAIAP2L1	0.63
GLTD2_HUMAN	388323	GLTPD2	PRDX4_HUMAN	10549	PRDX4	0.63
PLS5_HUMAN	389158	PLSCR5	TTC1_HUMAN	7265	TTC1	0.63
ARRD5_HUMAN	645432	ARRDC5	ERRFI_HUMAN	54206	ERRFI1	0.63
CA226_HUMAN	400793	C1orf226	ZCH10_HUMAN	54819	ZCCHC10	0.63
CS071_HUMAN	100128569	C19orf71	HNRH1_HUMAN	3187	HNRNPH1	0.63
LNP1_HUMAN	348801	LNP1	FZR_HUMAN	51343	FZR1	0.63
ARG35_HUMAN	445328	ARHGEF35	ELAV1_HUMAN	1994	ELAVL1	0.63
ASPD_HUMAN	554235	ASPDH	IGHG4_HUMAN	3503	IGHG4	0.63
CT118_HUMAN	140711	TLDC2	VATA_HUMAN	523	ATP6V1A	0.63
NTM2F_HUMAN	54754	NUTM2F	AL3A2_HUMAN	224	ALDH3A2	0.63
IGLO5_HUMAN	402665	IGLON5	PSD1_HUMAN	5662	PSD	0.63
KLH33_HUMAN	123103	KLHL33	ANR40_HUMAN	91369	ANKRD40	0.63
CA226_HUMAN	400793	C1orf226	PTPRJ_HUMAN	5795	PTPRJ	0.63
CA226_HUMAN	400793	C1orf226	FLOT1_HUMAN	10211	FLOT1	0.63
NTM2F_HUMAN	54754	NUTM2F	NCK1_HUMAN	4690	NCK1	0.63
K1467_HUMAN	57613	FAM234B	MPPE1_HUMAN	65258	MPPE1	0.63
MB3L3_HUMAN	653657	MBD3L3	TRIMM_HUMAN	205860	TRIML2	0.63
CI170_HUMAN	401535	C9orf170	MK09_HUMAN	5601	MAPK9	0.63
DDTL_HUMAN	100037417	DDTL	GDIR1_HUMAN	396	ARHGDIA	0.63
NTM2F_HUMAN	54754	NUTM2F	SH3R1_HUMAN	57630	SH3RF1	0.63
K1467_HUMAN	57613	FAM234B	FLVC1_HUMAN	28982	FLVCR1	0.63
LNP1_HUMAN	348801	LNP1	1433Z_HUMAN	7534	YWHAZ	0.63
AN18B_HUMAN	441459	ANKRD18B	VIR_HUMAN	25962	VIRMA	0.63
CA226_HUMAN	400793	C1orf226	CXA1_HUMAN	2697	GJA1	0.63
CC154_HUMAN	645811	CCDC154	ESR2_HUMAN	2100	ESR2	0.63
K1467_HUMAN	57613	FAM234B	TMPS4_HUMAN	56649	TMPRSS4	0.63
TMM82_HUMAN	388595	TMEM82	APOA2_HUMAN	336	APOA2	0.63
CQ102_HUMAN	400591	C17orf102	TCPG_HUMAN	7203	CCT3	0.63
NTM2F_HUMAN	54754	NUTM2F	DNJC3_HUMAN	5611	DNAJC3	0.63
GOG6C_HUMAN	653641	GOLGA6C	GSK3A_HUMAN	2931	GSK3A	0.63
TMM82_HUMAN	388595	TMEM82	CP4F2_HUMAN	8529	CYP4F2	0.63
ARRD5_HUMAN	645432	ARRDC5	PDCD5_HUMAN	9141	PDCD5	0.63
CA226_HUMAN	400793	C1orf226	RHOU_HUMAN	58480	RHOU	0.63
CT118_HUMAN	140711	TLDC2	TRI25_HUMAN	7706	TRIM25	0.63
K1467_HUMAN	57613	FAM234B	ITM2B_HUMAN	9445	ITM2B	0.63
LNP1_HUMAN	348801	LNP1	RAE1L_HUMAN	8480	RAE1	0.63
ASPD_HUMAN	554235	ASPDH	GGT7_HUMAN	2686	GGT7	0.63
CT118_HUMAN	140711	TLDC2	GCSP_HUMAN	2731	GLDC	0.63
NTM2F_HUMAN	54754	NUTM2F	DHX9_HUMAN	1660	DHX9	0.63
IGLO5_HUMAN	402665	IGLON5	PLPR4_HUMAN	9890	PLPPR4	0.63
KLH33_HUMAN	123103	KLHL33	HSP7C_HUMAN	3312	HSPA8	0.63
CA226_HUMAN	400793	C1orf226	AMPN_HUMAN	290	ANPEP	0.63
NTM2F_HUMAN	54754	NUTM2F	ZMY10_HUMAN	51364	ZMYND10	0.63
K1467_HUMAN	57613	FAM234B	LMBRL_HUMAN	55716	LMBR1L	0.63
NPB15_HUMAN	440348	NPIPB15	KIF14_HUMAN	9928	KIF14	0.63
DC8L1_HUMAN	139425	DCAF8L1	CUL7_HUMAN	9820	CUL7	0.63
CI170_HUMAN	401535	C9orf170	MPPB_HUMAN	9512	PMPCB	0.63
DDTL_HUMAN	100037417	DDTL	TBCA_HUMAN	6902	TBCA	0.63
NTM2F_HUMAN	54754	NUTM2F	RD23A_HUMAN	5886	RAD23A	0.63
LNP1_HUMAN	348801	LNP1	P20D2_HUMAN	135293	PM20D2	0.63
AN18B_HUMAN	441459	ANKRD18B	HNRH1_HUMAN	3187	HNRNPH1	0.63
CA226_HUMAN	400793	C1orf226	PIPSL_HUMAN	266971	PIPSL	0.63
CC154_HUMAN	645811	CCDC154	EAF1_HUMAN	85403	EAF1	0.63
IQCAL_HUMAN	392843	IQCA1L	PRC1_HUMAN	9055	PRC1	0.63
K1467_HUMAN	57613	FAM234B	ANKH_HUMAN	56172	ANKH	0.63
TMM82_HUMAN	388595	TMEM82	CD20_HUMAN	931	MS4A1	0.63
CQ102_HUMAN	400591	C17orf102	JOS2_HUMAN	126119	JOSD2	0.63
NTM2F_HUMAN	54754	NUTM2F	ERG7_HUMAN	4047	LSS	0.63
IGIP_HUMAN	492311	IGIP	JIP2_HUMAN	23542	MAPK8IP2	0.63
ASPD_HUMAN	554235	ASPDH	HXK1_HUMAN	3098	HK1	0.63
CA226_HUMAN	400793	C1orf226	AP2B1_HUMAN	163	AP2B1	0.63
CT118_HUMAN	140711	TLDC2	TRI18_HUMAN	4281	MID1	0.63
K1467_HUMAN	57613	FAM234B	DLK1_HUMAN	8788	DLK1	0.63
BTBDH_HUMAN	388419	BTBD17	PRD16_HUMAN	63976	PRDM16	0.63
CT118_HUMAN	140711	TLDC2	VATF_HUMAN	9296	ATP6V1F	0.63
NTM2F_HUMAN	54754	NUTM2F	HSP72_HUMAN	3306	HSPA2	0.63
IGLO5_HUMAN	402665	IGLON5	CG025_HUMAN	79020	C7orf25	0.63
KLH33_HUMAN	123103	KLHL33	ATX2_HUMAN	6311	ATXN2	0.63
CA226_HUMAN	400793	C1orf226	ESR2_HUMAN	2100	ESR2	0.63
CA226_HUMAN	400793	C1orf226	VIR_HUMAN	25962	VIRMA	0.63
NTM2F_HUMAN	54754	NUTM2F	NCK2_HUMAN	8440	NCK2	0.63
K1467_HUMAN	57613	FAM234B	ELOV5_HUMAN	60481	ELOVL5	0.63
NPB15_HUMAN	440348	NPIPB15	AURKB_HUMAN	9212	AURKB	0.63
LRRD1_HUMAN	401387	LRRD1	GLU2B_HUMAN	5589	PRKCSH	0.63
CI170_HUMAN	401535	C9orf170	PPCEL_HUMAN	9581	PREPL	0.63
DDTL_HUMAN	100037417	DDTL	TIF1A_HUMAN	8805	TRIM24	0.63
NTM2F_HUMAN	54754	NUTM2F	SH3G1_HUMAN	6455	SH3GL1	0.63
LNP1_HUMAN	348801	LNP1	SAHH3_HUMAN	23382	AHCYL2	0.63
AN33B_HUMAN	651746	ANKRD33B	NXF1_HUMAN	10482	NXF1	0.63
CA226_HUMAN	400793	C1orf226	NOS1_HUMAN	4842	NOS1	0.63
CC154_HUMAN	645811	CCDC154	AP3B1_HUMAN	8546	AP3B1	0.63
IQCAL_HUMAN	392843	IQCA1L	OBSL1_HUMAN	23363	OBSL1	0.63
K1467_HUMAN	57613	FAM234B	CLRN2_HUMAN	645104	CLRN2	0.63
TR43B_HUMAN	653192	TRIM43B	RN123_HUMAN	63891	RNF123	0.63
ARRD5_HUMAN	645432	ARRDC5	HSPB1_HUMAN	3315	HSPB1	0.63
CS069_HUMAN	100170765	ERICH4	2A5A_HUMAN	5525	PPP2R5A	0.63
NTM2F_HUMAN	54754	NUTM2F	FSCN1_HUMAN	6624	FSCN1	0.63
IGLO5_HUMAN	402665	IGLON5	OLA1_HUMAN	29789	OLA1	0.63
KLH33_HUMAN	123103	KLHL33	BAG3_HUMAN	9531	BAG3	0.63
ASPD_HUMAN	554235	ASPDH	CHRD1_HUMAN	26973	CHORDC1	0.63
CA226_HUMAN	400793	C1orf226	RP9_HUMAN	6100	RP9	0.63
DDTL_HUMAN	100037417	DDTL	CCNF_HUMAN	899	CCNF	0.63
LNP1_HUMAN	348801	LNP1	DX39A_HUMAN	10212	DDX39A	0.63
CA226_HUMAN	400793	C1orf226	FYN_HUMAN	2534	FYN	0.63
CT118_HUMAN	140711	TLDC2	VATG1_HUMAN	9550	ATP6V1G1	0.63
NTM2F_HUMAN	54754	NUTM2F	ACTC_HUMAN	70	ACTC1	0.63
IGLO5_HUMAN	402665	IGLON5	ARHL2_HUMAN	54936	ADPRHL2	0.63
KLH33_HUMAN	123103	KLHL33	PHLP_HUMAN	5082	PDCL	0.63
YB051_HUMAN			SDCB1_HUMAN	6386	SDCBP	0.63
CA226_HUMAN	400793	C1orf226	PTPRH_HUMAN	5794	PTPRH	0.63
CA226_HUMAN	400793	C1orf226	BRD4_HUMAN	23476	BRD4	0.63
NTM2F_HUMAN	54754	NUTM2F	ANS1A_HUMAN	23294	ANKS1A	0.63
K1467_HUMAN	57613	FAM234B	SC61B_HUMAN	10952	SEC61B	0.63
PRA22_HUMAN	653606	PRAMEF22	NUDC2_HUMAN	134492	NUDCD2	0.63
PLHD1_HUMAN	400224	PLEKHD1	RL1D1_HUMAN	26156	RSL1D1	0.63
CI170_HUMAN	401535	C9orf170	NMT2_HUMAN	9397	NMT2	0.63
DDTL_HUMAN	100037417	DDTL	CYC_HUMAN	54205	CYCS	0.63
NTM2F_HUMAN	54754	NUTM2F	HGS_HUMAN	9146	HGS	0.63
LNP1_HUMAN	348801	LNP1	1433T_HUMAN	10971	YWHAQ	0.63
AN33B_HUMAN	651746	ANKRD33B	TRI25_HUMAN	7706	TRIM25	0.63
CA226_HUMAN	400793	C1orf226	RND3_HUMAN	390	RND3	0.63
CC154_HUMAN	645811	CCDC154	NOLC1_HUMAN	9221	NOLC1	0.63
K1467_HUMAN	57613	FAM234B	GPC5D_HUMAN	55507	GPRC5D	0.63
TSN11_HUMAN	441631	TSPAN11	VIR_HUMAN	25962	VIRMA	0.63
CS069_HUMAN	100170765	ERICH4	SUOX_HUMAN	6821	SUOX	0.63
NTM2F_HUMAN	54754	NUTM2F	RUXG_HUMAN	6637	SNRPG	0.63
IGLO5_HUMAN	402665	IGLON5	COR2B_HUMAN	10391	CORO2B	0.63
KLH33_HUMAN	123103	KLHL33	LONM_HUMAN	9361	LONP1	0.63
ASPD_HUMAN	554235	ASPDH	GNA1_HUMAN	64841	GNPNAT1	0.63
CA226_HUMAN	400793	C1orf226	STX6_HUMAN	10228	STX6	0.63
F186A_HUMAN	121006	FAM186A	NUP98_HUMAN	4928	NUP98	0.63
LNP1_HUMAN	348801	LNP1	GRIN2_HUMAN	9721	GPRIN2	0.63
ARH37_HUMAN	389337	ARHGEF37	HNRPL_HUMAN	3191	HNRNPL	0.63
CB078_HUMAN	388960	C2orf78		440563	HNRNPCL2	0.63
DDTL_HUMAN	100037417	DDTL	PFD6_HUMAN	10471	PFDN6	0.63
NTM2F_HUMAN	54754	NUTM2F	CATA_HUMAN	847	CAT	0.63
IGLO5_HUMAN	402665	IGLON5	DKK3_HUMAN	27122	DKK3	0.63
KLH33_HUMAN	123103	KLHL33	SAV1_HUMAN	60485	SAV1	0.63
YB051_HUMAN			PS1C2_HUMAN	170680	PSORS1C2	0.63
CA226_HUMAN	400793	C1orf226	RAC1_HUMAN	5879	RAC1	0.63
NTM2F_HUMAN	54754	NUTM2F	NFYC_HUMAN	4802	NFYC	0.63
K1467_HUMAN	57613	FAM234B	LTOR1_HUMAN	55004	LAMTOR1	0.63
RN222_HUMAN	643904	RNF222	RING2_HUMAN	6045	RNF2	0.63
