didn't find B4DEK6 in the database, skipped it
didn't find B4DEQ0 in the database, skipped it
didn't find B4DEQ2 in the database, skipped it
didn't find B4DER1 in the database, skipped it
didn't find B4DEV8 in the database, skipped it
didn't find B4DEW2 in the database, skipped it
didn't find B4DEZ3 in the database, skipped it
didn't find B4DF51 in the database, skipped it
didn't find B4DFF3 in the database, skipped it
didn't find B4DFI2 in the database, skipped it
didn't find B4DFJ8 in the database, skipped it
didn't find B4DFN8 in the database, skipped it
didn't find B4DFW2 in the database, skipped it
didn't find B4DGL8 in the database, skipped it
didn't find B4DGM3 in the database, skipped it
didn't find B4DGP2 in the database, skipped it
didn't find B4DGU4 in the database, skipped it
didn't find B4DGU6 in the database, skipped it
didn't find B4DHA8 in the database, skipped it
didn't find B4DHE8 in the database, skipped it
didn't find B4DHI3 in the database, skipped it
didn't find B4DHJ7 in the database, skipped it
didn't find B4DHQ6 in the database, skipped it
didn't find B4DHW2 in the database, skipped it
didn't find B4DI03 in the database, skipped it
didn't find B4DI92 in the database, skipped it
didn't find B4DIB9 in the database, skipped it
didn't find B4DIE3 in the database, skipped it
didn't find B4DIG0 in the database, skipped it
didn't find B4DII4 in the database, skipped it
didn't find B4DIZ1 in the database, skipped it
didn't find B4DJ07 in the database, skipped it
didn't find B4DJC3 in the database, skipped it
didn't find B4DJD4 in the database, skipped it
didn't find B4DJE6 in the database, skipped it
didn't find B4DJI7 in the database, skipped it
didn't find B4DJK0 in the database, skipped it
didn't find B4DJK6 in the database, skipped it
didn't find B4DJL6 in the database, skipped it
didn't find B4DJV2 in the database, skipped it
didn't find B4DJV5 in the database, skipped it
didn't find B4DJW4 in the database, skipped it
didn't find B4DJX4 in the database, skipped it
didn't find B4DKB2 in the database, skipped it
didn't find B4DKD1 in the database, skipped it
didn't find B4DKD2 in the database, skipped it
didn't find B4DKD5 in the database, skipped it
didn't find B4DKL9 in the database, skipped it
didn't find B4DKT6 in the database, skipped it
didn't find B4DL54 in the database, skipped it
didn't find B4DLJ1 in the database, skipped it
didn't find B4DLN1 in the database, skipped it
didn't find B4DLP0 in the database, skipped it
didn't find B4DLW3 in the database, skipped it
didn't find B4DM51 in the database, skipped it
didn't find B4DM58 in the database, skipped it
didn't find B4DMS8 in the database, skipped it
didn't find B4DMZ6 in the database, skipped it
didn't find B4DN67 in the database, skipped it
didn't find B4DNJ1 in the database, skipped it
didn't find B4DNK4 in the database, skipped it
didn't find B4DNV3 in the database, skipped it
didn't find B4DP61 in the database, skipped it
didn't find B4DPR9 in the database, skipped it
didn't find B4DPS1 in the database, skipped it
didn't find B4DPU0 in the database, skipped it
didn't find B4DPZ9 in the database, skipped it
didn't find B4DQ67 in the database, skipped it
didn't find B4DQA8 in the database, skipped it
didn't find B4DQF9 in the database, skipped it
didn't find B4DQI4 in the database, skipped it
didn't find B4DQU5 in the database, skipped it
didn't find B4DR12 in the database, skipped it
didn't find B4DRE2 in the database, skipped it
didn't find B4DRG3 in the database, skipped it
didn't find B4DRK2 in the database, skipped it
didn't find B4DRN8 in the database, skipped it
didn't find B4DRY2 in the database, skipped it
didn't find B4DSL5 in the database, skipped it
didn't find B4DSZ9 in the database, skipped it
didn't find B4DT40 in the database, skipped it
didn't find B4DT96 in the database, skipped it
didn't find B4DTC2 in the database, skipped it
didn't find B4DTD8 in the database, skipped it
didn't find B4DTF9 in the database, skipped it
didn't find B4DTR2 in the database, skipped it
didn't find B4DTW4 in the database, skipped it
didn't find B4DTY2 in the database, skipped it
didn't find B4DUA4 in the database, skipped it
didn't find B4DUA7 in the database, skipped it
didn't find B4DUK8 in the database, skipped it
didn't find B4DUT8 in the database, skipped it
didn't find B4DV51 in the database, skipped it
didn't find B4DV78 in the database, skipped it
didn't find B4DVD8 in the database, skipped it
didn't find B4DVJ6 in the database, skipped it
didn't find B4DW98 in the database, skipped it
didn't find B4DWA1 in the database, skipped it
didn't find B4DWB8 in the database, skipped it
didn't find B4DWD8 in the database, skipped it
didn't find B4DX56 in the database, skipped it
didn't find B4DX60 in the database, skipped it
didn't find B4DXC8 in the database, skipped it
didn't find B4DXG3 in the database, skipped it
didn't find B4DXG7 in the database, skipped it
didn't find B4DXU5 in the database, skipped it
didn't find B4DXW7 in the database, skipped it
didn't find B4DXZ6 in the database, skipped it
didn't find B4DY08 in the database, skipped it
didn't find B4DY09 in the database, skipped it
didn't find B4DY92 in the database, skipped it
didn't find B4DYB8 in the database, skipped it
didn't find B4DYQ8 in the database, skipped it
didn't find B4DYU2 in the database, skipped it
didn't find B4DYY6 in the database, skipped it
didn't find B4DZ31 in the database, skipped it
didn't find B4DZ74 in the database, skipped it
didn't find B4DZ96 in the database, skipped it
didn't find B4DZK5 in the database, skipped it
didn't find B4DZM6 in the database, skipped it
didn't find B4DZP2 in the database, skipped it
didn't find B4DZS0 in the database, skipped it
didn't find B4DZS4 in the database, skipped it
didn't find B4DZU5 in the database, skipped it
didn't find B4E0K5 in the database, skipped it
didn't find B4E0K6 in the database, skipped it
didn't find B4E101 in the database, skipped it
didn't find B4E127 in the database, skipped it
didn't find B4E135 in the database, skipped it
didn't find B4E1B9 in the database, skipped it
didn't find B4E1G1 in the database, skipped it
didn't find B4E1H8 in the database, skipped it
didn't find B4E1S2 in the database, skipped it
didn't find B4E2E0 in the database, skipped it
didn't find B4E2I4 in the database, skipped it
didn't find B4E2M5 in the database, skipped it
didn't find B4E321 in the database, skipped it
didn't find B4E3L3 in the database, skipped it
didn't find B4E3Q4 in the database, skipped it
didn't find B5A927 in the database, skipped it
didn't find B5A954 in the database, skipped it
didn't find B5A977 in the database, skipped it
didn't find B5MBX0 in the database, skipped it
didn't find B5MBX5 in the database, skipped it
didn't find B5MBY7 in the database, skipped it
didn't find B5MBZ0 in the database, skipped it
didn't find B5MC02 in the database, skipped it
didn't find B5MC21 in the database, skipped it
didn't find B5MC31 in the database, skipped it
didn't find B5MC35 in the database, skipped it
didn't find B5MC47 in the database, skipped it
didn't find B5MC53 in the database, skipped it
didn't find B5MC74 in the database, skipped it
didn't find B5MC86 in the database, skipped it
didn't find B5MCA1 in the database, skipped it
didn't find B5MCA4 in the database, skipped it
didn't find B5MCC8 in the database, skipped it
didn't find B5MCD3 in the database, skipped it
didn't find B5MCE2 in the database, skipped it
didn't find B5MCE7 in the database, skipped it
didn't find B5MCF4 in the database, skipped it
didn't find B5MCF8 in the database, skipped it
didn't find B5MCH7 in the database, skipped it
didn't find B5MCI6 in the database, skipped it
didn't find B5MCN7 in the database, skipped it
didn't find B5MCP4 in the database, skipped it
didn't find B5MCP9 in the database, skipped it
didn't find B5MCR8 in the database, skipped it
didn't find B5MCS1 in the database, skipped it
didn't find B5MCT2 in the database, skipped it
didn't find B5MCT4 in the database, skipped it
didn't find B5MCT8 in the database, skipped it
didn't find B5MCU4 in the database, skipped it
didn't find B5MCV2 in the database, skipped it
didn't find B5MCW3 in the database, skipped it
didn't find B5MCX1 in the database, skipped it
didn't find B5MCX4 in the database, skipped it
didn't find B5MCY1 in the database, skipped it
didn't find B5MCZ9 in the database, skipped it
didn't find B5MD16 in the database, skipped it
didn't find B5MD23 in the database, skipped it
didn't find B5MDE0 in the database, skipped it
didn't find B5MDF5 in the database, skipped it
didn't find B5MDG7 in the database, skipped it
didn't find B5MDL5 in the database, skipped it
didn't find B5MDP7 in the database, skipped it
didn't find B5MDQ0 in the database, skipped it
didn't find B5MDS5 in the database, skipped it
didn't find B5MDU3 in the database, skipped it
didn't find B5MDU6 in the database, skipped it
didn't find B5MDW0 in the database, skipped it
didn't find B5ME80 in the database, skipped it
didn't find B5ME97 in the database, skipped it
didn't find B5MEB3 in the database, skipped it
didn't find B6VEX4 in the database, skipped it
didn't find B6ZDM2 in the database, skipped it
didn't find B7WNQ9 in the database, skipped it
didn't find B7WNR0 in the database, skipped it
didn't find B7WNT5 in the database, skipped it
didn't find B7WP74 in the database, skipped it
didn't find B7WPD9 in the database, skipped it
didn't find B7WPE2 in the database, skipped it
didn't find B7WPJ3 in the database, skipped it
didn't find B7WPR2 in the database, skipped it
didn't find B7Z1F5 in the database, skipped it
didn't find B7Z1G8 in the database, skipped it
didn't find B7Z1I7 in the database, skipped it
didn't find B7Z1N8 in the database, skipped it
didn't find B7Z1T1 in the database, skipped it
didn't find B7Z1U7 in the database, skipped it
didn't find B7Z1V0 in the database, skipped it
didn't find B7Z212 in the database, skipped it
didn't find B7Z225 in the database, skipped it
didn't find B7Z279 in the database, skipped it
didn't find B7Z2A9 in the database, skipped it
didn't find B7Z2D2 in the database, skipped it
didn't find B7Z2L0 in the database, skipped it
didn't find B7Z2R2 in the database, skipped it
didn't find B7Z2R4 in the database, skipped it
didn't find B7Z2T3 in the database, skipped it
didn't find B7Z2Y2 in the database, skipped it
didn't find B7Z306 in the database, skipped it
didn't find B7Z317 in the database, skipped it
didn't find B7Z368 in the database, skipped it
didn't find B7Z369 in the database, skipped it
didn't find B7Z385 in the database, skipped it
didn't find B7Z3C5 in the database, skipped it
didn't find B7Z3H4 in the database, skipped it
didn't find B7Z3I4 in the database, skipped it
didn't find B7Z3L6 in the database, skipped it
didn't find B7Z3N5 in the database, skipped it
didn't find B7Z3R9 in the database, skipped it
didn't find B7Z3U5 in the database, skipped it
didn't find B7Z4C8 in the database, skipped it
didn't find B7Z4D4 in the database, skipped it
didn't find B7Z4E3 in the database, skipped it
didn't find B7Z4J8 in the database, skipped it
didn't find B7Z4M1 in the database, skipped it
didn't find B7Z4N4 in the database, skipped it
didn't find B7Z4P9 in the database, skipped it
didn't find B7Z4T2 in the database, skipped it
didn't find B7Z4U2 in the database, skipped it
didn't find B7Z4W2 in the database, skipped it
didn't find B7Z4W5 in the database, skipped it
didn't find B7Z509 in the database, skipped it
didn't find B7Z510 in the database, skipped it
didn't find B7Z574 in the database, skipped it
didn't find B7Z589 in the database, skipped it
didn't find B7Z596 in the database, skipped it
didn't find B7Z5F4 in the database, skipped it
didn't find B7Z5N5 in the database, skipped it
didn't find B7Z5P7 in the database, skipped it
didn't find B7Z5R6 in the database, skipped it
didn't find B7Z637 in the database, skipped it
didn't find B7Z641 in the database, skipped it
didn't find B7Z673 in the database, skipped it
didn't find B7Z676 in the database, skipped it
didn't find B7Z683 in the database, skipped it
didn't find B7Z6B6 in the database, skipped it
didn't find B7Z6D5 in the database, skipped it
didn't find B7Z6J7 in the database, skipped it
didn't find B7Z6Q0 in the database, skipped it
didn't find B7Z6Q2 in the database, skipped it
didn't find B7Z6T1 in the database, skipped it
didn't find B7Z6U3 in the database, skipped it
didn't find B7Z757 in the database, skipped it
didn't find B7Z7B0 in the database, skipped it
didn't find B7Z7D2 in the database, skipped it
didn't find B7Z7E1 in the database, skipped it
didn't find B7Z7M5 in the database, skipped it
didn't find B7Z7N5 in the database, skipped it
didn't find B7Z7P8 in the database, skipped it
didn't find B7Z7V6 in the database, skipped it
didn't find B7Z7Y1 in the database, skipped it
didn't find B7Z896 in the database, skipped it
didn't find B7Z8E5 in the database, skipped it
didn't find B7Z8L1 in the database, skipped it
didn't find B7Z8Q8 in the database, skipped it
didn't find B7Z8R7 in the database, skipped it
didn't find B7Z8W6 in the database, skipped it
didn't find B7Z8X0 in the database, skipped it
didn't find B7Z8Z7 in the database, skipped it
didn't find B7Z934 in the database, skipped it
didn't find B7Z9C2 in the database, skipped it
didn't find B7Z9H7 in the database, skipped it
didn't find B7Z9S8 in the database, skipped it
didn't find B7Z9U0 in the database, skipped it
didn't find B7Z9X4 in the database, skipped it
didn't find B7Z9Y6 in the database, skipped it
didn't find B7ZAA0 in the database, skipped it
didn't find B7ZAJ4 in the database, skipped it
didn't find B7ZAN3 in the database, skipped it
didn't find B7ZB74 in the database, skipped it
didn't find B7ZBA4 in the database, skipped it
didn't find B7ZBF7 in the database, skipped it
didn't find B7ZBF8 in the database, skipped it
didn't find B7ZBK6 in the database, skipped it
didn't find B7ZBM3 in the database, skipped it
didn't find B7ZBM8 in the database, skipped it
didn't find B7ZBP7 in the database, skipped it
didn't find B7ZBP9 in the database, skipped it
didn't find B7ZBQ0 in the database, skipped it
didn't find B7ZBQ3 in the database, skipped it
didn't find B7ZBT8 in the database, skipped it
didn't find B7ZC34 in the database, skipped it
didn't find B7ZC38 in the database, skipped it
didn't find B7ZC39 in the database, skipped it
didn't find B7ZCJ6 in the database, skipped it
didn't find B7ZKJ8 in the database, skipped it
didn't find B7ZKQ9 in the database, skipped it
didn't find B7ZKR5 in the database, skipped it
didn't find B7ZKW0 in the database, skipped it
didn't find B7ZL25 in the database, skipped it
didn't find B7ZL48 in the database, skipped it
didn't find B7ZL91 in the database, skipped it
didn't find B7ZLF3 in the database, skipped it
didn't find B7ZLG1 in the database, skipped it
didn't find B7ZLI8 in the database, skipped it
didn't find B7ZLJ5 in the database, skipped it
didn't find B7ZLJ8 in the database, skipped it
didn't find B7ZLP8 in the database, skipped it
didn't find B7ZLU9 in the database, skipped it
didn't find B7ZM44 in the database, skipped it
didn't find B7ZM54 in the database, skipped it
didn't find B7ZM61 in the database, skipped it
didn't find B7ZM68 in the database, skipped it
didn't find B7ZM79 in the database, skipped it
didn't find B7ZW38 in the database, skipped it
didn't find B8A595 in the database, skipped it
didn't find B8A597 in the database, skipped it
didn't find B8A598 in the database, skipped it
didn't find B8ZWD1 in the database, skipped it
didn't find B8ZZ10 in the database, skipped it
didn't find B8ZZ45 in the database, skipped it
didn't find B8ZZ47 in the database, skipped it
didn't find B8ZZ48 in the database, skipped it
didn't find B8ZZ60 in the database, skipped it
didn't find B8ZZ71 in the database, skipped it
didn't find B8ZZ73 in the database, skipped it
didn't find B8ZZ75 in the database, skipped it
didn't find B8ZZ77 in the database, skipped it
didn't find B8ZZ86 in the database, skipped it
didn't find B8ZZ87 in the database, skipped it
didn't find B8ZZ93 in the database, skipped it
didn't find B8ZZ98 in the database, skipped it
didn't find B8ZZA1 in the database, skipped it
didn't find B8ZZC1 in the database, skipped it
didn't find B8ZZC5 in the database, skipped it
didn't find B8ZZC8 in the database, skipped it
didn't find B8ZZD3 in the database, skipped it
didn't find B8ZZE3 in the database, skipped it
didn't find B8ZZF3 in the database, skipped it
didn't find B8ZZF5 in the database, skipped it
didn't find B8ZZF7 in the database, skipped it
didn't find B8ZZH7 in the database, skipped it
didn't find B8ZZI5 in the database, skipped it
didn't find B8ZZI9 in the database, skipped it
didn't find B8ZZJ0 in the database, skipped it
didn't find B8ZZJ4 in the database, skipped it
didn't find B8ZZJ5 in the database, skipped it
didn't find B8ZZK0 in the database, skipped it
didn't find B8ZZK2 in the database, skipped it
didn't find B8ZZK4 in the database, skipped it
didn't find B8ZZL8 in the database, skipped it
didn't find B8ZZM6 in the database, skipped it
didn't find B8ZZN3 in the database, skipped it
didn't find B8ZZN6 in the database, skipped it
didn't find B8ZZQ6 in the database, skipped it
didn't find B8ZZQ8 in the database, skipped it
didn't find B8ZZR0 in the database, skipped it
didn't find B8ZZS2 in the database, skipped it
didn't find B8ZZS4 in the database, skipped it
didn't find B8ZZT4 in the database, skipped it
didn't find B8ZZU6 in the database, skipped it
didn't find B8ZZU8 in the database, skipped it
didn't find B8ZZV5 in the database, skipped it
didn't find B8ZZV9 in the database, skipped it
didn't find B8ZZW4 in the database, skipped it
didn't find B8ZZW7 in the database, skipped it
didn't find B8ZZX2 in the database, skipped it
didn't find B8ZZX6 in the database, skipped it
didn't find B8ZZY4 in the database, skipped it
didn't find B8ZZZ0 in the database, skipped it
didn't find B8ZZZ1 in the database, skipped it
didn't find B8ZZZ4 in the database, skipped it
didn't find B8ZZZ7 in the database, skipped it
didn't find B8ZZZ9 in the database, skipped it
didn't find B9A008 in the database, skipped it
didn't find B9A012 in the database, skipped it
didn't find B9A018 in the database, skipped it
didn't find B9A032 in the database, skipped it


uniprot id 1	entrez gene id 1	gene name 1	uniprot id 2	entrez gene id 2	gene name 2	score
ZN732_HUMAN	654254	ZNF732	TIF1B_HUMAN	10155	TRIM28	0.82
ZN732_HUMAN	654254	ZNF732	PURG_HUMAN	29942	PURG	0.63
C2D4D_HUMAN	100191040	C2CD4D	DDX58_HUMAN	23586	DDX58	0.63
ERVV1_HUMAN	147664	ERVV-1	SMAD9_HUMAN	4093	SMAD9	0.63
PP13G_HUMAN	648791	PPP1R3G	PP1A_HUMAN	5499	PPP1CA	0.63
ZN736_HUMAN	728927	ZNF736	E41L2_HUMAN	2037	EPB41L2	0.63
GGTL3_HUMAN	728226	GGTLC3	CUL4B_HUMAN	8450	CUL4B	0.63
ZN732_HUMAN	654254	ZNF732	MCEE_HUMAN	84693	MCEE	0.63
