didn't find B1AMT3 in the database, skipped it
didn't find B1AMU3 in the database, skipped it
didn't find B1AMU4 in the database, skipped it
didn't find B1AMU7 in the database, skipped it
didn't find B1AMV7 in the database, skipped it
didn't find B1AMV8 in the database, skipped it
didn't find B1AMW1 in the database, skipped it
didn't find B1AMX7 in the database, skipped it
didn't find B1AMX8 in the database, skipped it
didn't find B1AMY1 in the database, skipped it
didn't find B1AN12 in the database, skipped it
didn't find B1AN15 in the database, skipped it
didn't find B1AN48 in the database, skipped it
didn't find B1AN51 in the database, skipped it
didn't find B1AN86 in the database, skipped it
didn't find B1AN91 in the database, skipped it
didn't find B1AN92 in the database, skipped it
didn't find B1ANB7 in the database, skipped it
didn't find B1ANE6 in the database, skipped it
didn't find B1ANH3 in the database, skipped it
didn't find B1ANH5 in the database, skipped it
didn't find B1ANH6 in the database, skipped it
didn't find B1ANM0 in the database, skipped it
didn't find B1ANR1 in the database, skipped it
didn't find B1ANV5 in the database, skipped it
didn't find B1ANY6 in the database, skipped it
didn't find B1AP03 in the database, skipped it
didn't find B1AP15 in the database, skipped it
didn't find B1AP46 in the database, skipped it
didn't find B1AP52 in the database, skipped it
didn't find B1AP58 in the database, skipped it
didn't find B1AP61 in the database, skipped it
didn't find B1APF7 in the database, skipped it
didn't find B1APF8 in the database, skipped it
didn't find B1APF9 in the database, skipped it
didn't find B1APG0 in the database, skipped it
didn't find B1APG1 in the database, skipped it
didn't find B1APG2 in the database, skipped it
didn't find B1APG3 in the database, skipped it
didn't find B1APH0 in the database, skipped it
didn't find B1APK8 in the database, skipped it
didn't find B1APN9 in the database, skipped it
didn't find B1APQ0 in the database, skipped it
didn't find B1APQ1 in the database, skipped it
didn't find B1APT5 in the database, skipped it
didn't find B1AQ29 in the database, skipped it
didn't find B1AQ55 in the database, skipped it
didn't find B1AQ60 in the database, skipped it
didn't find B1AQ61 in the database, skipped it
didn't find B1AQ67 in the database, skipped it
didn't find B1AQ74 in the database, skipped it
didn't find B1AQM6 in the database, skipped it
didn't find B1AQM9 in the database, skipped it
didn't find B1AQN8 in the database, skipped it
didn't find B1AQP5 in the database, skipped it
didn't find B1AQP8 in the database, skipped it
didn't find B1AQT1 in the database, skipped it
didn't find B1AR60 in the database, skipped it
didn't find B1AR72 in the database, skipped it
didn't find B1ARF3 in the database, skipped it
didn't find B1AXG2 in the database, skipped it
didn't find B1AZ06 in the database, skipped it
didn't find B1B047 in the database, skipped it
didn't find B1B0D4 in the database, skipped it
didn't find B1B0G8 in the database, skipped it
didn't find B1B0G9 in the database, skipped it
didn't find B1B154 in the database, skipped it
didn't find B1B1H9 in the database, skipped it
didn't find B1B1J0 in the database, skipped it
didn't find B1B1J6 in the database, skipped it
didn't find B1H0U8 in the database, skipped it
didn't find B1N8M6 in the database, skipped it
didn't find B2CM71 in the database, skipped it
didn't find B2CM72 in the database, skipped it
didn't find B2CM73 in the database, skipped it
didn't find B2RDT5 in the database, skipped it
didn't find B2REA5 in the database, skipped it
didn't find B2REB0 in the database, skipped it
didn't find B2REC4 in the database, skipped it
didn't find B2REC5 in the database, skipped it
didn't find B2REC8 in the database, skipped it
didn't find B2RG53 in the database, skipped it
didn't find B2RG63 in the database, skipped it
didn't find B2RG76 in the database, skipped it
didn't find B2RNG4 in the database, skipped it
didn't find B2ZWG8 in the database, skipped it
didn't find B2ZWG9 in the database, skipped it
didn't find B2ZWH1 in the database, skipped it
didn't find B3KM87 in the database, skipped it
didn't find B3KN26 in the database, skipped it
didn't find B3KN43 in the database, skipped it
didn't find B3KN83 in the database, skipped it
didn't find B3KNB6 in the database, skipped it
didn't find B3KNJ4 in the database, skipped it
didn't find B3KNL7 in the database, skipped it
didn't find B3KNS4 in the database, skipped it
didn't find B3KNT7 in the database, skipped it
didn't find B3KP42 in the database, skipped it
didn't find B3KP96 in the database, skipped it
didn't find B3KPE6 in the database, skipped it
didn't find B3KPU0 in the database, skipped it
didn't find B3KPW7 in the database, skipped it
didn't find B3KPY8 in the database, skipped it
didn't find B3KQ07 in the database, skipped it
didn't find B3KQ25 in the database, skipped it
didn't find B3KQ30 in the database, skipped it
didn't find B3KQV6 in the database, skipped it
didn't find B3KQX1 in the database, skipped it
didn't find B3KQY3 in the database, skipped it
didn't find B3KR06 in the database, skipped it
didn't find B3KR26 in the database, skipped it
didn't find B3KR95 in the database, skipped it
didn't find B3KRD1 in the database, skipped it
didn't find B3KRD8 in the database, skipped it
didn't find B3KRG7 in the database, skipped it
didn't find B3KRP1 in the database, skipped it
didn't find B3KSB8 in the database, skipped it
didn't find B3KSM0 in the database, skipped it
didn't find B3KSW4 in the database, skipped it
didn't find B3KT28 in the database, skipped it
didn't find B3KT51 in the database, skipped it
didn't find B3KT64 in the database, skipped it
didn't find B3KTM8 in the database, skipped it
didn't find B3KU01 in the database, skipped it
didn't find B3KU90 in the database, skipped it
didn't find B3KUH8 in the database, skipped it
didn't find B3KUL3 in the database, skipped it
didn't find B3KUN7 in the database, skipped it
didn't find B3KUV7 in the database, skipped it
didn't find B3KVK2 in the database, skipped it
didn't find B3KVL5 in the database, skipped it
didn't find B3KVN2 in the database, skipped it
didn't find B3KVY5 in the database, skipped it
didn't find B3KW70 in the database, skipped it
didn't find B3KWA1 in the database, skipped it
didn't find B3KWE4 in the database, skipped it
didn't find B3KWG5 in the database, skipped it
didn't find B3KWK7 in the database, skipped it
didn't find B3KWT0 in the database, skipped it
didn't find B3KWZ7 in the database, skipped it
didn't find B3KXX3 in the database, skipped it
didn't find B3KY94 in the database, skipped it
didn't find B3SXS2 in the database, skipped it
didn't find B3TIK8 in the database, skipped it
didn't find B3VCF4 in the database, skipped it
didn't find B3VCF5 in the database, skipped it
didn't find B3VCF6 in the database, skipped it
didn't find B4DDC6 in the database, skipped it
didn't find B4DDD4 in the database, skipped it
didn't find B4DDL8 in the database, skipped it
didn't find B4DDR8 in the database, skipped it
didn't find B4DDX3 in the database, skipped it
didn't find B4DE90 in the database, skipped it
didn't find B4DED4 in the database, skipped it
didn't find B4DEE2 in the database, skipped it
didn't find B4DEE7 in the database, skipped it
didn't find B4DEH5 in the database, skipped it
didn't find B4DEH8 in the database, skipped it
didn't find B4DEH9 in the database, skipped it
didn't find B4DEK9 in the database, skipped it
didn't find B4DEM9 in the database, skipped it
didn't find B4DEN4 in the database, skipped it
didn't find B4DEP1 in the database, skipped it
didn't find B4DEU0 in the database, skipped it
didn't find B4DEW4 in the database, skipped it
didn't find B4DEX3 in the database, skipped it
didn't find B4DEY6 in the database, skipped it
didn't find B4DF12 in the database, skipped it
didn't find B4DF77 in the database, skipped it
didn't find B4DF87 in the database, skipped it
didn't find B4DFA5 in the database, skipped it
didn't find B4DFB6 in the database, skipped it
didn't find B4DFC0 in the database, skipped it
didn't find B4DFG0 in the database, skipped it
didn't find B4DFI3 in the database, skipped it
didn't find B4DFI7 in the database, skipped it
didn't find B4DFJ1 in the database, skipped it
didn't find B4DFL4 in the database, skipped it
didn't find B4DFL6 in the database, skipped it
didn't find B4DFP7 in the database, skipped it
didn't find B4DFT4 in the database, skipped it
didn't find B4DFW0 in the database, skipped it
didn't find B4DFZ0 in the database, skipped it
didn't find B4DFZ5 in the database, skipped it
didn't find B4DG04 in the database, skipped it
didn't find B4DG57 in the database, skipped it
didn't find B4DGA7 in the database, skipped it
didn't find B4DGB8 in the database, skipped it
didn't find B4DGD8 in the database, skipped it
didn't find B4DGE1 in the database, skipped it
didn't find B4DGE2 in the database, skipped it
didn't find B4DGG1 in the database, skipped it
didn't find B4DGG4 in the database, skipped it
didn't find B4DGJ5 in the database, skipped it
didn't find B4DGK6 in the database, skipped it
didn't find B4DGW0 in the database, skipped it
didn't find B4DGW9 in the database, skipped it
didn't find B4DGY6 in the database, skipped it
didn't find B4DGZ4 in the database, skipped it
didn't find B4DH23 in the database, skipped it
didn't find B4DH95 in the database, skipped it
didn't find B4DHE0 in the database, skipped it
didn't find B4DHN5 in the database, skipped it
didn't find B4DHQ7 in the database, skipped it
didn't find B4DHS6 in the database, skipped it
didn't find B4DHS8 in the database, skipped it
didn't find B4DHY3 in the database, skipped it
didn't find B4DI05 in the database, skipped it
didn't find B4DI24 in the database, skipped it
didn't find B4DI26 in the database, skipped it
didn't find B4DI28 in the database, skipped it
didn't find B4DIH2 in the database, skipped it
didn't find B4DIH5 in the database, skipped it
didn't find B4DIP2 in the database, skipped it
didn't find B4DIR1 in the database, skipped it
didn't find B4DIW9 in the database, skipped it
didn't find B4DJ23 in the database, skipped it
didn't find B4DJ42 in the database, skipped it
didn't find B4DJ94 in the database, skipped it
didn't find B4DJC7 in the database, skipped it
didn't find B4DJF2 in the database, skipped it
didn't find B4DJG1 in the database, skipped it
didn't find B4DJM9 in the database, skipped it
didn't find B4DJR0 in the database, skipped it
didn't find B4DK34 in the database, skipped it
didn't find B4DK47 in the database, skipped it
didn't find B4DK49 in the database, skipped it
didn't find B4DK73 in the database, skipped it
didn't find B4DK77 in the database, skipped it
didn't find B4DK89 in the database, skipped it
didn't find B4DKD6 in the database, skipped it
didn't find B4DKF8 in the database, skipped it
didn't find B4DKH3 in the database, skipped it
didn't find B4DKL7 in the database, skipped it
didn't find B4DKN4 in the database, skipped it
didn't find B4DKV7 in the database, skipped it
didn't find B4DLC8 in the database, skipped it
didn't find B4DLD3 in the database, skipped it
didn't find B4DLF1 in the database, skipped it
didn't find B4DLN5 in the database, skipped it
didn't find B4DLR2 in the database, skipped it
didn't find B4DLR6 in the database, skipped it
didn't find B4DM24 in the database, skipped it
didn't find B4DM50 in the database, skipped it
didn't find B4DMI0 in the database, skipped it
didn't find B4DML3 in the database, skipped it
didn't find B4DML5 in the database, skipped it
didn't find B4DMN2 in the database, skipped it
didn't find B4DMT0 in the database, skipped it
didn't find B4DMT1 in the database, skipped it
didn't find B4DMU5 in the database, skipped it
didn't find B4DMX9 in the database, skipped it
didn't find B4DN07 in the database, skipped it
didn't find B4DN24 in the database, skipped it
didn't find B4DNC9 in the database, skipped it
didn't find B4DNG0 in the database, skipped it
didn't find B4DNP3 in the database, skipped it
didn't find B4DNS9 in the database, skipped it
didn't find B4DNT1 in the database, skipped it
didn't find B4DP25 in the database, skipped it
didn't find B4DP31 in the database, skipped it
didn't find B4DP81 in the database, skipped it
didn't find B4DPG6 in the database, skipped it
didn't find B4DPY1 in the database, skipped it
didn't find B4DPZ0 in the database, skipped it
didn't find B4DQ29 in the database, skipped it
didn't find B4DQ48 in the database, skipped it
didn't find B4DQ75 in the database, skipped it
didn't find B4DQ77 in the database, skipped it
didn't find B4DQB2 in the database, skipped it
didn't find B4DQF0 in the database, skipped it
didn't find B4DQH6 in the database, skipped it
didn't find B4DQI1 in the database, skipped it
didn't find B4DQK9 in the database, skipped it
didn't find B4DQP0 in the database, skipped it
didn't find B4DQR7 in the database, skipped it
didn't find B4DQX9 in the database, skipped it
didn't find B4DR24 in the database, skipped it
didn't find B4DR61 in the database, skipped it
didn't find B4DR67 in the database, skipped it
didn't find B4DR92 in the database, skipped it
didn't find B4DRC1 in the database, skipped it
didn't find B4DRC2 in the database, skipped it
didn't find B4DRE3 in the database, skipped it
didn't find B4DRI8 in the database, skipped it
didn't find B4DRP8 in the database, skipped it
didn't find B4DRR6 in the database, skipped it
didn't find B4DS54 in the database, skipped it
didn't find B4DS56 in the database, skipped it
didn't find B4DSF2 in the database, skipped it
didn't find B4DSF6 in the database, skipped it
didn't find B4DSH7 in the database, skipped it
didn't find B4DSJ7 in the database, skipped it
didn't find B4DSP5 in the database, skipped it
didn't find B4DSR2 in the database, skipped it
didn't find B4DSU6 in the database, skipped it
didn't find B4DSW8 in the database, skipped it
didn't find B4DT23 in the database, skipped it
didn't find B4DT28 in the database, skipped it
didn't find B4DT60 in the database, skipped it
didn't find B4DT68 in the database, skipped it
didn't find B4DTC1 in the database, skipped it
didn't find B4DTC4 in the database, skipped it
didn't find B4DTF2 in the database, skipped it
didn't find B4DTL1 in the database, skipped it
didn't find B4DTL6 in the database, skipped it
didn't find B4DTN4 in the database, skipped it
didn't find B4DTQ9 in the database, skipped it
didn't find B4DTX8 in the database, skipped it
didn't find B4DU11 in the database, skipped it
didn't find B4DUD2 in the database, skipped it
didn't find B4DUH2 in the database, skipped it
didn't find B4DUJ5 in the database, skipped it
didn't find B4DV03 in the database, skipped it
didn't find B4DV11 in the database, skipped it
didn't find B4DV12 in the database, skipped it
didn't find B4DV37 in the database, skipped it
didn't find B4DV59 in the database, skipped it
didn't find B4DVA9 in the database, skipped it
didn't find B4DVD1 in the database, skipped it
didn't find B4DVF4 in the database, skipped it
didn't find B4DVF8 in the database, skipped it
didn't find B4DVK3 in the database, skipped it
didn't find B4DVL2 in the database, skipped it
didn't find B4DVL7 in the database, skipped it
didn't find B4DVT3 in the database, skipped it
didn't find B4DVU4 in the database, skipped it
didn't find B4DWE6 in the database, skipped it
didn't find B4DWE7 in the database, skipped it
didn't find B4DWF2 in the database, skipped it
didn't find B4DWG0 in the database, skipped it
didn't find B4DWH1 in the database, skipped it
didn't find B4DWJ1 in the database, skipped it
didn't find B4DWJ3 in the database, skipped it
didn't find B4DWM3 in the database, skipped it
didn't find B4DWT1 in the database, skipped it
didn't find B4DX41 in the database, skipped it
didn't find B4DX77 in the database, skipped it
didn't find B4DXD0 in the database, skipped it
didn't find B4DXK0 in the database, skipped it
didn't find B4DXM2 in the database, skipped it
didn't find B4DXN4 in the database, skipped it
didn't find B4DXR6 in the database, skipped it
didn't find B4DXS0 in the database, skipped it
didn't find B4DXS3 in the database, skipped it
didn't find B4DXW1 in the database, skipped it
didn't find B4DXX4 in the database, skipped it
didn't find B4DY27 in the database, skipped it
didn't find B4DY31 in the database, skipped it
didn't find B4DY40 in the database, skipped it
didn't find B4DYG9 in the database, skipped it
didn't find B4DYM4 in the database, skipped it
didn't find B4DYM6 in the database, skipped it
didn't find B4DYN2 in the database, skipped it
didn't find B4DYP1 in the database, skipped it
didn't find B4DYV8 in the database, skipped it
didn't find B4DYW4 in the database, skipped it
didn't find B4DYW9 in the database, skipped it
didn't find B4DZ60 in the database, skipped it
didn't find B4DZ84 in the database, skipped it
didn't find B4DZ85 in the database, skipped it
didn't find B4DZA8 in the database, skipped it
didn't find B4DZB7 in the database, skipped it
didn't find B4DZG7 in the database, skipped it
didn't find B4DZN5 in the database, skipped it
didn't find B4DZQ4 in the database, skipped it
didn't find B4DZV2 in the database, skipped it
didn't find B4E001 in the database, skipped it
didn't find B4E009 in the database, skipped it
didn't find B4E019 in the database, skipped it
didn't find B4E021 in the database, skipped it
didn't find B4E059 in the database, skipped it
didn't find B4E099 in the database, skipped it
didn't find B4E0B4 in the database, skipped it
didn't find B4E0E3 in the database, skipped it
didn't find B4E0F6 in the database, skipped it
didn't find B4E0H5 in the database, skipped it
didn't find B4E0L7 in the database, skipped it
didn't find B4E0P2 in the database, skipped it
didn't find B4E0R2 in the database, skipped it
didn't find B4E128 in the database, skipped it
didn't find B4E159 in the database, skipped it
didn't find B4E171 in the database, skipped it
didn't find B4E173 in the database, skipped it
didn't find B4E1E4 in the database, skipped it
didn't find B4E1M0 in the database, skipped it
didn't find B4E1N1 in the database, skipped it
didn't find B4E1P3 in the database, skipped it
didn't find B4E1X9 in the database, skipped it
didn't find B4E1Z9 in the database, skipped it
didn't find B4E227 in the database, skipped it
didn't find B4E258 in the database, skipped it
didn't find B4E298 in the database, skipped it
didn't find B4E2D5 in the database, skipped it
didn't find B4E2H8 in the database, skipped it
didn't find B4E2I7 in the database, skipped it
didn't find B4E2J4 in the database, skipped it
didn't find B4E301 in the database, skipped it


uniprot id 1	entrez gene id 1	gene name 1	uniprot id 2	entrez gene id 2	gene name 2	score
FM25G_HUMAN	643161, 100132929, 100133093, 644054	FAM25A, FAM25BP, FAM25G, FAM25C	ARMX3_HUMAN	51566	ARMCX3	0.63
FM25C_HUMAN	100133093, 100132929, 643161, 644054	FAM25G, FAM25BP, FAM25A, FAM25C	IGLL1_HUMAN	3543	IGLL1	0.63
FM25G_HUMAN	643161, 100132929, 100133093, 644054	FAM25A, FAM25BP, FAM25G, FAM25C	ARM10_HUMAN	83787	ARMC10	0.63
FM25C_HUMAN	100133093, 100132929, 643161, 644054	FAM25G, FAM25BP, FAM25A, FAM25C	MID49_HUMAN	125170	MIEF2	0.63
FM25G_HUMAN	643161, 100132929, 100133093, 644054	FAM25A, FAM25BP, FAM25G, FAM25C	PPIF_HUMAN	10105	PPIF	0.63
FM25C_HUMAN	100133093, 100132929, 643161, 644054	FAM25G, FAM25BP, FAM25A, FAM25C	KLH35_HUMAN	283212	KLHL35	0.63
FM25G_HUMAN	643161, 100132929, 100133093, 644054	FAM25A, FAM25BP, FAM25G, FAM25C	TTPA_HUMAN	7274	TTPA	0.63
FM25C_HUMAN	100133093, 100132929, 643161, 644054	FAM25G, FAM25BP, FAM25A, FAM25C	TDRKH_HUMAN	11022	TDRKH	0.63
FM25G_HUMAN	643161, 100132929, 100133093, 644054	FAM25A, FAM25BP, FAM25G, FAM25C	MID51_HUMAN	54471	MIEF1	0.63
FM25C_HUMAN	100133093, 100132929, 643161, 644054	FAM25G, FAM25BP, FAM25A, FAM25C	COX16_HUMAN	51241	COX16	0.63
FM25G_HUMAN	643161, 100132929, 100133093, 644054	FAM25A, FAM25BP, FAM25G, FAM25C	SNX1_HUMAN	6642	SNX1	0.63
FM25C_HUMAN	100133093, 100132929, 643161, 644054	FAM25G, FAM25BP, FAM25A, FAM25C	TO20L_HUMAN	387990	TOMM20L	0.63
FM25G_HUMAN	643161, 100132929, 100133093, 644054	FAM25A, FAM25BP, FAM25G, FAM25C	TDRKH_HUMAN	11022	TDRKH	0.63
FM25C_HUMAN	100133093, 100132929, 643161, 644054	FAM25G, FAM25BP, FAM25A, FAM25C	ZFAN3_HUMAN	60685	ZFAND3	0.63
FM25G_HUMAN	643161, 100132929, 100133093, 644054	FAM25A, FAM25BP, FAM25G, FAM25C	ZFAN3_HUMAN	60685	ZFAND3	0.63
FM25C_HUMAN	100133093, 100132929, 643161, 644054	FAM25G, FAM25BP, FAM25A, FAM25C	S10A6_HUMAN	6277	S100A6	0.63
FM25G_HUMAN	643161, 100132929, 100133093, 644054	FAM25A, FAM25BP, FAM25G, FAM25C	PPIC_HUMAN	5480	PPIC	0.63
FM25C_HUMAN	100133093, 100132929, 643161, 644054	FAM25G, FAM25BP, FAM25A, FAM25C	ARMX3_HUMAN	51566	ARMCX3	0.63
FM25C_HUMAN	100133093, 100132929, 643161, 644054	FAM25G, FAM25BP, FAM25A, FAM25C	ARM10_HUMAN	83787	ARMC10	0.63
FM25G_HUMAN	643161, 100132929, 100133093, 644054	FAM25A, FAM25BP, FAM25G, FAM25C	COX16_HUMAN	51241	COX16	0.63
FM25C_HUMAN	100133093, 100132929, 643161, 644054	FAM25G, FAM25BP, FAM25A, FAM25C	GPDA_HUMAN	2819	GPD1	0.63
FM25C_HUMAN	100133093, 100132929, 643161, 644054	FAM25G, FAM25BP, FAM25A, FAM25C	NGAL_HUMAN	3934	LCN2	0.63
FM25G_HUMAN	643161, 100132929, 100133093, 644054	FAM25A, FAM25BP, FAM25G, FAM25C	IGLL1_HUMAN	3543	IGLL1	0.63
FM25C_HUMAN	100133093, 100132929, 643161, 644054	FAM25G, FAM25BP, FAM25A, FAM25C	TTPA_HUMAN	7274	TTPA	0.63
FM25C_HUMAN	100133093, 100132929, 643161, 644054	FAM25G, FAM25BP, FAM25A, FAM25C	MID51_HUMAN	54471	MIEF1	0.63
FM25G_HUMAN	643161, 100132929, 100133093, 644054	FAM25A, FAM25BP, FAM25G, FAM25C	LCN1_HUMAN	3933	LCN1	0.63
FM25C_HUMAN	100133093, 100132929, 643161, 644054	FAM25G, FAM25BP, FAM25A, FAM25C	PPIC_HUMAN	5480	PPIC	0.63
FM25G_HUMAN	643161, 100132929, 100133093, 644054	FAM25A, FAM25BP, FAM25G, FAM25C	S10A6_HUMAN	6277	S100A6	0.63
FM25G_HUMAN	643161, 100132929, 100133093, 644054	FAM25A, FAM25BP, FAM25G, FAM25C	GPDA_HUMAN	2819	GPD1	0.63
FM25C_HUMAN	100133093, 100132929, 643161, 644054	FAM25G, FAM25BP, FAM25A, FAM25C	PPIF_HUMAN	10105	PPIF	0.63
FM25G_HUMAN	643161, 100132929, 100133093, 644054	FAM25A, FAM25BP, FAM25G, FAM25C	TO20L_HUMAN	387990	TOMM20L	0.63
FM25G_HUMAN	643161, 100132929, 100133093, 644054	FAM25A, FAM25BP, FAM25G, FAM25C	NGAL_HUMAN	3934	LCN2	0.63
FM25C_HUMAN	100133093, 100132929, 643161, 644054	FAM25G, FAM25BP, FAM25A, FAM25C	SNX1_HUMAN	6642	SNX1	0.63
FM25G_HUMAN	643161, 100132929, 100133093, 644054	FAM25A, FAM25BP, FAM25G, FAM25C	KLH35_HUMAN	283212	KLHL35	0.63
FM25G_HUMAN	643161, 100132929, 100133093, 644054	FAM25A, FAM25BP, FAM25G, FAM25C	MID49_HUMAN	125170	MIEF2	0.63
FM25C_HUMAN	100133093, 100132929, 643161, 644054	FAM25G, FAM25BP, FAM25A, FAM25C	LCN1_HUMAN	3933	LCN1	0.63
