didn't find Q5JXB7 in the database, skipped it
didn't find Q5JXB8 in the database, skipped it
didn't find Q5JXC5 in the database, skipped it
didn't find Q5JXC6 in the database, skipped it
didn't find Q5JXG1 in the database, skipped it
didn't find Q5JXH7 in the database, skipped it
didn't find Q5JXH8 in the database, skipped it
didn't find Q5JXH9 in the database, skipped it
didn't find Q5JXI0 in the database, skipped it
didn't find Q5JXI3 in the database, skipped it
didn't find Q5JXI8 in the database, skipped it
didn't find Q5JXJ0 in the database, skipped it
didn't find Q5JXL4 in the database, skipped it
didn't find Q5JXR5 in the database, skipped it
didn't find Q5JXR6 in the database, skipped it
didn't find Q5JXR7 in the database, skipped it
didn't find Q5JXV9 in the database, skipped it
didn't find Q5JXW0 in the database, skipped it
didn't find Q5JXW1 in the database, skipped it
didn't find Q5JXX6 in the database, skipped it
didn't find Q5JY01 in the database, skipped it
didn't find Q5JY02 in the database, skipped it
didn't find Q5JY17 in the database, skipped it
didn't find Q5JY83 in the database, skipped it
didn't find Q5JY88 in the database, skipped it
didn't find Q5JYA3 in the database, skipped it
didn't find Q5JYA8 in the database, skipped it
didn't find Q5JYB6 in the database, skipped it
didn't find Q5JYC0 in the database, skipped it
didn't find Q5JYC2 in the database, skipped it
didn't find Q5JYC3 in the database, skipped it
didn't find Q5JYD4 in the database, skipped it
didn't find Q5JYJ5 in the database, skipped it
didn't find Q5JYQ9 in the database, skipped it
didn't find Q5JYT8 in the database, skipped it
didn't find Q5JYW1 in the database, skipped it
didn't find Q5JYW6 in the database, skipped it
didn't find Q5JYX0 in the database, skipped it
didn't find Q5JZ07 in the database, skipped it
didn't find Q5JZH4 in the database, skipped it
didn't find Q5KS07 in the database, skipped it
didn't find Q5LJB1 in the database, skipped it
didn't find Q5MJ33 in the database, skipped it
didn't find Q5MJQ4 in the database, skipped it
didn't find Q5QNY8 in the database, skipped it
didn't find Q5QP02 in the database, skipped it
didn't find Q5QP12 in the database, skipped it
didn't find Q5QP22 in the database, skipped it
didn't find Q5QP23 in the database, skipped it
didn't find Q5QP59 in the database, skipped it
didn't find Q5QP64 in the database, skipped it
didn't find Q5QPA5 in the database, skipped it
didn't find Q5QPB1 in the database, skipped it
didn't find Q5QPC2 in the database, skipped it
didn't find Q5QPC7 in the database, skipped it
didn't find Q5QPC8 in the database, skipped it
didn't find Q5QPD0 in the database, skipped it
didn't find Q5QPE4 in the database, skipped it
didn't find Q5QPE7 in the database, skipped it
didn't find Q5QPL9 in the database, skipped it
didn't find Q5QPM0 in the database, skipped it
didn't find Q5QPM1 in the database, skipped it
didn't find Q5QPM2 in the database, skipped it
didn't find Q5QPM3 in the database, skipped it
didn't find Q5QPN5 in the database, skipped it
didn't find Q5QPQ9 in the database, skipped it
didn't find Q5QPR3 in the database, skipped it
didn't find Q5QPR4 in the database, skipped it
didn't find Q5QPU8 in the database, skipped it
didn't find Q5R3C7 in the database, skipped it
didn't find Q5R3E6 in the database, skipped it
didn't find Q5R3K2 in the database, skipped it
didn't find Q5RHS7 in the database, skipped it
didn't find Q5RI18 in the database, skipped it
didn't find Q5RI53 in the database, skipped it
didn't find Q5RIB0 in the database, skipped it
didn't find Q5RIB3 in the database, skipped it
didn't find Q5RIB5 in the database, skipped it
didn't find Q5RJ85 in the database, skipped it
didn't find Q5SPY9 in the database, skipped it
didn't find Q5SQ16 in the database, skipped it
didn't find Q5SQ91 in the database, skipped it
didn't find Q5SQI6 in the database, skipped it
didn't find Q5SR27 in the database, skipped it
didn't find Q5SR36 in the database, skipped it
didn't find Q5SR55 in the database, skipped it
didn't find Q5SRN1 in the database, skipped it
didn't find Q5SRN7 in the database, skipped it
didn't find Q5SRR8 in the database, skipped it
didn't find Q5SSC2 in the database, skipped it
didn't find Q5SSC6 in the database, skipped it
didn't find Q5SSR2 in the database, skipped it
didn't find Q5SSV3 in the database, skipped it
didn't find Q5SSZ3 in the database, skipped it
didn't find Q5ST52 in the database, skipped it
didn't find Q5ST79 in the database, skipped it
didn't find Q5STB1 in the database, skipped it
didn't find Q5STR5 in the database, skipped it
didn't find Q5STZ8 in the database, skipped it
didn't find Q5SUY4 in the database, skipped it
didn't find Q5SV16 in the database, skipped it
didn't find Q5SV95 in the database, skipped it
didn't find Q5SVH5 in the database, skipped it
didn't find Q5SVM6 in the database, skipped it
didn't find Q5SVY4 in the database, skipped it
didn't find Q5SVZ7 in the database, skipped it
didn't find Q5SW12 in the database, skipped it
didn't find Q5SW97 in the database, skipped it
didn't find Q5SW98 in the database, skipped it
didn't find Q5SWA0 in the database, skipped it
didn't find Q5SWX9 in the database, skipped it
didn't find Q5SXM7 in the database, skipped it
didn't find Q5SXN9 in the database, skipped it
didn't find Q5SXQ3 in the database, skipped it
didn't find Q5SXQ5 in the database, skipped it
didn't find Q5SXQ8 in the database, skipped it
didn't find Q5SY00 in the database, skipped it
didn't find Q5SY01 in the database, skipped it
didn't find Q5SY18 in the database, skipped it
didn't find Q5SY20 in the database, skipped it
didn't find Q5SY21 in the database, skipped it
didn't find Q5SY38 in the database, skipped it
didn't find Q5SY74 in the database, skipped it
didn't find Q5SY76 in the database, skipped it
didn't find Q5SYF3 in the database, skipped it
didn't find Q5SYF4 in the database, skipped it
didn't find Q5SYF5 in the database, skipped it
didn't find Q5SYF9 in the database, skipped it
didn't find Q5SYQ7 in the database, skipped it
didn't find Q5SYQ8 in the database, skipped it
didn't find Q5SYQ9 in the database, skipped it
didn't find Q5SYU9 in the database, skipped it
didn't find Q5SYV1 in the database, skipped it
didn't find Q5SYV2 in the database, skipped it
didn't find Q5SYZ4 in the database, skipped it
didn't find Q5SZ64 in the database, skipped it
didn't find Q5SZC3 in the database, skipped it
didn't find Q5SZC5 in the database, skipped it
didn't find Q5SZC6 in the database, skipped it
didn't find Q5SZC9 in the database, skipped it
didn't find Q5SZE2 in the database, skipped it
didn't find Q5SZF2 in the database, skipped it
didn't find Q5SZG2 in the database, skipped it
didn't find Q5SZK3 in the database, skipped it
didn't find Q5SZK4 in the database, skipped it
didn't find Q5SZK5 in the database, skipped it
didn't find Q5SZL3 in the database, skipped it
didn't find Q5SZL5 in the database, skipped it
didn't find Q5SZL8 in the database, skipped it
didn't find Q5SZM1 in the database, skipped it
didn't find Q5SZM2 in the database, skipped it
didn't find Q5SZR4 in the database, skipped it
didn't find Q5SZR7 in the database, skipped it
didn't find Q5SZW8 in the database, skipped it
didn't find Q5SZW9 in the database, skipped it
didn't find Q5SZX3 in the database, skipped it
didn't find Q5SZX6 in the database, skipped it
didn't find Q5T040 in the database, skipped it
didn't find Q5T045 in the database, skipped it
didn't find Q5T047 in the database, skipped it
didn't find Q5T051 in the database, skipped it
didn't find Q5T084 in the database, skipped it
didn't find Q5T088 in the database, skipped it
didn't find Q5T097 in the database, skipped it
didn't find Q5T098 in the database, skipped it
didn't find Q5T0D5 in the database, skipped it
didn't find Q5T0G3 in the database, skipped it
didn't find Q5T0G7 in the database, skipped it
didn't find Q5T0H8 in the database, skipped it
didn't find Q5T0J5 in the database, skipped it
didn't find Q5T0K0 in the database, skipped it
didn't find Q5T0M2 in the database, skipped it
didn't find Q5T0Q6 in the database, skipped it
didn't find Q5T0R1 in the database, skipped it
didn't find Q5T0R2 in the database, skipped it
didn't find Q5T0R3 in the database, skipped it
didn't find Q5T0R4 in the database, skipped it
didn't find Q5T0R5 in the database, skipped it
didn't find Q5T0R6 in the database, skipped it
didn't find Q5T0R7 in the database, skipped it
didn't find Q5T0R8 in the database, skipped it
didn't find Q5T0R9 in the database, skipped it
didn't find Q5T0S3 in the database, skipped it
didn't find Q5T0T5 in the database, skipped it
didn't find Q5T0V2 in the database, skipped it
didn't find Q5T0V4 in the database, skipped it
didn't find Q5T0W7 in the database, skipped it
didn't find Q5T0Y2 in the database, skipped it
didn't find Q5T0Y3 in the database, skipped it
didn't find Q5T0Y4 in the database, skipped it
didn't find Q5T0Y8 in the database, skipped it
didn't find Q5T111 in the database, skipped it
didn't find Q5T112 in the database, skipped it
didn't find Q5T114 in the database, skipped it
didn't find Q5T118 in the database, skipped it
didn't find Q5T130 in the database, skipped it
didn't find Q5T142 in the database, skipped it
didn't find Q5T145 in the database, skipped it
didn't find Q5T165 in the database, skipped it
didn't find Q5T173 in the database, skipped it
didn't find Q5T181 in the database, skipped it
didn't find Q5T182 in the database, skipped it
didn't find Q5T187 in the database, skipped it
didn't find Q5T188 in the database, skipped it
didn't find Q5T191 in the database, skipped it
didn't find Q5T196 in the database, skipped it
didn't find Q5T1B3 in the database, skipped it
didn't find Q5T1D7 in the database, skipped it
didn't find Q5T1F3 in the database, skipped it
didn't find Q5T1G4 in the database, skipped it
didn't find Q5T1N2 in the database, skipped it
didn't find Q5T1N9 in the database, skipped it
didn't find Q5T1S4 in the database, skipped it
didn't find Q5T1U7 in the database, skipped it
didn't find Q5T1V5 in the database, skipped it
didn't find Q5T1W1 in the database, skipped it
didn't find Q5T1W7 in the database, skipped it
didn't find Q5T1X2 in the database, skipped it
didn't find Q5T205 in the database, skipped it
didn't find Q5T209 in the database, skipped it
didn't find Q5T244 in the database, skipped it
didn't find Q5T249 in the database, skipped it
didn't find Q5T290 in the database, skipped it
didn't find Q5T2B7 in the database, skipped it
didn't find Q5T2D8 in the database, skipped it
didn't find Q5T2E7 in the database, skipped it
didn't find Q5T2E8 in the database, skipped it
didn't find Q5T2J8 in the database, skipped it
didn't find Q5T2L0 in the database, skipped it
didn't find Q5T2W7 in the database, skipped it
didn't find Q5T2W9 in the database, skipped it
didn't find Q5T370 in the database, skipped it
didn't find Q5T371 in the database, skipped it
didn't find Q5T374 in the database, skipped it
didn't find Q5T376 in the database, skipped it
didn't find Q5T3E4 in the database, skipped it
didn't find Q5T3E5 in the database, skipped it
didn't find Q5T3E6 in the database, skipped it
didn't find Q5T3I6 in the database, skipped it
didn't find Q5T3I8 in the database, skipped it
didn't find Q5T3J1 in the database, skipped it
didn't find Q5T3P9 in the database, skipped it
didn't find Q5T3R7 in the database, skipped it
didn't find Q5T3T0 in the database, skipped it
didn't find Q5T3T1 in the database, skipped it
didn't find Q5T457 in the database, skipped it
didn't find Q5T466 in the database, skipped it
didn't find Q5T471 in the database, skipped it
didn't find Q5T4A9 in the database, skipped it
didn't find Q5T4B9 in the database, skipped it
didn't find Q5T4F6 in the database, skipped it
didn't find Q5T4K2 in the database, skipped it
didn't find Q5T4K4 in the database, skipped it
didn't find Q5T4K9 in the database, skipped it
didn't find Q5T4L2 in the database, skipped it
didn't find Q5T4P3 in the database, skipped it
didn't find Q5T4P9 in the database, skipped it
didn't find Q5T4Q7 in the database, skipped it
didn't find Q5T4Q8 in the database, skipped it
didn't find Q5T4S2 in the database, skipped it
didn't find Q5T4U8 in the database, skipped it
didn't find Q5T4X2 in the database, skipped it
didn't find Q5T4Y8 in the database, skipped it
didn't find Q5T508 in the database, skipped it
didn't find Q5T532 in the database, skipped it
didn't find Q5T534 in the database, skipped it
didn't find Q5T554 in the database, skipped it
didn't find Q5T558 in the database, skipped it
didn't find Q5T586 in the database, skipped it
didn't find Q5T593 in the database, skipped it
didn't find Q5T5D8 in the database, skipped it
didn't find Q5T5D9 in the database, skipped it
didn't find Q5T5E9 in the database, skipped it
didn't find Q5T5H1 in the database, skipped it
didn't find Q5T5H8 in the database, skipped it
didn't find Q5T5P0 in the database, skipped it
didn't find Q5T5P1 in the database, skipped it
didn't find Q5T5Q6 in the database, skipped it
didn't find Q5T5U6 in the database, skipped it
didn't find Q5T5U7 in the database, skipped it
didn't find Q5T621 in the database, skipped it
didn't find Q5T657 in the database, skipped it
didn't find Q5T6H2 in the database, skipped it
didn't find Q5T6H3 in the database, skipped it
didn't find Q5T6H7 in the database, skipped it
didn't find Q5T6I8 in the database, skipped it
didn't find Q5T6L5 in the database, skipped it
didn't find Q5T6L6 in the database, skipped it
didn't find Q5T6P1 in the database, skipped it
didn't find Q5T6P2 in the database, skipped it
didn't find Q5T6P5 in the database, skipped it
didn't find Q5T6R1 in the database, skipped it
didn't find Q5T6T6 in the database, skipped it
didn't find Q5T712 in the database, skipped it
didn't find Q5T737 in the database, skipped it
didn't find Q5T739 in the database, skipped it
didn't find Q5T757 in the database, skipped it
didn't find Q5T760 in the database, skipped it
didn't find Q5T770 in the database, skipped it
didn't find Q5T7I8 in the database, skipped it
didn't find Q5T7Q5 in the database, skipped it
didn't find Q5T7S4 in the database, skipped it
didn't find Q5T7U0 in the database, skipped it
didn't find Q5T7U4 in the database, skipped it
didn't find Q5T7U6 in the database, skipped it
didn't find Q5T7U8 in the database, skipped it
didn't find Q5T7V0 in the database, skipped it
didn't find Q5T7X0 in the database, skipped it
didn't find Q5T7Y4 in the database, skipped it
didn't find Q5T7Y5 in the database, skipped it
didn't find Q5T7Y7 in the database, skipped it
didn't find Q5T821 in the database, skipped it
didn't find Q5T853 in the database, skipped it
didn't find Q5T857 in the database, skipped it
didn't find Q5T863 in the database, skipped it
didn't find Q5T8A4 in the database, skipped it
didn't find Q5T8C6 in the database, skipped it
didn't find Q5T8D1 in the database, skipped it
didn't find Q5T8D2 in the database, skipped it
didn't find Q5T8E0 in the database, skipped it
didn't find Q5T8G8 in the database, skipped it
didn't find Q5T8J1 in the database, skipped it
didn't find Q5T8L4 in the database, skipped it
didn't find Q5T8L5 in the database, skipped it
didn't find Q5T8L6 in the database, skipped it
didn't find Q5T8M0 in the database, skipped it
didn't find Q5T8U9 in the database, skipped it
didn't find Q5T8Z1 in the database, skipped it
didn't find Q5T8Z4 in the database, skipped it
didn't find Q5T8Z6 in the database, skipped it
didn't find Q5T925 in the database, skipped it
didn't find Q5T980 in the database, skipped it
didn't find Q5T981 in the database, skipped it
didn't find Q5T985 in the database, skipped it
didn't find Q5T987 in the database, skipped it
didn't find Q5T9E7 in the database, skipped it
didn't find Q5T9F3 in the database, skipped it
didn't find Q5T9F4 in the database, skipped it
didn't find Q5T9G0 in the database, skipped it
didn't find Q5T9P8 in the database, skipped it
didn't find Q5T9Q8 in the database, skipped it
didn't find Q5T9S2 in the database, skipped it
didn't find Q5TAD8 in the database, skipped it
didn't find Q5TAF0 in the database, skipped it
didn't find Q5TAL2 in the database, skipped it
didn't find Q5TAP0 in the database, skipped it
didn't find Q5TAQ5 in the database, skipped it
didn't find Q5TAQ6 in the database, skipped it
didn't find Q5TAQ7 in the database, skipped it
didn't find Q5TAW7 in the database, skipped it
didn't find Q5TB12 in the database, skipped it
didn't find Q5TB13 in the database, skipped it
didn't find Q5TB16 in the database, skipped it
didn't find Q5TB25 in the database, skipped it
didn't find Q5TBE2 in the database, skipped it
didn't find Q5TBF2 in the database, skipped it
didn't find Q5TBF5 in the database, skipped it
didn't find Q5TBH0 in the database, skipped it
didn't find Q5TBH6 in the database, skipped it
didn't find Q5TBH9 in the database, skipped it
didn't find Q5TBI2 in the database, skipped it
didn't find Q5TBK7 in the database, skipped it
didn't find Q5TBM3 in the database, skipped it
didn't find Q5TBN9 in the database, skipped it
didn't find Q5TBP9 in the database, skipped it
didn't find Q5TBQ0 in the database, skipped it
didn't find Q5TBQ1 in the database, skipped it
didn't find Q5TBR0 in the database, skipped it
didn't find Q5TBR1 in the database, skipped it
didn't find Q5TBU2 in the database, skipped it
didn't find Q5TBW1 in the database, skipped it
didn't find Q5TC01 in the database, skipped it
didn't find Q5TC02 in the database, skipped it
didn't find Q5TC05 in the database, skipped it
didn't find Q5TC96 in the database, skipped it
didn't find Q5TCI4 in the database, skipped it
didn't find Q5TCI6 in the database, skipped it
didn't find Q5TCJ7 in the database, skipped it
didn't find Q5TCK5 in the database, skipped it
didn't find Q5TCQ3 in the database, skipped it
didn't find Q5TCQ5 in the database, skipped it
didn't find Q5TCS4 in the database, skipped it
didn't find Q5TCS5 in the database, skipped it
didn't find Q5TCU3 in the database, skipped it
didn't find Q5TCZ7 in the database, skipped it
didn't find Q5TD05 in the database, skipped it
didn't find Q5TD07 in the database, skipped it
didn't find Q5TD90 in the database, skipped it
didn't find Q5TDE2 in the database, skipped it
didn't find Q5TDE3 in the database, skipped it
didn't find Q5TDE4 in the database, skipped it
didn't find Q5TDE5 in the database, skipped it


uniprot id 1	entrez gene id 1	gene name 1	uniprot id 2	entrez gene id 2	gene name 2	score
CA220_HUMAN	400798	C1orf220	ATG4A_HUMAN	115201	ATG4A	0.83
CA220_HUMAN	400798	C1orf220	CQ090_HUMAN	339229	OXLD1	0.83
CA220_HUMAN	400798	C1orf220	CCHL_HUMAN	3052	HCCS	0.83
CA220_HUMAN	400798	C1orf220	NUD15_HUMAN	55270	NUDT15	0.83
CA220_HUMAN	400798	C1orf220	NNTM_HUMAN	23530	NNT	0.63
YI024_HUMAN			KI67_HUMAN	4288	MKI67	0.63
CA220_HUMAN	400798	C1orf220	PDPR_HUMAN	55066	PDPR	0.63
