didn't find A0AAQ5BID5 in the database, skipped it
didn't find A0AAQ5BID7 in the database, skipped it
didn't find A0AAQ5BIE2 in the database, skipped it
didn't find A0AAQ5BIE3 in the database, skipped it
didn't find A0AAQ5BIE6 in the database, skipped it
didn't find A0AAQ5BIE7 in the database, skipped it
didn't find A0AAQ5BIE9 in the database, skipped it
didn't find A0AAQ5BIF0 in the database, skipped it
didn't find A0AAQ5BIF1 in the database, skipped it
didn't find A0AAQ5BIF5 in the database, skipped it
didn't find A0AAQ5BIF8 in the database, skipped it
didn't find A0AAQ5BIF9 in the database, skipped it
didn't find A0AAQ5BIG1 in the database, skipped it
didn't find A0AAQ5BIG3 in the database, skipped it
didn't find A0AAQ5BIG6 in the database, skipped it
didn't find A0AAQ5BIG8 in the database, skipped it
didn't find A0AAQ5BIG9 in the database, skipped it
didn't find A0AAQ5BIH2 in the database, skipped it
didn't find A0AAQ5BIH3 in the database, skipped it
didn't find A0AAQ5BIH4 in the database, skipped it
didn't find A0AAQ5BIH5 in the database, skipped it
didn't find A0AAQ5BIH8 in the database, skipped it
didn't find A0AAQ5BIH9 in the database, skipped it
didn't find A0AAQ5BII0 in the database, skipped it
didn't find A0AAQ5BII1 in the database, skipped it
didn't find A0AAQ5BII2 in the database, skipped it
didn't find A0AAQ5BII5 in the database, skipped it
didn't find A0AAQ5BII9 in the database, skipped it
didn't find A0AAQ5BIJ1 in the database, skipped it
didn't find A0AAQ5BIJ2 in the database, skipped it
didn't find A0AAQ5BIJ4 in the database, skipped it
didn't find A0AAQ5BIJ5 in the database, skipped it
didn't find A0AAQ5BIJ6 in the database, skipped it
didn't find A0AAQ5BIJ8 in the database, skipped it
didn't find A0AAQ5BIJ9 in the database, skipped it
didn't find A0AAQ5BIK0 in the database, skipped it
didn't find A0AAQ5BIK1 in the database, skipped it
didn't find A0AAQ5BIK2 in the database, skipped it
didn't find A0AAQ5BIK3 in the database, skipped it
didn't find A0AAQ5BIK4 in the database, skipped it
didn't find A0AAR1ZLH9 in the database, skipped it
didn't find A0AAZ3TA57 in the database, skipped it
didn't find A0AAZ3WNK6 in the database, skipped it
didn't find A0AAZ3WPS1 in the database, skipped it
didn't find A0AAZ3WSD1 in the database, skipped it
didn't find A0AVG0 in the database, skipped it
didn't find A0N4X2 in the database, skipped it
didn't find A0N4X5 in the database, skipped it
didn't find A0N4Z3 in the database, skipped it
didn't find A0N4Z7 in the database, skipped it
didn't find A0N4Z8 in the database, skipped it
didn't find A0PK15 in the database, skipped it
didn't find A0PK19 in the database, skipped it
didn't find A1A4Z1 in the database, skipped it
didn't find A1A4Z5 in the database, skipped it
didn't find A1A564 in the database, skipped it
didn't find A1L183 in the database, skipped it
didn't find A1L384 in the database, skipped it
didn't find A1PI58 in the database, skipped it
didn't find A1YLA1 in the database, skipped it
didn't find A1YLA2 in the database, skipped it
didn't find A2A274 in the database, skipped it
didn't find A2A276 in the database, skipped it
didn't find A2A282 in the database, skipped it
didn't find A2A283 in the database, skipped it
didn't find A2A299 in the database, skipped it
didn't find A2A2A0 in the database, skipped it
didn't find A2A2E0 in the database, skipped it
didn't find A2A2E6 in the database, skipped it
didn't find A2A2E7 in the database, skipped it
didn't find A2A2F0 in the database, skipped it
didn't find A2A2F4 in the database, skipped it
didn't find A2A2G5 in the database, skipped it
didn't find A2A2I8 in the database, skipped it
didn't find A2A2I9 in the database, skipped it
didn't find A2A2J3 in the database, skipped it
didn't find A2A2M1 in the database, skipped it
didn't find A2A2M7 in the database, skipped it
didn't find A2A2M9 in the database, skipped it
didn't find A2A2N0 in the database, skipped it
didn't find A2A2N5 in the database, skipped it
didn't find A2A2N6 in the database, skipped it
didn't find A2A2P1 in the database, skipped it
didn't find A2A2P3 in the database, skipped it
didn't find A2A2Q6 in the database, skipped it
didn't find A2A2R0 in the database, skipped it
didn't find A2A2R7 in the database, skipped it
didn't find A2A2S1 in the database, skipped it
didn't find A2A2S5 in the database, skipped it
didn't find A2A2U4 in the database, skipped it
didn't find A2A2Y8 in the database, skipped it
didn't find A2A300 in the database, skipped it
didn't find A2A304 in the database, skipped it
didn't find A2A305 in the database, skipped it
didn't find A2A326 in the database, skipped it
didn't find A2A340 in the database, skipped it
didn't find A2A341 in the database, skipped it
didn't find A2A343 in the database, skipped it
didn't find A2A352 in the database, skipped it
didn't find A2A393 in the database, skipped it
didn't find A2A3D9 in the database, skipped it
didn't find A2A3F8 in the database, skipped it
didn't find A2A3G7 in the database, skipped it
didn't find A2A3G9 in the database, skipped it
didn't find A2A3H1 in the database, skipped it
didn't find A2A3H2 in the database, skipped it
didn't find A2A3L9 in the database, skipped it
didn't find A2A3M4 in the database, skipped it
didn't find A2A3P3 in the database, skipped it
didn't find A2A3Q2 in the database, skipped it
didn't find A2A3Z5 in the database, skipped it
didn't find A2A437 in the database, skipped it
didn't find A2A492 in the database, skipped it
didn't find A2A5X0 in the database, skipped it
didn't find A2A639 in the database, skipped it
didn't find A2A640 in the database, skipped it
didn't find A2AAS7 in the database, skipped it
didn't find A2AAT8 in the database, skipped it
didn't find A2AAY8 in the database, skipped it
didn't find A2AAZ2 in the database, skipped it
didn't find A2AAZ3 in the database, skipped it
didn't find A2AAZ4 in the database, skipped it
didn't find A2AAZ5 in the database, skipped it
didn't find A2AAZ6 in the database, skipped it
didn't find A2AB05 in the database, skipped it
didn't find A2AB06 in the database, skipped it
didn't find A2AB07 in the database, skipped it
didn't find A2AB15 in the database, skipped it
didn't find A2AB20 in the database, skipped it
didn't find A2AB25 in the database, skipped it
didn't find A2AB27 in the database, skipped it
didn't find A2AB88 in the database, skipped it
didn't find A2AB89 in the database, skipped it
didn't find A2AB90 in the database, skipped it
didn't find A2AB93 in the database, skipped it
didn't find A2AB94 in the database, skipped it
didn't find A2ABC7 in the database, skipped it
didn't find A2ABE9 in the database, skipped it
didn't find A2ABF1 in the database, skipped it
didn't find A2ABF4 in the database, skipped it
didn't find A2ABG0 in the database, skipped it
didn't find A2ABL0 in the database, skipped it
didn't find A2ABL2 in the database, skipped it
didn't find A2ABL6 in the database, skipped it
didn't find A2ABM8 in the database, skipped it
didn't find A2ABN6 in the database, skipped it
didn't find A2ABN7 in the database, skipped it
didn't find A2ABS3 in the database, skipped it
didn't find A2ABS4 in the database, skipped it
didn't find A2AE50 in the database, skipped it
didn't find A2AVK2 in the database, skipped it
didn't find A2IBT1 in the database, skipped it
didn't find A2ID95 in the database, skipped it
didn't find A2IDB1 in the database, skipped it
didn't find A2IDB2 in the database, skipped it
didn't find A2JGV3 in the database, skipped it
didn't find A2RRB2 in the database, skipped it
didn't find A2T115 in the database, skipped it
didn't find A2VCS9 in the database, skipped it
didn't find A3EY21 in the database, skipped it
didn't find A3EZ84 in the database, skipped it
didn't find A3KCU8 in the database, skipped it
didn't find A3KFI1 in the database, skipped it
didn't find A3KFI2 in the database, skipped it
didn't find A3KFI3 in the database, skipped it
didn't find A3KFI4 in the database, skipped it
didn't find A3KFI5 in the database, skipped it
didn't find A3KFI9 in the database, skipped it
didn't find A3KFJ2 in the database, skipped it
didn't find A3KFJ8 in the database, skipped it
didn't find A3KFK1 in the database, skipped it
didn't find A3KFK2 in the database, skipped it
didn't find A3KN61 in the database, skipped it
didn't find A3KN74 in the database, skipped it
didn't find A3KQT1 in the database, skipped it
didn't find A3QK36 in the database, skipped it
didn't find A4KYM5 in the database, skipped it
didn't find A4Q9G9 in the database, skipped it
didn't find A4QPB6 in the database, skipped it
didn't find A5JUZ3 in the database, skipped it
didn't find A5PKY6 in the database, skipped it
didn't find A6H8L4 in the database, skipped it
didn't find A6H8Y7 in the database, skipped it
didn't find A6H900 in the database, skipped it
didn't find A6NC16 in the database, skipped it
didn't find A6NC58 in the database, skipped it
didn't find A6NCG2 in the database, skipped it
didn't find A6NCQ0 in the database, skipped it
didn't find A6NCQ8 in the database, skipped it
didn't find A6ND33 in the database, skipped it
didn't find A6ND93 in the database, skipped it
didn't find A6NDF3 in the database, skipped it
didn't find A6NDJ3 in the database, skipped it
didn't find A6NDW0 in the database, skipped it
didn't find A6NDZ7 in the database, skipped it
didn't find A6NED7 in the database, skipped it
didn't find A6NEM2 in the database, skipped it
didn't find A6NEP8 in the database, skipped it
didn't find A6NER6 in the database, skipped it
didn't find A6NF31 in the database, skipped it
didn't find A6NFF4 in the database, skipped it
didn't find A6NFI1 in the database, skipped it
didn't find A6NFM0 in the database, skipped it
didn't find A6NFX8 in the database, skipped it
didn't find A6NFY0 in the database, skipped it
didn't find A6NG08 in the database, skipped it
didn't find A6NG75 in the database, skipped it
didn't find A6NG92 in the database, skipped it
didn't find A6NGA6 in the database, skipped it
didn't find A6NGF6 in the database, skipped it
didn't find A6NGS0 in the database, skipped it
didn't find A6NGW4 in the database, skipped it
didn't find A6NGY7 in the database, skipped it
didn't find A6NHA5 in the database, skipped it
didn't find A6NHB5 in the database, skipped it
didn't find A6NHC7 in the database, skipped it
didn't find A6NHE2 in the database, skipped it
didn't find A6NHH0 in the database, skipped it
didn't find A6NHJ8 in the database, skipped it
didn't find A6NHM7 in the database, skipped it
didn't find A6NHN7 in the database, skipped it
didn't find A6NHU4 in the database, skipped it
didn't find A6NHU9 in the database, skipped it
didn't find A6NI33 in the database, skipped it
didn't find A6NIB9 in the database, skipped it
didn't find A6NIC1 in the database, skipped it
didn't find A6NIF9 in the database, skipped it
didn't find A6NIR2 in the database, skipped it
didn't find A6NIW2 in the database, skipped it
didn't find A6NJ28 in the database, skipped it
didn't find A6NJ38 in the database, skipped it
didn't find A6NJB5 in the database, skipped it
didn't find A6NJT9 in the database, skipped it
didn't find A6NJU6 in the database, skipped it
didn't find A6NK38 in the database, skipped it
didn't find A6NK88 in the database, skipped it
didn't find A6NKD7 in the database, skipped it
didn't find A6NKZ9 in the database, skipped it
didn't find A6NL54 in the database, skipped it
didn't find A6NL66 in the database, skipped it
didn't find A6NL68 in the database, skipped it
didn't find A6NL76 in the database, skipped it
didn't find A6NL85 in the database, skipped it
didn't find A6NLC6 in the database, skipped it
didn't find A6NLU8 in the database, skipped it
didn't find A6NM42 in the database, skipped it
didn't find A6NMA8 in the database, skipped it
didn't find A6NMH8 in the database, skipped it
didn't find A6NN50 in the database, skipped it
didn't find A6NN97 in the database, skipped it
didn't find A6NNA4 in the database, skipped it
didn't find A6NND1 in the database, skipped it
didn't find A6NND8 in the database, skipped it
didn't find A6NNI4 in the database, skipped it
didn't find A6NNU8 in the database, skipped it
didn't find A6NP03 in the database, skipped it
didn't find A6NP17 in the database, skipped it
didn't find A6NP46 in the database, skipped it
didn't find A6NP58 in the database, skipped it
didn't find A6NP74 in the database, skipped it
didn't find A6PVC0 in the database, skipped it
didn't find A6PVC3 in the database, skipped it
didn't find A6PVC9 in the database, skipped it
didn't find A6PVD9 in the database, skipped it
didn't find A6PVF6 in the database, skipped it
didn't find A6PVH5 in the database, skipped it
didn't find A6PVI0 in the database, skipped it
didn't find A6PVI1 in the database, skipped it
didn't find A6PVI4 in the database, skipped it
didn't find A6PVI9 in the database, skipped it
didn't find A6PVJ5 in the database, skipped it
didn't find A6PVJ6 in the database, skipped it
didn't find A6PVJ7 in the database, skipped it
didn't find A6PVK2 in the database, skipped it
didn't find A6PVK5 in the database, skipped it
didn't find A6PVK7 in the database, skipped it
didn't find A6PVM6 in the database, skipped it
didn't find A6PVM9 in the database, skipped it
didn't find A6PVN3 in the database, skipped it
didn't find A6PVP2 in the database, skipped it
didn't find A6PVS0 in the database, skipped it
didn't find A6PVS1 in the database, skipped it
didn't find A6PVT2 in the database, skipped it
didn't find A6PVT7 in the database, skipped it
didn't find A6PVT8 in the database, skipped it
didn't find A6PVU0 in the database, skipped it
didn't find A6PVU3 in the database, skipped it
didn't find A6PVU5 in the database, skipped it
didn't find A6PVU7 in the database, skipped it
didn't find A6PVU8 in the database, skipped it
didn't find A6PVV7 in the database, skipped it
didn't find A6PVV8 in the database, skipped it
didn't find A6PVX3 in the database, skipped it
didn't find A6PVY1 in the database, skipped it
didn't find A6PVY2 in the database, skipped it
didn't find A6PVY5 in the database, skipped it
didn't find A6PVY9 in the database, skipped it
didn't find A6PW30 in the database, skipped it
didn't find A6PW56 in the database, skipped it
didn't find A6PW58 in the database, skipped it
didn't find A6PW80 in the database, skipped it
didn't find A6PWM2 in the database, skipped it
didn't find A6QRG9 in the database, skipped it
didn't find A6QRH1 in the database, skipped it
didn't find A6QRH7 in the database, skipped it
didn't find A6QRH8 in the database, skipped it
didn't find A6QRI9 in the database, skipped it
didn't find A6QRJ1 in the database, skipped it
didn't find A6XGL3 in the database, skipped it
didn't find A6XNE0 in the database, skipped it
didn't find A6YPU5 in the database, skipped it
didn't find A6YT98 in the database, skipped it
didn't find A6YT99 in the database, skipped it
didn't find A6YTA0 in the database, skipped it
didn't find A6ZJ82 in the database, skipped it
didn't find A6ZJA2 in the database, skipped it
didn't find A7XZE4 in the database, skipped it
didn't find A8CTZ0 in the database, skipped it
didn't find A8DN24 in the database, skipped it
didn't find A8DPD7 in the database, skipped it
didn't find A8K0A6 in the database, skipped it
didn't find A8K0C1 in the database, skipped it
didn't find A8K1B4 in the database, skipped it
didn't find A8K1M9 in the database, skipped it
didn't find A8K382 in the database, skipped it
didn't find A8K3Q5 in the database, skipped it
didn't find A8KAD9 in the database, skipped it
didn't find A8KAH6 in the database, skipped it
didn't find A8KAJ9 in the database, skipped it
didn't find A8MPV1 in the database, skipped it
didn't find A8MQ10 in the database, skipped it
didn't find A8MQD4 in the database, skipped it
didn't find A8MRA7 in the database, skipped it
didn't find A8MS87 in the database, skipped it
didn't find A8MSG4 in the database, skipped it
didn't find A8MSM7 in the database, skipped it
didn't find A8MSP2 in the database, skipped it
didn't find A8MST6 in the database, skipped it
didn't find A8MSZ8 in the database, skipped it
didn't find A8MT14 in the database, skipped it
didn't find A8MT18 in the database, skipped it
didn't find A8MT20 in the database, skipped it
didn't find A8MT21 in the database, skipped it
didn't find A8MT23 in the database, skipped it
didn't find A8MT25 in the database, skipped it
didn't find A8MT40 in the database, skipped it
didn't find A8MT72 in the database, skipped it
didn't find A8MT87 in the database, skipped it
didn't find A8MTC6 in the database, skipped it
didn't find A8MTD3 in the database, skipped it
didn't find A8MTE9 in the database, skipped it
didn't find A8MTF7 in the database, skipped it
didn't find A8MTF8 in the database, skipped it
didn't find A8MTF9 in the database, skipped it
didn't find A8MTK3 in the database, skipped it
didn't find A8MTM1 in the database, skipped it
didn't find A8MTP4 in the database, skipped it
didn't find A8MTQ3 in the database, skipped it
didn't find A8MTS1 in the database, skipped it
didn't find A8MTT8 in the database, skipped it
didn't find A8MTU2 in the database, skipped it
didn't find A8MTY9 in the database, skipped it
didn't find A8MTZ4 in the database, skipped it
didn't find A8MTZ5 in the database, skipped it
didn't find A8MU27 in the database, skipped it
didn't find A8MU33 in the database, skipped it
didn't find A8MU58 in the database, skipped it
didn't find A8MUA9 in the database, skipped it
didn't find A8MUE1 in the database, skipped it
didn't find A8MUI2 in the database, skipped it


uniprot id 1	entrez gene id 1	gene name 1	uniprot id 2	entrez gene id 2	gene name 2	score
CB072_HUMAN	257407	C2orf72	CD81_HUMAN	975	CD81	0.82
IQCF5_HUMAN	389124	IQCF5	UBP8_HUMAN	9101	USP8	0.72
IQCF5_HUMAN	389124	IQCF5	HMGB4_HUMAN	127540	HMGB4	0.72
PL8L1_HUMAN	153770	PLAC8L1	DLG1_HUMAN	1739	DLG1	0.65
CB072_HUMAN	257407	C2orf72	RASN_HUMAN	4893	NRAS	0.63
PL8L1_HUMAN	153770	PLAC8L1	CLH2_HUMAN	8218	CLTCL1	0.63
PL8L1_HUMAN	153770	PLAC8L1	TCPG_HUMAN	7203	CCT3	0.63
CB072_HUMAN	257407	C2orf72	COPT1_HUMAN	1317	SLC31A1	0.63
PL8L1_HUMAN	153770	PLAC8L1	ZDH13_HUMAN	54503	ZDHHC13	0.63
PL8L1_HUMAN	153770	PLAC8L1	PTPRD_HUMAN	5789	PTPRD	0.63
F90AL_HUMAN			NUCL_HUMAN	4691	NCL	0.63
PL8L1_HUMAN	153770	PLAC8L1	ZDH17_HUMAN	23390	ZDHHC17	0.63
PL8L1_HUMAN	153770	PLAC8L1	PDCL3_HUMAN	79031	PDCL3	0.63
PL8L1_HUMAN	153770	PLAC8L1	A2ML1_HUMAN	144568	A2ML1	0.63
PL8L1_HUMAN	153770	PLAC8L1	POF1B_HUMAN	79983	POF1B	0.63
TM212_HUMAN	389177	TMEM212	HNRPL_HUMAN	3191	HNRNPL	0.63
PL8L1_HUMAN	153770	PLAC8L1	TCPH_HUMAN	10574	CCT7	0.63
PL8L1_HUMAN	153770	PLAC8L1	SPB4_HUMAN	6318	SERPINB4	0.63
PL8L1_HUMAN	153770	PLAC8L1	TCPD_HUMAN	10575	CCT4	0.63
PL8L1_HUMAN	153770	PLAC8L1	SPB3_HUMAN	6317	SERPINB3	0.63
PL8L1_HUMAN	153770	PLAC8L1	TCPW_HUMAN	10693	CCT6B	0.63
PL8L1_HUMAN	153770	PLAC8L1	S10A7_HUMAN	6278	S100A7	0.63
PL8L1_HUMAN	153770	PLAC8L1	TCPZ_HUMAN	908	CCT6A	0.63
PL8L1_HUMAN	153770	PLAC8L1	PPAP_HUMAN	55	ACPP	0.63
CB072_HUMAN	257407	C2orf72	RASK_HUMAN	3845	KRAS	0.63
PL8L1_HUMAN	153770	PLAC8L1	PHLP_HUMAN	5082	PDCL	0.63
CB072_HUMAN	257407	C2orf72	HNRH1_HUMAN	3187	HNRNPH1	0.63
PL8L1_HUMAN	153770	PLAC8L1	TCPA_HUMAN	6950	TCP1	0.63
