didn't find C9JG63 in the database, skipped it
didn't find C9JG80 in the database, skipped it
didn't find C9JG97 in the database, skipped it
didn't find C9JGB2 in the database, skipped it
didn't find C9JGB6 in the database, skipped it
didn't find C9JGE3 in the database, skipped it
didn't find C9JGH7 in the database, skipped it
didn't find C9JGJ9 in the database, skipped it
didn't find C9JGK2 in the database, skipped it
didn't find C9JGL9 in the database, skipped it
didn't find C9JGM7 in the database, skipped it
didn't find C9JGN2 in the database, skipped it
didn't find C9JGR9 in the database, skipped it
didn't find C9JGT6 in the database, skipped it
didn't find C9JGT8 in the database, skipped it
didn't find C9JGY8 in the database, skipped it
didn't find C9JH23 in the database, skipped it
didn't find C9JH90 in the database, skipped it
didn't find C9JH92 in the database, skipped it
didn't find C9JH95 in the database, skipped it
didn't find C9JHA4 in the database, skipped it
didn't find C9JHC7 in the database, skipped it
didn't find C9JHD8 in the database, skipped it
didn't find C9JHF5 in the database, skipped it
didn't find C9JHL4 in the database, skipped it
didn't find C9JHQ4 in the database, skipped it
didn't find C9JHQ8 in the database, skipped it
didn't find C9JHS6 in the database, skipped it
didn't find C9JHT2 in the database, skipped it
didn't find C9JHT9 in the database, skipped it
didn't find C9JHU5 in the database, skipped it
didn't find C9JHU6 in the database, skipped it
didn't find C9JHX0 in the database, skipped it
didn't find C9JI22 in the database, skipped it
didn't find C9JI46 in the database, skipped it
didn't find C9JI76 in the database, skipped it
didn't find C9JIH3 in the database, skipped it
didn't find C9JII1 in the database, skipped it
didn't find C9JIM1 in the database, skipped it
didn't find C9JIS2 in the database, skipped it
didn't find C9JIW4 in the database, skipped it
didn't find C9JIX7 in the database, skipped it
didn't find C9JIX8 in the database, skipped it
didn't find C9JIZ0 in the database, skipped it
didn't find C9JJ16 in the database, skipped it
didn't find C9JJ38 in the database, skipped it
didn't find C9JJ68 in the database, skipped it
didn't find C9JJ78 in the database, skipped it
didn't find C9JJ79 in the database, skipped it
didn't find C9JJD3 in the database, skipped it
didn't find C9JJE5 in the database, skipped it
didn't find C9JJG2 in the database, skipped it
didn't find C9JJK5 in the database, skipped it
didn't find C9JJN9 in the database, skipped it
didn't find C9JJP5 in the database, skipped it
didn't find C9JJQ0 in the database, skipped it
didn't find C9JJS3 in the database, skipped it
didn't find C9JJT5 in the database, skipped it
didn't find C9JJU7 in the database, skipped it
didn't find C9JJV1 in the database, skipped it
didn't find C9JJV8 in the database, skipped it
didn't find C9JJX6 in the database, skipped it
didn't find C9JK03 in the database, skipped it
didn't find C9JK18 in the database, skipped it
didn't find C9JK28 in the database, skipped it
didn't find C9JK30 in the database, skipped it
didn't find C9JK83 in the database, skipped it
didn't find C9JKE2 in the database, skipped it
didn't find C9JKF1 in the database, skipped it
didn't find C9JKF3 in the database, skipped it
didn't find C9JKG1 in the database, skipped it
didn't find C9JKI3 in the database, skipped it
didn't find C9JKL2 in the database, skipped it
didn't find C9JKQ2 in the database, skipped it
didn't find C9JKR2 in the database, skipped it
didn't find C9JKR3 in the database, skipped it
didn't find C9JKT3 in the database, skipped it
didn't find C9JKY0 in the database, skipped it
didn't find C9JKY1 in the database, skipped it
didn't find C9JKY3 in the database, skipped it
didn't find C9JKZ2 in the database, skipped it
didn't find C9JKZ3 in the database, skipped it
didn't find C9JL25 in the database, skipped it
didn't find C9JL63 in the database, skipped it
didn't find C9JL73 in the database, skipped it
didn't find C9JLC1 in the database, skipped it
didn't find C9JLE1 in the database, skipped it
didn't find C9JLG1 in the database, skipped it
didn't find C9JLI6 in the database, skipped it
didn't find C9JLK0 in the database, skipped it
didn't find C9JLL5 in the database, skipped it
didn't find C9JLM2 in the database, skipped it
didn't find C9JLN7 in the database, skipped it
didn't find C9JLT7 in the database, skipped it
didn't find C9JLU6 in the database, skipped it
didn't find C9JLV0 in the database, skipped it
didn't find C9JLW1 in the database, skipped it
didn't find C9JLX3 in the database, skipped it
didn't find C9JM01 in the database, skipped it
didn't find C9JM14 in the database, skipped it
didn't find C9JM19 in the database, skipped it
didn't find C9JM46 in the database, skipped it
didn't find C9JM50 in the database, skipped it
didn't find C9JM55 in the database, skipped it
didn't find C9JM58 in the database, skipped it
didn't find C9JM78 in the database, skipped it
didn't find C9JM79 in the database, skipped it
didn't find C9JMC9 in the database, skipped it
didn't find C9JMD7 in the database, skipped it
didn't find C9JME2 in the database, skipped it
didn't find C9JMH2 in the database, skipped it
didn't find C9JMH6 in the database, skipped it
didn't find C9JMJ0 in the database, skipped it
didn't find C9JML1 in the database, skipped it
didn't find C9JMM5 in the database, skipped it
didn't find C9JMN1 in the database, skipped it
didn't find C9JMN9 in the database, skipped it
didn't find C9JMP5 in the database, skipped it
didn't find C9JMQ7 in the database, skipped it
didn't find C9JMS0 in the database, skipped it
didn't find C9JMV9 in the database, skipped it
didn't find C9JMY1 in the database, skipped it
didn't find C9JMY5 in the database, skipped it
didn't find C9JMZ3 in the database, skipped it
didn't find C9JN07 in the database, skipped it
didn't find C9JN09 in the database, skipped it
didn't find C9JN15 in the database, skipped it
didn't find C9JN40 in the database, skipped it
didn't find C9JN58 in the database, skipped it
didn't find C9JN83 in the database, skipped it
didn't find C9JNE7 in the database, skipped it
didn't find C9JNI4 in the database, skipped it
didn't find C9JNK6 in the database, skipped it
didn't find C9JNL5 in the database, skipped it
didn't find C9JNM5 in the database, skipped it
didn't find C9JNM8 in the database, skipped it
didn't find C9JNP8 in the database, skipped it
didn't find C9JNR5 in the database, skipped it
didn't find C9JNS9 in the database, skipped it
didn't find C9JNU5 in the database, skipped it
didn't find C9JNU6 in the database, skipped it
didn't find C9JNU9 in the database, skipped it
didn't find C9JNV3 in the database, skipped it
didn't find C9JNW0 in the database, skipped it
didn't find C9JNW5 in the database, skipped it
didn't find C9JNY7 in the database, skipped it
didn't find C9JNZ0 in the database, skipped it
didn't find C9JNZ1 in the database, skipped it
didn't find C9JP00 in the database, skipped it
didn't find C9JP01 in the database, skipped it
didn't find C9JP06 in the database, skipped it
didn't find C9JP21 in the database, skipped it
didn't find C9JP58 in the database, skipped it
didn't find C9JPC3 in the database, skipped it
didn't find C9JPD0 in the database, skipped it
didn't find C9JPE1 in the database, skipped it
didn't find C9JPF8 in the database, skipped it
didn't find C9JPG5 in the database, skipped it
didn't find C9JPH1 in the database, skipped it
didn't find C9JPI5 in the database, skipped it
didn't find C9JPQ4 in the database, skipped it
didn't find C9JPQ5 in the database, skipped it
didn't find C9JPR7 in the database, skipped it
didn't find C9JPU3 in the database, skipped it
didn't find C9JPV1 in the database, skipped it
didn't find C9JPV8 in the database, skipped it
didn't find C9JPY0 in the database, skipped it
didn't find C9JQ35 in the database, skipped it
didn't find C9JQ42 in the database, skipped it
didn't find C9JQ45 in the database, skipped it
didn't find C9JQ75 in the database, skipped it
didn't find C9JQ90 in the database, skipped it
didn't find C9JQA7 in the database, skipped it
didn't find C9JQB1 in the database, skipped it
didn't find C9JQB7 in the database, skipped it
didn't find C9JQD4 in the database, skipped it
didn't find C9JQD8 in the database, skipped it
didn't find C9JQE1 in the database, skipped it
didn't find C9JQE8 in the database, skipped it
didn't find C9JQI2 in the database, skipped it
didn't find C9JQJ2 in the database, skipped it
didn't find C9JQL4 in the database, skipped it
didn't find C9JQM9 in the database, skipped it
didn't find C9JQP9 in the database, skipped it
didn't find C9JQS3 in the database, skipped it
didn't find C9JQS9 in the database, skipped it
didn't find C9JQU6 in the database, skipped it
didn't find C9JQU7 in the database, skipped it
didn't find C9JQU9 in the database, skipped it
didn't find C9JR33 in the database, skipped it
didn't find C9JR52 in the database, skipped it
didn't find C9JR56 in the database, skipped it
didn't find C9JR67 in the database, skipped it
didn't find C9JR82 in the database, skipped it
didn't find C9JR86 in the database, skipped it
didn't find C9JRB3 in the database, skipped it
didn't find C9JRG3 in the database, skipped it
didn't find C9JRK1 in the database, skipped it
didn't find C9JRL4 in the database, skipped it
didn't find C9JRM0 in the database, skipped it
didn't find C9JRN9 in the database, skipped it
didn't find C9JRP1 in the database, skipped it
didn't find C9JRT6 in the database, skipped it
didn't find C9JRV0 in the database, skipped it
didn't find C9JS14 in the database, skipped it
didn't find C9JS59 in the database, skipped it
didn't find C9JS83 in the database, skipped it
didn't find C9JSB0 in the database, skipped it
didn't find C9JSD1 in the database, skipped it
didn't find C9JSD5 in the database, skipped it
didn't find C9JSE3 in the database, skipped it
didn't find C9JSG8 in the database, skipped it
didn't find C9JSI7 in the database, skipped it
didn't find C9JSK0 in the database, skipped it
didn't find C9JSK8 in the database, skipped it
didn't find C9JSL4 in the database, skipped it
didn't find C9JSN9 in the database, skipped it
didn't find C9JSP1 in the database, skipped it
didn't find C9JSQ1 in the database, skipped it
didn't find C9JSR0 in the database, skipped it
didn't find C9JST2 in the database, skipped it
didn't find C9JST4 in the database, skipped it
didn't find C9JSU0 in the database, skipped it
didn't find C9JSU1 in the database, skipped it
didn't find C9JSU7 in the database, skipped it
didn't find C9JSZ1 in the database, skipped it
didn't find C9JSZ3 in the database, skipped it
didn't find C9JT00 in the database, skipped it
didn't find C9JT30 in the database, skipped it
didn't find C9JT95 in the database, skipped it
didn't find C9JT96 in the database, skipped it
didn't find C9JTA6 in the database, skipped it
didn't find C9JTB6 in the database, skipped it
didn't find C9JTE0 in the database, skipped it
didn't find C9JTE9 in the database, skipped it
didn't find C9JTG4 in the database, skipped it
didn't find C9JTH1 in the database, skipped it
didn't find C9JTK4 in the database, skipped it
didn't find C9JTM0 in the database, skipped it
didn't find C9JTT6 in the database, skipped it
didn't find C9JTV5 in the database, skipped it
didn't find C9JTX4 in the database, skipped it
didn't find C9JTX9 in the database, skipped it
didn't find C9JTY4 in the database, skipped it
didn't find C9JTY8 in the database, skipped it
didn't find C9JTZ5 in the database, skipped it
didn't find C9JU19 in the database, skipped it
didn't find C9JU29 in the database, skipped it
didn't find C9JU32 in the database, skipped it
didn't find C9JU35 in the database, skipped it
didn't find C9JU56 in the database, skipped it
didn't find C9JU63 in the database, skipped it
didn't find C9JU85 in the database, skipped it
didn't find C9JUD5 in the database, skipped it
didn't find C9JUE0 in the database, skipped it
didn't find C9JUG7 in the database, skipped it
didn't find C9JUH5 in the database, skipped it
didn't find C9JUI2 in the database, skipped it
didn't find C9JUK7 in the database, skipped it
didn't find C9JUK9 in the database, skipped it
didn't find C9JUL4 in the database, skipped it
didn't find C9JUM0 in the database, skipped it
didn't find C9JUP3 in the database, skipped it
didn't find C9JUP5 in the database, skipped it
didn't find C9JUP6 in the database, skipped it
didn't find C9JUT4 in the database, skipped it
didn't find C9JUW1 in the database, skipped it
didn't find C9JUX7 in the database, skipped it
didn't find C9JV37 in the database, skipped it
didn't find C9JV77 in the database, skipped it
didn't find C9JV81 in the database, skipped it
didn't find C9JVB2 in the database, skipped it
didn't find C9JVB6 in the database, skipped it
didn't find C9JVE2 in the database, skipped it
didn't find C9JVG3 in the database, skipped it
didn't find C9JVH1 in the database, skipped it
didn't find C9JVM2 in the database, skipped it
didn't find C9JVM4 in the database, skipped it
didn't find C9JVN9 in the database, skipped it
didn't find C9JVP0 in the database, skipped it
didn't find C9JVQ0 in the database, skipped it
didn't find C9JVR6 in the database, skipped it
didn't find C9JVS0 in the database, skipped it
didn't find C9JVS8 in the database, skipped it
didn't find C9JVW9 in the database, skipped it
didn't find C9JVY9 in the database, skipped it
didn't find C9JVZ1 in the database, skipped it
didn't find C9JW19 in the database, skipped it
didn't find C9JW33 in the database, skipped it
didn't find C9JW55 in the database, skipped it
didn't find C9JW66 in the database, skipped it
didn't find C9JW72 in the database, skipped it
didn't find C9JW96 in the database, skipped it
didn't find C9JWC4 in the database, skipped it
didn't find C9JWD9 in the database, skipped it
didn't find C9JWG0 in the database, skipped it
didn't find C9JWG6 in the database, skipped it
didn't find C9JWI2 in the database, skipped it
didn't find C9JWJ8 in the database, skipped it
didn't find C9JWL4 in the database, skipped it
didn't find C9JWL8 in the database, skipped it
didn't find C9JWM1 in the database, skipped it
didn't find C9JWM2 in the database, skipped it
didn't find C9JWU6 in the database, skipped it
didn't find C9JWV2 in the database, skipped it
didn't find C9JWV4 in the database, skipped it
didn't find C9JWV9 in the database, skipped it
didn't find C9JWY1 in the database, skipped it
didn't find C9JWZ7 in the database, skipped it
didn't find C9JX36 in the database, skipped it
didn't find C9JX45 in the database, skipped it
didn't find C9JX50 in the database, skipped it
didn't find C9JX71 in the database, skipped it
didn't find C9JXA7 in the database, skipped it
didn't find C9JXF9 in the database, skipped it
didn't find C9JXK9 in the database, skipped it
didn't find C9JXM4 in the database, skipped it
didn't find C9JXM5 in the database, skipped it
didn't find C9JXQ9 in the database, skipped it
didn't find C9JXR7 in the database, skipped it
didn't find C9JXY2 in the database, skipped it
didn't find C9JXZ0 in the database, skipped it
didn't find C9JXZ1 in the database, skipped it
didn't find C9JXZ5 in the database, skipped it
didn't find C9JY01 in the database, skipped it
didn't find C9JY31 in the database, skipped it
didn't find C9JY76 in the database, skipped it
didn't find C9JYB5 in the database, skipped it
didn't find C9JYB8 in the database, skipped it
didn't find C9JYE9 in the database, skipped it
didn't find C9JYF6 in the database, skipped it
didn't find C9JYG8 in the database, skipped it
didn't find C9JYI0 in the database, skipped it
didn't find C9JYI3 in the database, skipped it
didn't find C9JYI4 in the database, skipped it
didn't find C9JYJ2 in the database, skipped it
didn't find C9JYK5 in the database, skipped it
didn't find C9JYM0 in the database, skipped it
didn't find C9JYN7 in the database, skipped it
didn't find C9JYP5 in the database, skipped it
didn't find C9JYR7 in the database, skipped it
didn't find C9JYR8 in the database, skipped it
didn't find C9JYS1 in the database, skipped it
didn't find C9JYS5 in the database, skipped it
didn't find C9JYT9 in the database, skipped it
didn't find C9JYW1 in the database, skipped it
didn't find C9JYX1 in the database, skipped it
didn't find C9JYX8 in the database, skipped it
didn't find C9JYY6 in the database, skipped it
didn't find C9JYZ0 in the database, skipped it
didn't find C9JZ04 in the database, skipped it
didn't find C9JZ07 in the database, skipped it
didn't find C9JZ20 in the database, skipped it
didn't find C9JZ23 in the database, skipped it
didn't find C9JZ27 in the database, skipped it
didn't find C9JZ99 in the database, skipped it
didn't find C9JZA9 in the database, skipped it
didn't find C9JZD1 in the database, skipped it
didn't find C9JZE5 in the database, skipped it
didn't find C9JZF7 in the database, skipped it
didn't find C9JZI1 in the database, skipped it
didn't find C9JZJ1 in the database, skipped it
didn't find C9JZL6 in the database, skipped it
didn't find C9JZN9 in the database, skipped it
didn't find C9JZP1 in the database, skipped it
didn't find C9JZP6 in the database, skipped it
didn't find C9JZQ0 in the database, skipped it
didn't find C9JZR2 in the database, skipped it
didn't find C9JZR9 in the database, skipped it
didn't find C9JZV5 in the database, skipped it
didn't find C9JZW3 in the database, skipped it
didn't find C9JZW7 in the database, skipped it
didn't find C9JZW8 in the database, skipped it
didn't find C9JZY6 in the database, skipped it
didn't find C9K016 in the database, skipped it
didn't find C9K020 in the database, skipped it
didn't find C9K025 in the database, skipped it
didn't find C9K028 in the database, skipped it
didn't find C9K029 in the database, skipped it
didn't find C9K048 in the database, skipped it
didn't find C9K055 in the database, skipped it
didn't find C9K057 in the database, skipped it
didn't find C9K058 in the database, skipped it
didn't find C9K092 in the database, skipped it
didn't find C9K0C2 in the database, skipped it
didn't find C9K0D8 in the database, skipped it
didn't find C9K0E8 in the database, skipped it
didn't find C9K0E9 in the database, skipped it
didn't find C9K0F2 in the database, skipped it
didn't find C9K0G7 in the database, skipped it
didn't find C9K0J5 in the database, skipped it
didn't find C9K0K2 in the database, skipped it
didn't find C9K0K7 in the database, skipped it


uniprot id 1	entrez gene id 1	gene name 1	uniprot id 2	entrez gene id 2	gene name 2	score
HHLA1_HUMAN	10086	HHLA1	KIF23_HUMAN	9493	KIF23	0.63
ZN878_HUMAN	729747	ZNF878	H2B1H_HUMAN	8345	HIST1H2BH	0.63
