didn't find E9PPA1 in the database, skipped it
didn't find E9PPA5 in the database, skipped it
didn't find E9PPB2 in the database, skipped it
didn't find E9PPB5 in the database, skipped it
didn't find E9PPC8 in the database, skipped it
didn't find E9PPF1 in the database, skipped it
didn't find E9PPF9 in the database, skipped it
didn't find E9PPG3 in the database, skipped it
didn't find E9PPG9 in the database, skipped it
didn't find E9PPH5 in the database, skipped it
didn't find E9PPI2 in the database, skipped it
didn't find E9PPI7 in the database, skipped it
didn't find E9PPJ0 in the database, skipped it
didn't find E9PPJ5 in the database, skipped it
didn't find E9PPJ9 in the database, skipped it
didn't find E9PPK3 in the database, skipped it
didn't find E9PPL0 in the database, skipped it
didn't find E9PPM9 in the database, skipped it
didn't find E9PPN3 in the database, skipped it
didn't find E9PPP6 in the database, skipped it
didn't find E9PPP8 in the database, skipped it
didn't find E9PPQ0 in the database, skipped it
didn't find E9PPQ4 in the database, skipped it
didn't find E9PPR2 in the database, skipped it
didn't find E9PPR7 in the database, skipped it
didn't find E9PPS0 in the database, skipped it
didn't find E9PPT0 in the database, skipped it
didn't find E9PPU1 in the database, skipped it
didn't find E9PPV6 in the database, skipped it
didn't find E9PPW6 in the database, skipped it
didn't find E9PPX2 in the database, skipped it
didn't find E9PPY1 in the database, skipped it
didn't find E9PPY3 in the database, skipped it
didn't find E9PPZ2 in the database, skipped it
didn't find E9PPZ9 in the database, skipped it
didn't find E9PQ01 in the database, skipped it
didn't find E9PQ02 in the database, skipped it
didn't find E9PQ19 in the database, skipped it
didn't find E9PQ31 in the database, skipped it
didn't find E9PQ36 in the database, skipped it
didn't find E9PQ47 in the database, skipped it
didn't find E9PQ49 in the database, skipped it
didn't find E9PQ55 in the database, skipped it
didn't find E9PQ57 in the database, skipped it
didn't find E9PQ58 in the database, skipped it
didn't find E9PQ59 in the database, skipped it
didn't find E9PQ68 in the database, skipped it
didn't find E9PQ70 in the database, skipped it
didn't find E9PQ73 in the database, skipped it
didn't find E9PQ76 in the database, skipped it
didn't find E9PQ79 in the database, skipped it
didn't find E9PQ84 in the database, skipped it
didn't find E9PQ98 in the database, skipped it
didn't find E9PQA5 in the database, skipped it
didn't find E9PQB7 in the database, skipped it
didn't find E9PQC4 in the database, skipped it
didn't find E9PQC8 in the database, skipped it
didn't find E9PQD2 in the database, skipped it
didn't find E9PQD5 in the database, skipped it
didn't find E9PQD7 in the database, skipped it
didn't find E9PQD8 in the database, skipped it
didn't find E9PQE6 in the database, skipped it
didn't find E9PQE8 in the database, skipped it
didn't find E9PQF7 in the database, skipped it
didn't find E9PQH5 in the database, skipped it
didn't find E9PQI4 in the database, skipped it
didn't find E9PQM6 in the database, skipped it
didn't find E9PQN6 in the database, skipped it
didn't find E9PQP0 in the database, skipped it
didn't find E9PQP3 in the database, skipped it
didn't find E9PQP6 in the database, skipped it
didn't find E9PQP7 in the database, skipped it
didn't find E9PQR3 in the database, skipped it
didn't find E9PQR4 in the database, skipped it
didn't find E9PQR5 in the database, skipped it
didn't find E9PQR7 in the database, skipped it
didn't find E9PQR8 in the database, skipped it
didn't find E9PQS1 in the database, skipped it
didn't find E9PQS3 in the database, skipped it
didn't find E9PQT2 in the database, skipped it
didn't find E9PQT7 in the database, skipped it
didn't find E9PQU0 in the database, skipped it
didn't find E9PQV1 in the database, skipped it
didn't find E9PQV6 in the database, skipped it
didn't find E9PQW2 in the database, skipped it
didn't find E9PQW7 in the database, skipped it
didn't find E9PQY2 in the database, skipped it
didn't find E9PQY3 in the database, skipped it
didn't find E9PQY7 in the database, skipped it
didn't find E9PQZ1 in the database, skipped it
didn't find E9PQZ4 in the database, skipped it
didn't find E9PR04 in the database, skipped it
didn't find E9PR06 in the database, skipped it
didn't find E9PR14 in the database, skipped it
didn't find E9PR21 in the database, skipped it
didn't find E9PR24 in the database, skipped it
didn't find E9PR26 in the database, skipped it
didn't find E9PR27 in the database, skipped it
didn't find E9PR30 in the database, skipped it
didn't find E9PR34 in the database, skipped it
didn't find E9PR38 in the database, skipped it
didn't find E9PR46 in the database, skipped it
didn't find E9PR58 in the database, skipped it
didn't find E9PR70 in the database, skipped it
didn't find E9PR76 in the database, skipped it
didn't find E9PR86 in the database, skipped it
didn't find E9PR89 in the database, skipped it
didn't find E9PR93 in the database, skipped it
didn't find E9PRA5 in the database, skipped it
didn't find E9PRA8 in the database, skipped it
didn't find E9PRB9 in the database, skipped it
didn't find E9PRC3 in the database, skipped it
didn't find E9PRC8 in the database, skipped it
didn't find E9PRF4 in the database, skipped it
didn't find E9PRH4 in the database, skipped it
didn't find E9PRH9 in the database, skipped it
didn't find E9PRI6 in the database, skipped it
didn't find E9PRJ3 in the database, skipped it
didn't find E9PRJ8 in the database, skipped it
didn't find E9PRK3 in the database, skipped it
didn't find E9PRK5 in the database, skipped it
didn't find E9PRK8 in the database, skipped it
didn't find E9PRL0 in the database, skipped it
didn't find E9PRL3 in the database, skipped it
didn't find E9PRM4 in the database, skipped it
didn't find E9PRQ7 in the database, skipped it
didn't find E9PRS3 in the database, skipped it
didn't find E9PRS7 in the database, skipped it
didn't find E9PRS9 in the database, skipped it
didn't find E9PRT0 in the database, skipped it
didn't find E9PRU1 in the database, skipped it
didn't find E9PRU2 in the database, skipped it
didn't find E9PRU3 in the database, skipped it
didn't find E9PRV0 in the database, skipped it
didn't find E9PRV8 in the database, skipped it
didn't find E9PRW0 in the database, skipped it
didn't find E9PRW1 in the database, skipped it
didn't find E9PRW2 in the database, skipped it
didn't find E9PRW4 in the database, skipped it
didn't find E9PRX9 in the database, skipped it
didn't find E9PRZ0 in the database, skipped it
didn't find E9PRZ7 in the database, skipped it
didn't find E9PS00 in the database, skipped it
didn't find E9PS17 in the database, skipped it
didn't find E9PS23 in the database, skipped it
didn't find E9PS33 in the database, skipped it
didn't find E9PS41 in the database, skipped it
didn't find E9PS42 in the database, skipped it
didn't find E9PS48 in the database, skipped it
didn't find E9PS90 in the database, skipped it
didn't find E9PS93 in the database, skipped it
didn't find E9PS95 in the database, skipped it
didn't find E9PS97 in the database, skipped it
didn't find E9PS99 in the database, skipped it
didn't find E9PSA0 in the database, skipped it
didn't find E9PSA5 in the database, skipped it
didn't find E9PSA8 in the database, skipped it
didn't find E9PSB8 in the database, skipped it
didn't find E9PSB9 in the database, skipped it
didn't find E9PSC3 in the database, skipped it
didn't find E9PSC7 in the database, skipped it
didn't find E9PSD6 in the database, skipped it
didn't find E9PSE5 in the database, skipped it
didn't find E9PSF1 in the database, skipped it
didn't find E9PSF2 in the database, skipped it
didn't find E9PSF3 in the database, skipped it
didn't find E9PSF4 in the database, skipped it
didn't find E9PSG5 in the database, skipped it
didn't find E9PSH4 in the database, skipped it
didn't find E9PSH7 in the database, skipped it
didn't find E9PSI0 in the database, skipped it
didn't find F1DAL2 in the database, skipped it
didn't find F1DAL7 in the database, skipped it
didn't find F1DAL9 in the database, skipped it
didn't find F1T0D2 in the database, skipped it
didn't find F1T0D3 in the database, skipped it
didn't find F1T0D4 in the database, skipped it
didn't find F1T0D7 in the database, skipped it
didn't find F1T0E5 in the database, skipped it
didn't find F1T0I1 in the database, skipped it
didn't find F1T0K3 in the database, skipped it
didn't find F2Z296 in the database, skipped it
didn't find F2Z2A4 in the database, skipped it
didn't find F2Z2A5 in the database, skipped it
didn't find F2Z2B1 in the database, skipped it
didn't find F2Z2B7 in the database, skipped it
didn't find F2Z2B9 in the database, skipped it
didn't find F2Z2C6 in the database, skipped it
didn't find F2Z2C8 in the database, skipped it
didn't find F2Z2E0 in the database, skipped it
didn't find F2Z2E3 in the database, skipped it
didn't find F2Z2F1 in the database, skipped it
didn't find F2Z2H9 in the database, skipped it
didn't find F2Z2I2 in the database, skipped it
didn't find F2Z2I4 in the database, skipped it
didn't find F2Z2K8 in the database, skipped it
didn't find F2Z2L2 in the database, skipped it
didn't find F2Z2L7 in the database, skipped it
didn't find F2Z2M7 in the database, skipped it
didn't find F2Z2N6 in the database, skipped it
didn't find F2Z2P5 in the database, skipped it
didn't find F2Z2S5 in the database, skipped it
didn't find F2Z2U4 in the database, skipped it
didn't find F2Z2V0 in the database, skipped it
didn't find F2Z2V8 in the database, skipped it
didn't find F2Z2X0 in the database, skipped it
didn't find F2Z2Y6 in the database, skipped it
didn't find F2Z2Z6 in the database, skipped it
didn't find F2Z307 in the database, skipped it
didn't find F2Z309 in the database, skipped it
didn't find F2Z314 in the database, skipped it
didn't find F2Z328 in the database, skipped it
didn't find F2Z329 in the database, skipped it
didn't find F2Z337 in the database, skipped it
didn't find F2Z355 in the database, skipped it
didn't find F2Z371 in the database, skipped it
didn't find F2Z388 in the database, skipped it
didn't find F2Z390 in the database, skipped it
didn't find F2Z393 in the database, skipped it
didn't find F2Z3C0 in the database, skipped it
didn't find F2Z3C5 in the database, skipped it
didn't find F2Z3D1 in the database, skipped it
didn't find F2Z3N3 in the database, skipped it
didn't find F2Z3P9 in the database, skipped it
didn't find F5GWA4 in the database, skipped it
didn't find F5GWA7 in the database, skipped it
didn't find F5GWD3 in the database, skipped it
didn't find F5GWE9 in the database, skipped it
didn't find F5GWF6 in the database, skipped it
didn't find F5GWG3 in the database, skipped it
didn't find F5GWH5 in the database, skipped it
didn't find F5GWH8 in the database, skipped it
didn't find F5GWI4 in the database, skipped it
didn't find F5GWI9 in the database, skipped it
didn't find F5GWL3 in the database, skipped it
didn't find F5GWN5 in the database, skipped it
didn't find F5GWR3 in the database, skipped it
didn't find F5GWS2 in the database, skipped it
didn't find F5GWT5 in the database, skipped it
didn't find F5GWV3 in the database, skipped it
didn't find F5GWV8 in the database, skipped it
didn't find F5GWX2 in the database, skipped it
didn't find F5GX09 in the database, skipped it
didn't find F5GX11 in the database, skipped it
didn't find F5GX24 in the database, skipped it
didn't find F5GX29 in the database, skipped it
didn't find F5GX30 in the database, skipped it
didn't find F5GX32 in the database, skipped it
didn't find F5GX35 in the database, skipped it
didn't find F5GX39 in the database, skipped it
didn't find F5GX45 in the database, skipped it
didn't find F5GX48 in the database, skipped it
didn't find F5GX75 in the database, skipped it
didn't find F5GX87 in the database, skipped it
didn't find F5GX88 in the database, skipped it
didn't find F5GX96 in the database, skipped it
didn't find F5GXC0 in the database, skipped it
didn't find F5GXC4 in the database, skipped it
didn't find F5GXE4 in the database, skipped it
didn't find F5GXF5 in the database, skipped it
didn't find F5GXG4 in the database, skipped it
didn't find F5GXG6 in the database, skipped it
didn't find F5GXI7 in the database, skipped it
didn't find F5GXJ8 in the database, skipped it
didn't find F5GXJ9 in the database, skipped it
didn't find F5GXL4 in the database, skipped it
didn't find F5GXL6 in the database, skipped it
didn't find F5GXM3 in the database, skipped it
didn't find F5GXQ5 in the database, skipped it
didn't find F5GXS0 in the database, skipped it
didn't find F5GXS2 in the database, skipped it
didn't find F5GXT1 in the database, skipped it
didn't find F5GXU9 in the database, skipped it
didn't find F5GXW5 in the database, skipped it
didn't find F5GXX5 in the database, skipped it
didn't find F5GXZ7 in the database, skipped it
didn't find F5GXZ9 in the database, skipped it
didn't find F5GY10 in the database, skipped it
didn't find F5GY33 in the database, skipped it
didn't find F5GY37 in the database, skipped it
didn't find F5GY38 in the database, skipped it
didn't find F5GY40 in the database, skipped it
didn't find F5GY51 in the database, skipped it
didn't find F5GY68 in the database, skipped it
didn't find F5GY90 in the database, skipped it
didn't find F5GYA2 in the database, skipped it
didn't find F5GYE9 in the database, skipped it
didn't find F5GYF7 in the database, skipped it
didn't find F5GYF8 in the database, skipped it
didn't find F5GYG5 in the database, skipped it
didn't find F5GYH1 in the database, skipped it
didn't find F5GYJ5 in the database, skipped it
didn't find F5GYJ8 in the database, skipped it
didn't find F5GYK7 in the database, skipped it
didn't find F5GYL3 in the database, skipped it
didn't find F5GYM2 in the database, skipped it
didn't find F5GYN4 in the database, skipped it
didn't find F5GYN7 in the database, skipped it
didn't find F5GYQ1 in the database, skipped it
didn't find F5GYR1 in the database, skipped it
didn't find F5GYR3 in the database, skipped it
didn't find F5GYS8 in the database, skipped it
didn't find F5GYT3 in the database, skipped it
didn't find F5GYU8 in the database, skipped it
didn't find F5GYV5 in the database, skipped it
didn't find F5GYW6 in the database, skipped it
didn't find F5GYX3 in the database, skipped it
didn't find F5GYX7 in the database, skipped it
didn't find F5GYY5 in the database, skipped it
didn't find F5GZ10 in the database, skipped it
didn't find F5GZ11 in the database, skipped it
didn't find F5GZ20 in the database, skipped it
didn't find F5GZ36 in the database, skipped it
didn't find F5GZ74 in the database, skipped it
didn't find F5GZ78 in the database, skipped it
didn't find F5GZ90 in the database, skipped it
didn't find F5GZ97 in the database, skipped it
didn't find F5GZE6 in the database, skipped it
didn't find F5GZF0 in the database, skipped it
didn't find F5GZF8 in the database, skipped it
didn't find F5GZG6 in the database, skipped it
didn't find F5GZG9 in the database, skipped it
didn't find F5GZH1 in the database, skipped it
didn't find F5GZI2 in the database, skipped it
didn't find F5GZK3 in the database, skipped it
didn't find F5GZP6 in the database, skipped it
didn't find F5GZR7 in the database, skipped it
didn't find F5GZS6 in the database, skipped it
didn't find F5GZS7 in the database, skipped it
didn't find F5GZV7 in the database, skipped it
didn't find F5GZY7 in the database, skipped it
didn't find F5GZZ5 in the database, skipped it
didn't find F5GZZ6 in the database, skipped it
didn't find F5GZZ9 in the database, skipped it
didn't find F5H001 in the database, skipped it
didn't find F5H005 in the database, skipped it
didn't find F5H008 in the database, skipped it
didn't find F5H013 in the database, skipped it
didn't find F5H018 in the database, skipped it
didn't find F5H034 in the database, skipped it
didn't find F5H047 in the database, skipped it
didn't find F5H049 in the database, skipped it
didn't find F5H053 in the database, skipped it
didn't find F5H061 in the database, skipped it
didn't find F5H081 in the database, skipped it
didn't find F5H092 in the database, skipped it
didn't find F5H0C5 in the database, skipped it
didn't find F5H0C6 in the database, skipped it
didn't find F5H0C8 in the database, skipped it
didn't find F5H0D0 in the database, skipped it
didn't find F5H0D2 in the database, skipped it
didn't find F5H0E3 in the database, skipped it
didn't find F5H0F9 in the database, skipped it
didn't find F5H0I3 in the database, skipped it
didn't find F5H0I7 in the database, skipped it
didn't find F5H0K0 in the database, skipped it
didn't find F5H0M1 in the database, skipped it
didn't find F5H0M4 in the database, skipped it
didn't find F5H0N4 in the database, skipped it
didn't find F5H0P4 in the database, skipped it
didn't find F5H0P5 in the database, skipped it
didn't find F5H0Q6 in the database, skipped it
didn't find F5H0S1 in the database, skipped it
didn't find F5H0U5 in the database, skipped it
didn't find F5H0U9 in the database, skipped it
didn't find F5H0V4 in the database, skipped it
didn't find F5H0W7 in the database, skipped it
didn't find F5H107 in the database, skipped it
didn't find F5H115 in the database, skipped it
didn't find F5H142 in the database, skipped it
didn't find F5H155 in the database, skipped it
didn't find F5H199 in the database, skipped it
didn't find F5H1B0 in the database, skipped it
didn't find F5H1C8 in the database, skipped it
didn't find F5H1F6 in the database, skipped it
didn't find F5H1K9 in the database, skipped it
didn't find F5H1N9 in the database, skipped it
didn't find F5H1R4 in the database, skipped it
didn't find F5H1S1 in the database, skipped it
didn't find F5H1S9 in the database, skipped it
didn't find F5H1T6 in the database, skipped it
didn't find F5H1T8 in the database, skipped it
didn't find F5H1U3 in the database, skipped it
didn't find F5H209 in the database, skipped it
didn't find F5H226 in the database, skipped it
didn't find F5H232 in the database, skipped it
didn't find F5H240 in the database, skipped it
didn't find F5H248 in the database, skipped it
didn't find F5H251 in the database, skipped it
didn't find F5H252 in the database, skipped it
didn't find F5H277 in the database, skipped it
didn't find F5H285 in the database, skipped it
didn't find F5H2A4 in the database, skipped it
didn't find F5H2B9 in the database, skipped it
didn't find F5H2C2 in the database, skipped it
didn't find F5H2D2 in the database, skipped it
didn't find F5H2D7 in the database, skipped it
didn't find F5H2E7 in the database, skipped it


uniprot id 1	entrez gene id 1	gene name 1	uniprot id 2	entrez gene id 2	gene name 2	score
CA233_HUMAN	643988	FNDC10	KPCD2_HUMAN	25865	PRKD2	0.63
CA233_HUMAN	643988	FNDC10	DX39A_HUMAN	10212	DDX39A	0.63
