didn't find Q5TDE6 in the database, skipped it
didn't find Q5TDE7 in the database, skipped it
didn't find Q5TDE8 in the database, skipped it
didn't find Q5TDF0 in the database, skipped it
didn't find Q5TDG6 in the database, skipped it
didn't find Q5TDI7 in the database, skipped it
didn't find Q5TDX8 in the database, skipped it
didn't find Q5TDX9 in the database, skipped it
didn't find Q5TE58 in the database, skipped it
didn't find Q5TE61 in the database, skipped it
didn't find Q5TED7 in the database, skipped it
didn't find Q5TEJ0 in the database, skipped it
didn't find Q5TEJ7 in the database, skipped it
didn't find Q5TEK2 in the database, skipped it
didn't find Q5TEV0 in the database, skipped it
didn't find Q5TF43 in the database, skipped it
didn't find Q5TF45 in the database, skipped it
didn't find Q5TF55 in the database, skipped it
didn't find Q5TF93 in the database, skipped it
didn't find Q5TF96 in the database, skipped it
didn't find Q5TF97 in the database, skipped it
didn't find Q5TF98 in the database, skipped it
didn't find Q5TFA5 in the database, skipped it
didn't find Q5TFJ7 in the database, skipped it
didn't find Q5TFM2 in the database, skipped it
didn't find Q5TFQ5 in the database, skipped it
didn't find Q5TG36 in the database, skipped it
didn't find Q5TG37 in the database, skipped it
didn't find Q5TG38 in the database, skipped it
didn't find Q5TG39 in the database, skipped it
didn't find Q5TG59 in the database, skipped it
didn't find Q5TG78 in the database, skipped it
didn't find Q5TG81 in the database, skipped it
didn't find Q5TG84 in the database, skipped it
didn't find Q5TGA6 in the database, skipped it
didn't find Q5TGB0 in the database, skipped it
didn't find Q5TGE2 in the database, skipped it
didn't find Q5TGM7 in the database, skipped it
didn't find Q5TH07 in the database, skipped it
didn't find Q5TH08 in the database, skipped it
didn't find Q5TH12 in the database, skipped it
didn't find Q5TH29 in the database, skipped it
didn't find Q5TH30 in the database, skipped it
didn't find Q5TH61 in the database, skipped it
didn't find Q5TH77 in the database, skipped it
didn't find Q5THA1 in the database, skipped it
didn't find Q5THN1 in the database, skipped it
didn't find Q5THQ7 in the database, skipped it
didn't find Q5THS9 in the database, skipped it
didn't find Q5TI78 in the database, skipped it
didn't find Q5TIJ2 in the database, skipped it
didn't find Q5TYM6 in the database, skipped it
didn't find Q5UCD8 in the database, skipped it
didn't find Q5UCD9 in the database, skipped it
didn't find Q5UCE1 in the database, skipped it
didn't find Q5VSJ7 in the database, skipped it
didn't find Q5VT36 in the database, skipped it
didn't find Q5VT37 in the database, skipped it
didn't find Q5VT61 in the database, skipped it
didn't find Q5VTI5 in the database, skipped it
didn't find Q5VTS0 in the database, skipped it
didn't find Q5VTS2 in the database, skipped it
didn't find Q5VTS8 in the database, skipped it
didn't find Q5VTW1 in the database, skipped it
didn't find Q5VTX9 in the database, skipped it
didn't find Q5VU10 in the database, skipped it
didn't find Q5VU11 in the database, skipped it
didn't find Q5VU61 in the database, skipped it
didn't find Q5VU77 in the database, skipped it
didn't find Q5VU78 in the database, skipped it
didn't find Q5VU79 in the database, skipped it
didn't find Q5VU80 in the database, skipped it
didn't find Q5VU81 in the database, skipped it
didn't find Q5VUC1 in the database, skipped it
didn't find Q5VUC3 in the database, skipped it
didn't find Q5VUC9 in the database, skipped it
didn't find Q5VUY5 in the database, skipped it
didn't find Q5VV23 in the database, skipped it
didn't find Q5VV50 in the database, skipped it
didn't find Q5VV51 in the database, skipped it
didn't find Q5VV87 in the database, skipped it
didn't find Q5VV89 in the database, skipped it
didn't find Q5VVD3 in the database, skipped it
didn't find Q5VVE8 in the database, skipped it
didn't find Q5VVF0 in the database, skipped it
didn't find Q5VVF8 in the database, skipped it
didn't find Q5VVH9 in the database, skipped it
didn't find Q5VVM2 in the database, skipped it
didn't find Q5VVM3 in the database, skipped it
didn't find Q5VVQ7 in the database, skipped it
didn't find Q5VVR5 in the database, skipped it
didn't find Q5VVV3 in the database, skipped it
didn't find Q5VVV4 in the database, skipped it
didn't find Q5VVV5 in the database, skipped it
didn't find Q5VVV6 in the database, skipped it
didn't find Q5VVV9 in the database, skipped it
didn't find Q5VVW0 in the database, skipped it
didn't find Q5VVW5 in the database, skipped it
didn't find Q5VVY4 in the database, skipped it
didn't find Q5VW31 in the database, skipped it
didn't find Q5VW33 in the database, skipped it
didn't find Q5VW43 in the database, skipped it
didn't find Q5VWA0 in the database, skipped it
didn't find Q5VWH5 in the database, skipped it
didn't find Q5VWH6 in the database, skipped it
didn't find Q5VWJ6 in the database, skipped it
didn't find Q5VWT9 in the database, skipped it
didn't find Q5VWU8 in the database, skipped it
didn't find Q5VX67 in the database, skipped it
didn't find Q5VXA5 in the database, skipped it
didn't find Q5VXC0 in the database, skipped it
didn't find Q5VXG6 in the database, skipped it
didn't find Q5VXI4 in the database, skipped it
didn't find Q5VXJ5 in the database, skipped it
didn't find Q5VXM9 in the database, skipped it
didn't find Q5VXQ9 in the database, skipped it
didn't find Q5VXR0 in the database, skipped it
didn't find Q5VY60 in the database, skipped it
didn't find Q5VYB9 in the database, skipped it
didn't find Q5VYD0 in the database, skipped it
didn't find Q5VYI1 in the database, skipped it
didn't find Q5VYS9 in the database, skipped it
didn't find Q5VYT0 in the database, skipped it
didn't find Q5VYW8 in the database, skipped it
didn't find Q5VZ88 in the database, skipped it
didn't find Q5VZB4 in the database, skipped it
didn't find Q5VZD9 in the database, skipped it
didn't find Q5VZE7 in the database, skipped it
didn't find Q5VZJ2 in the database, skipped it
didn't find Q5VZL8 in the database, skipped it
didn't find Q5VZN3 in the database, skipped it
didn't find Q5VZR0 in the database, skipped it
didn't find Q5VZT6 in the database, skipped it
didn't find Q5VZU2 in the database, skipped it
didn't find Q5W010 in the database, skipped it
didn't find Q5W011 in the database, skipped it
didn't find Q5W012 in the database, skipped it
didn't find Q5W026 in the database, skipped it
didn't find Q5W050 in the database, skipped it
didn't find Q5W075 in the database, skipped it
didn't find Q5W0C6 in the database, skipped it
didn't find Q5W0C9 in the database, skipped it
didn't find Q5W0F9 in the database, skipped it
didn't find Q5W0G0 in the database, skipped it
didn't find Q5W0J6 in the database, skipped it
didn't find Q5W0J8 in the database, skipped it
didn't find Q5W0S4 in the database, skipped it
didn't find Q5W0S5 in the database, skipped it
didn't find Q5W0V1 in the database, skipped it
didn't find Q5W0V4 in the database, skipped it
didn't find Q5W0W2 in the database, skipped it
didn't find Q5W0W3 in the database, skipped it
didn't find Q5W0X3 in the database, skipped it
didn't find Q5W0Z5 in the database, skipped it
didn't find Q5W125 in the database, skipped it
didn't find Q5W133 in the database, skipped it
didn't find Q5W149 in the database, skipped it
didn't find Q5W197 in the database, skipped it
didn't find Q5W1L7 in the database, skipped it
didn't find Q5XG96 in the database, skipped it
didn't find Q5XKG2 in the database, skipped it
didn't find Q658J9 in the database, skipped it
didn't find Q672R2 in the database, skipped it
didn't find Q67C41 in the database, skipped it
didn't find Q689E2 in the database, skipped it
didn't find Q68CT8 in the database, skipped it
didn't find Q68CV6 in the database, skipped it
didn't find Q68CX2 in the database, skipped it
didn't find Q68CY6 in the database, skipped it
didn't find Q68D72 in the database, skipped it
didn't find Q68D78 in the database, skipped it
didn't find Q68D90 in the database, skipped it
didn't find Q68D95 in the database, skipped it
didn't find Q68DC0 in the database, skipped it
didn't find Q68DC6 in the database, skipped it
didn't find Q68DL0 in the database, skipped it
didn't find Q68DM5 in the database, skipped it
didn't find Q68DR9 in the database, skipped it
didn't find Q68DU7 in the database, skipped it
didn't find Q68DU9 in the database, skipped it
didn't find Q68DW6 in the database, skipped it
didn't find Q68DZ5 in the database, skipped it
didn't find Q69YM1 in the database, skipped it
didn't find Q6AHZ8 in the database, skipped it
didn't find Q6AI25 in the database, skipped it
didn't find Q6DTY1 in the database, skipped it
didn't find Q6FGH4 in the database, skipped it
didn't find Q6GMT1 in the database, skipped it
didn't find Q6GPI0 in the database, skipped it
didn't find Q6GQY8 in the database, skipped it
didn't find Q6GZ69 in the database, skipped it
didn't find Q6GZ70 in the database, skipped it
didn't find Q6GZ72 in the database, skipped it
didn't find Q6GZ81 in the database, skipped it
didn't find Q6H2F6 in the database, skipped it
didn't find Q6H2G1 in the database, skipped it
didn't find Q6H2G3 in the database, skipped it
didn't find Q6H2H2 in the database, skipped it
didn't find Q6H9J7 in the database, skipped it
didn't find Q6ICH2 in the database, skipped it
didn't find Q6IMJ6 in the database, skipped it
didn't find Q6IPX4 in the database, skipped it
didn't find Q6IQ01 in the database, skipped it
didn't find Q6IQ42 in the database, skipped it
didn't find Q6IX74 in the database, skipped it
didn't find Q6J334 in the database, skipped it
didn't find Q6JHZ5 in the database, skipped it
didn't find Q6JV79 in the database, skipped it
didn't find Q6L980 in the database, skipped it
didn't find Q6L981 in the database, skipped it
didn't find Q6L982 in the database, skipped it
didn't find Q6L983 in the database, skipped it
didn't find Q6LCR0 in the database, skipped it
didn't find Q6LCT9 in the database, skipped it
didn't find Q6LCZ7 in the database, skipped it
didn't find Q6LET9 in the database, skipped it
didn't find Q6MZF5 in the database, skipped it
didn't find Q6MZR2 in the database, skipped it
didn't find Q6N017 in the database, skipped it
didn't find Q6N065 in the database, skipped it
didn't find Q6NSB6 in the database, skipped it
didn't find Q6NSD3 in the database, skipped it
didn't find Q6NVB9 in the database, skipped it
didn't find Q6NVH2 in the database, skipped it
didn't find Q6NVZ8 in the database, skipped it
didn't find Q6NX70 in the database, skipped it
didn't find Q6P090 in the database, skipped it
didn't find Q6P0N6 in the database, skipped it
didn't find Q6P1M8 in the database, skipped it
didn't find Q6P1N7 in the database, skipped it
didn't find Q6P393 in the database, skipped it
didn't find Q6P493 in the database, skipped it
didn't find Q6P4D7 in the database, skipped it
didn't find Q6P4E4 in the database, skipped it
didn't find Q6P4H7 in the database, skipped it
didn't find Q6P521 in the database, skipped it
didn't find Q6P5Q6 in the database, skipped it
didn't find Q6P5W7 in the database, skipped it
didn't find Q6P7P1 in the database, skipped it
didn't find Q6PDA5 in the database, skipped it
didn't find Q6PIF1 in the database, skipped it
didn't find Q6PIP6 in the database, skipped it
didn't find Q6PJ65 in the database, skipped it
didn't find Q6PJ80 in the database, skipped it
didn't find Q6PJ89 in the database, skipped it
didn't find Q6PJR4 in the database, skipped it
didn't find Q6PK32 in the database, skipped it
didn't find Q6PL43 in the database, skipped it
didn't find Q6QJ80 in the database, skipped it
didn't find Q6QLN7 in the database, skipped it
didn't find Q6R954 in the database, skipped it
didn't find Q6T5J5 in the database, skipped it
didn't find Q6T774 in the database, skipped it
didn't find Q6UWF4 in the database, skipped it
didn't find Q6WN33 in the database, skipped it
didn't find Q6XYB5 in the database, skipped it
didn't find Q6XYD6 in the database, skipped it
didn't find Q6Y8G5 in the database, skipped it
didn't find Q6YL49 in the database, skipped it
didn't find Q6ZMD1 in the database, skipped it
didn't find Q6ZPB1 in the database, skipped it
didn't find Q6ZQX6 in the database, skipped it
didn't find Q6ZR19 in the database, skipped it
didn't find Q6ZR64 in the database, skipped it
didn't find Q6ZRQ1 in the database, skipped it
didn't find Q6ZSL4 in the database, skipped it
didn't find Q6ZSL5 in the database, skipped it
didn't find Q6ZSX4 in the database, skipped it
didn't find Q6ZTR6 in the database, skipped it
didn't find Q6ZW97 in the database, skipped it
didn't find Q6ZWE5 in the database, skipped it
didn't find Q708E3 in the database, skipped it
didn't find Q708E6 in the database, skipped it
didn't find Q709A9 in the database, skipped it
didn't find Q70SM2 in the database, skipped it
didn't find Q70T24 in the database, skipped it
didn't find Q71QC5 in the database, skipped it
didn't find Q71QC9 in the database, skipped it
didn't find Q71RC1 in the database, skipped it
didn't find Q75MD7 in the database, skipped it
didn't find Q75MG1 in the database, skipped it
didn't find Q75MZ5 in the database, skipped it
didn't find Q76EI7 in the database, skipped it
didn't find Q76H82 in the database, skipped it
didn't find Q7KZJ0 in the database, skipped it
didn't find Q7LBD2 in the database, skipped it
didn't find Q7M4M2 in the database, skipped it
didn't find Q7Z2R1 in the database, skipped it
didn't find Q7Z3A0 in the database, skipped it
didn't find Q7Z3E4 in the database, skipped it
didn't find Q7Z3H3 in the database, skipped it
didn't find Q7Z3I4 in the database, skipped it
didn't find Q7Z3N0 in the database, skipped it
didn't find Q7Z430 in the database, skipped it
didn't find Q7Z4H2 in the database, skipped it
didn't find Q7Z4M1 in the database, skipped it
didn't find Q7Z4P9 in the database, skipped it
didn't find Q7Z4Q8 in the database, skipped it
didn't find Q7Z536 in the database, skipped it
didn't find Q7Z5T0 in the database, skipped it
didn't find Q7Z663 in the database, skipped it
didn't find Q7Z674 in the database, skipped it
didn't find Q7Z6E1 in the database, skipped it
didn't find Q7Z6P5 in the database, skipped it
didn't find Q7Z6Q0 in the database, skipped it
didn't find Q7Z6S4 in the database, skipped it
didn't find Q7Z6T9 in the database, skipped it
didn't find Q7Z6U0 in the database, skipped it
didn't find Q7Z6U1 in the database, skipped it
didn't find Q7Z750 in the database, skipped it
didn't find Q7Z761 in the database, skipped it
didn't find Q7Z773 in the database, skipped it
didn't find Q7Z776 in the database, skipped it
didn't find Q7Z782 in the database, skipped it
didn't find Q7Z7K9 in the database, skipped it
didn't find Q86SF0 in the database, skipped it
didn't find Q86SY2 in the database, skipped it
didn't find Q86TZ5 in the database, skipped it
didn't find Q86U25 in the database, skipped it
didn't find Q86V93 in the database, skipped it
didn't find Q86VH3 in the database, skipped it
didn't find Q86VI7 in the database, skipped it
didn't find Q86W51 in the database, skipped it
didn't find Q86W71 in the database, skipped it
didn't find Q86X71 in the database, skipped it
didn't find Q86X91 in the database, skipped it
didn't find Q86XC5 in the database, skipped it
didn't find Q86YL8 in the database, skipped it
didn't find Q86YM6 in the database, skipped it
didn't find Q8IU65 in the database, skipped it
didn't find Q8IUN7 in the database, skipped it
didn't find Q8IUW1 in the database, skipped it
didn't find Q8IV91 in the database, skipped it
didn't find Q8IV92 in the database, skipped it
didn't find Q8IVS5 in the database, skipped it
didn't find Q8IWM3 in the database, skipped it
didn't find Q8IWU1 in the database, skipped it
didn't find Q8IXH0 in the database, skipped it
didn't find Q8IXN4 in the database, skipped it


uniprot id 1	entrez gene id 1	gene name 1	uniprot id 2	entrez gene id 2	gene name 2	score
CI040_HUMAN	55071	C9orf40	LPPR2_HUMAN	64748	PLPPR2	0.83
CI040_HUMAN	55071	C9orf40	DNJB8_HUMAN	165721	DNAJB8	0.83
CI040_HUMAN	55071	C9orf40	TCAL1_HUMAN	9338	TCEAL1	0.83
FA78B_HUMAN	149297	FAM78B	VP13C_HUMAN	54832	VPS13C	0.82
CI040_HUMAN	55071	C9orf40	PLOD1_HUMAN	5351	PLOD1	0.82
CI040_HUMAN	55071	C9orf40	MGRN1_HUMAN	23295	MGRN1	0.82
FA78B_HUMAN	149297	FAM78B	RS27A_HUMAN	6233	RPS27A	0.82
FA78B_HUMAN	149297	FAM78B	AN13D_HUMAN	338692	ANKRD13D	0.82
FA78B_HUMAN	149297	FAM78B	MD2L2_HUMAN	10459	MAD2L2	0.82
CR063_HUMAN	644041	C18orf63	MTA70_HUMAN	56339	METTL3	0.72
LEKR1_HUMAN	389170	LEKR1	TRIPB_HUMAN	9321	TRIP11	0.72
FA78B_HUMAN	149297	FAM78B	FRYL_HUMAN	285527	FRYL	0.72
CV042_HUMAN	150297	C22orf42	H11_HUMAN	3024	HIST1H1A	0.72
CR063_HUMAN	644041	C18orf63	MET14_HUMAN	57721	METTL14	0.72
CR063_HUMAN	644041	C18orf63	FL2D_HUMAN	9589	WTAP	0.72
LEKR1_HUMAN	389170	LEKR1	RALY_HUMAN	22913	RALY	0.72
CA053_HUMAN	388722	C1orf53	DCXR_HUMAN	51181	DCXR	0.63
CI040_HUMAN	55071	C9orf40	XPO1_HUMAN	7514	XPO1	0.63
CV042_HUMAN	150297	C22orf42	AN13A_HUMAN	88455	ANKRD13A	0.63
R216L_HUMAN	441191	RNF216P1	RL40_HUMAN	7311	UBA52	0.63
CB066_HUMAN	401027	C2orf66	EFCB2_HUMAN	84288	EFCAB2	0.63
CV042_HUMAN	150297	C22orf42	EPHA5_HUMAN	2044	EPHA5	0.63
LEKR1_HUMAN	389170	LEKR1	EZH2_HUMAN	2146	EZH2	0.63
CA053_HUMAN	388722	C1orf53	HINT1_HUMAN	3094	HINT1	0.63
CI040_HUMAN	55071	C9orf40	LONF2_HUMAN	164832	LONRF2	0.63
CV042_HUMAN	150297	C22orf42	AN13D_HUMAN	338692	ANKRD13D	0.63
R216L_HUMAN	441191	RNF216P1	MOV10_HUMAN	4343	MOV10	0.63
CB046_HUMAN	339789	LINC00299	GCR_HUMAN	2908	NR3C1	0.63
CI040_HUMAN	55071	C9orf40	EPDR1_HUMAN	54749	EPDR1	0.63
CI040_HUMAN	55071	C9orf40	HS71B_HUMAN	3303, 3304	HSPA1A, HSPA1B	0.63
CV042_HUMAN	150297	C22orf42	GNPTA_HUMAN	79158	GNPTAB	0.63
R216L_HUMAN	441191	RNF216P1	NXF1_HUMAN	10482	NXF1	0.63
CF163_HUMAN	206412	C6orf163	FXL13_HUMAN	222235	FBXL13	0.63
CI040_HUMAN	55071	C9orf40	COPRS_HUMAN	55352	COPRS	0.63
CI040_HUMAN	55071	C9orf40	CALL3_HUMAN	810	CALML3	0.63
CV042_HUMAN	150297	C22orf42	CERK1_HUMAN	64781	CERK	0.63
R216L_HUMAN	441191	RNF216P1	TRI25_HUMAN	7706	TRIM25	0.63
CI040_HUMAN	55071	C9orf40	BGAL_HUMAN	2720	GLB1	0.63
CI040_HUMAN	55071	C9orf40	CALM_HUMAN	801, 805, 808	CALM1, CALM2, CALM3	0.63
CV042_HUMAN	150297	C22orf42	WDR44_HUMAN	54521	WDR44	0.63
YD022_HUMAN			TAU_HUMAN	4137	MAPT	0.63
CI040_HUMAN	55071	C9orf40	IMA3_HUMAN	3840	KPNA4	0.63
CI040_HUMAN	55071	C9orf40	RN152_HUMAN	220441	RNF152	0.63
YL023_HUMAN	100291250, 100293703	LINC00173, LINC00173	DHX9_HUMAN	1660	DHX9	0.63
CI040_HUMAN	55071	C9orf40	GLYM_HUMAN	6472	SHMT2	0.63
CI040_HUMAN	55071	C9orf40	PPGB_HUMAN	5476	CTSA	0.63
CN070_HUMAN	283601	LINC00523	CUL9_HUMAN	23113	CUL9	0.63
CR063_HUMAN	644041	C18orf63	JUN_HUMAN	3725	JUN	0.63
CV042_HUMAN	150297	C22orf42	SEP14_HUMAN	346288	SEPT14	0.63
CI040_HUMAN	55071	C9orf40	MOV10_HUMAN	4343	MOV10	0.63
CV042_HUMAN	150297	C22orf42	GNPTG_HUMAN	84572	GNPTG	0.63
LEKR1_HUMAN	389170	LEKR1	NTRK1_HUMAN	4914	NTRK1	0.63
CI040_HUMAN	55071	C9orf40	NXF1_HUMAN	10482	NXF1	0.63
CV042_HUMAN	150297	C22orf42	NB5R3_HUMAN	1727	CYB5R3	0.63
