didn't find A0A8I5KX82 in the database, skipped it
didn't find A0A8I5KXC3 in the database, skipped it
didn't find A0A8I5KXD7 in the database, skipped it
didn't find A0A8I5KXH7 in the database, skipped it
didn't find A0A8I5KXR3 in the database, skipped it
didn't find A0A8I5KXU4 in the database, skipped it
didn't find A0A8I5KXW3 in the database, skipped it
didn't find A0A8I5KYC4 in the database, skipped it
didn't find A0A8I5KYI5 in the database, skipped it
didn't find A0A8I5KYI8 in the database, skipped it
didn't find A0A8I5KYW1 in the database, skipped it
didn't find A0A8I5KYY7 in the database, skipped it
didn't find A0A8I5KYZ4 in the database, skipped it
didn't find A0A8I5KZB7 in the database, skipped it
didn't find A0A8I5QJE7 in the database, skipped it
didn't find A0A8I5QJG2 in the database, skipped it
didn't find A0A8I5QJJ5 in the database, skipped it
didn't find A0A8I5QJU2 in the database, skipped it
didn't find A0A8I5QJV3 in the database, skipped it
didn't find A0A8I5QKL1 in the database, skipped it
didn't find A0A8I5QKL9 in the database, skipped it
didn't find A0A8I5QKM3 in the database, skipped it
didn't find A0A8I5QKQ5 in the database, skipped it
didn't find A0A8I5QKQ8 in the database, skipped it
didn't find A0A8I5QKU8 in the database, skipped it
didn't find A0A8I5QKZ6 in the database, skipped it
didn't find A0A8I5QL06 in the database, skipped it
didn't find A0A8I5QL35 in the database, skipped it
didn't find A0A8I5QL41 in the database, skipped it
didn't find A0A8I5QL42 in the database, skipped it
didn't find A0A8J8YUT9 in the database, skipped it
didn't find A0A8J8YV97 in the database, skipped it
didn't find A0A8J8YVX4 in the database, skipped it
didn't find A0A8J8YX80 in the database, skipped it
didn't find A0A8J8Z1C3 in the database, skipped it
didn't find A0A8J8Z3C6 in the database, skipped it
didn't find A0A8J8Z831 in the database, skipped it
didn't find A0A8J8ZH50 in the database, skipped it
didn't find A0A8J9FJK1 in the database, skipped it
didn't find A0A8Q3SI37 in the database, skipped it
didn't find A0A8Q3SI39 in the database, skipped it
didn't find A0A8Q3SI43 in the database, skipped it
didn't find A0A8Q3SI60 in the database, skipped it
didn't find A0A8Q3SI88 in the database, skipped it
didn't find A0A8Q3SIN5 in the database, skipped it
didn't find A0A8Q3SIR6 in the database, skipped it
didn't find A0A8Q3SJI0 in the database, skipped it
didn't find A0A8Q3SJI5 in the database, skipped it
didn't find A0A8Q3WKM6 in the database, skipped it
didn't find A0A8Q3WKM9 in the database, skipped it
didn't find A0A8Q3WKN5 in the database, skipped it
didn't find A0A8Q3WKR8 in the database, skipped it
didn't find A0A8Q3WKT3 in the database, skipped it
didn't find A0A8Q3WL10 in the database, skipped it
didn't find A0A8Q3WL25 in the database, skipped it
didn't find A0A8Q3WL56 in the database, skipped it
didn't find A0A8Q3WL70 in the database, skipped it
didn't find A0A8Q3WLH8 in the database, skipped it
didn't find A0A8Q3WLI5 in the database, skipped it
didn't find A0A8Q3WLJ5 in the database, skipped it
didn't find A0A8Q3WLK1 in the database, skipped it
didn't find A0A8Q3WLL1 in the database, skipped it
didn't find A0A8Q3WM91 in the database, skipped it
didn't find A0A8V8TKP2 in the database, skipped it
didn't find A0A8V8TKR5 in the database, skipped it
didn't find A0A8V8TKS0 in the database, skipped it
didn't find A0A8V8TKT4 in the database, skipped it
didn't find A0A8V8TKT5 in the database, skipped it
didn't find A0A8V8TKX9 in the database, skipped it
didn't find A0A8V8TL50 in the database, skipped it
didn't find A0A8V8TL59 in the database, skipped it
didn't find A0A8V8TL86 in the database, skipped it
didn't find A0A8V8TLA7 in the database, skipped it
didn't find A0A8V8TLJ5 in the database, skipped it
didn't find A0A8V8TLK0 in the database, skipped it
didn't find A0A8V8TLL7 in the database, skipped it
didn't find A0A8V8TLM2 in the database, skipped it
didn't find A0A8V8TLQ3 in the database, skipped it
didn't find A0A8V8TLT8 in the database, skipped it
didn't find A0A8V8TM34 in the database, skipped it
didn't find A0A8V8TMA4 in the database, skipped it
didn't find A0A8V8TMH5 in the database, skipped it
didn't find A0A8V8TMH7 in the database, skipped it
didn't find A0A8V8TMH8 in the database, skipped it
didn't find A0A8V8TMM2 in the database, skipped it
didn't find A0A8V8TMY4 in the database, skipped it
didn't find A0A8V8TN24 in the database, skipped it
didn't find A0A8V8TN28 in the database, skipped it
didn't find A0A8V8TN33 in the database, skipped it
didn't find A0A8V8TN50 in the database, skipped it
didn't find A0A8V8TNB1 in the database, skipped it
didn't find A0A8V8TNC0 in the database, skipped it
didn't find A0A8V8TNC5 in the database, skipped it
didn't find A0A8V8TNH4 in the database, skipped it
didn't find A0A8V8TNL2 in the database, skipped it
didn't find A0A8V8TNU0 in the database, skipped it
didn't find A0A8V8TNW3 in the database, skipped it
didn't find A0A8V8TNZ9 in the database, skipped it
didn't find A0A8V8TP03 in the database, skipped it
didn't find A0A8V8TP20 in the database, skipped it
didn't find A0A8V8TP58 in the database, skipped it
didn't find A0A8V8TPE3 in the database, skipped it
didn't find A0A8V8TPH8 in the database, skipped it
didn't find A0A8V8TPJ0 in the database, skipped it
didn't find A0A8V8TPL0 in the database, skipped it
didn't find A0A8V8TPQ9 in the database, skipped it
didn't find A0A8V8TPS1 in the database, skipped it
didn't find A0A8V8TPY8 in the database, skipped it
didn't find A0A8V8TQ66 in the database, skipped it
didn't find A0A8V8TQ71 in the database, skipped it
didn't find A0A8V8TQC4 in the database, skipped it
didn't find A0A8V8TQF2 in the database, skipped it
didn't find A0A8V8TQH4 in the database, skipped it
didn't find A0A8V8TQH6 in the database, skipped it
didn't find A0A8V8TQQ7 in the database, skipped it
didn't find A0A8V8TQT5 in the database, skipped it
didn't find A0A8V8TQT9 in the database, skipped it
didn't find A0A8V8TR17 in the database, skipped it
didn't find A0A8V8TRD4 in the database, skipped it
didn't find A0A8V8TRG9 in the database, skipped it
didn't find A0A8V8TRH9 in the database, skipped it
didn't find A0A994J3G5 in the database, skipped it
didn't find A0A994J3M8 in the database, skipped it
didn't find A0A994J402 in the database, skipped it
didn't find A0A994J404 in the database, skipped it
didn't find A0A994J428 in the database, skipped it
didn't find A0A994J432 in the database, skipped it
didn't find A0A994J451 in the database, skipped it
didn't find A0A994J4A4 in the database, skipped it
didn't find A0A994J4E9 in the database, skipped it
didn't find A0A994J4G8 in the database, skipped it
didn't find A0A994J4J0 in the database, skipped it
didn't find A0A994J4J6 in the database, skipped it
didn't find A0A994J4P6 in the database, skipped it
didn't find A0A994J4Q0 in the database, skipped it
didn't find A0A994J4Q4 in the database, skipped it
didn't find A0A994J4S7 in the database, skipped it
didn't find A0A994J4U7 in the database, skipped it
didn't find A0A994J4U9 in the database, skipped it
didn't find A0A994J569 in the database, skipped it
didn't find A0A994J581 in the database, skipped it
didn't find A0A994J5M1 in the database, skipped it
didn't find A0A994J696 in the database, skipped it
didn't find A0A994J6F6 in the database, skipped it
didn't find A0A994J6J2 in the database, skipped it
didn't find A0A994J6J8 in the database, skipped it
didn't find A0A994J6L8 in the database, skipped it
didn't find A0A994J6R1 in the database, skipped it
didn't find A0A994J6R6 in the database, skipped it
didn't find A0A994J6T5 in the database, skipped it
didn't find A0A994J6U9 in the database, skipped it
didn't find A0A994J6Y8 in the database, skipped it
didn't find A0A994J731 in the database, skipped it
didn't find A0A994J738 in the database, skipped it
didn't find A0A994J749 in the database, skipped it
didn't find A0A994J753 in the database, skipped it
didn't find A0A994J755 in the database, skipped it
didn't find A0A994J758 in the database, skipped it
didn't find A0A994J761 in the database, skipped it
didn't find A0A994J782 in the database, skipped it
didn't find A0A994J795 in the database, skipped it
didn't find A0A994J7E1 in the database, skipped it
didn't find A0A994J7G2 in the database, skipped it
didn't find A0A994J7S4 in the database, skipped it
didn't find A0A994J7S7 in the database, skipped it
didn't find A0A994J847 in the database, skipped it
didn't find A0A9L9PWZ9 in the database, skipped it
didn't find A0A9L9PX81 in the database, skipped it
didn't find A0A9L9PXA1 in the database, skipped it
didn't find A0A9L9PXC5 in the database, skipped it
didn't find A0A9L9PXG8 in the database, skipped it
didn't find A0A9L9PXH6 in the database, skipped it
didn't find A0A9L9PXJ9 in the database, skipped it
didn't find A0A9L9PXL5 in the database, skipped it
didn't find A0A9L9PXL8 in the database, skipped it
didn't find A0A9L9PXN4 in the database, skipped it
didn't find A0A9L9PXP1 in the database, skipped it
didn't find A0A9L9PXR4 in the database, skipped it
didn't find A0A9L9PXR9 in the database, skipped it
didn't find A0A9L9PXT8 in the database, skipped it
didn't find A0A9L9PXW6 in the database, skipped it
didn't find A0A9L9PY29 in the database, skipped it
didn't find A0A9L9PY49 in the database, skipped it
didn't find A0A9L9PYA4 in the database, skipped it
didn't find A0A9L9PYA9 in the database, skipped it
didn't find A0A9L9PYB2 in the database, skipped it
didn't find A0A9L9PYB5 in the database, skipped it
didn't find A0A9L9PYJ9 in the database, skipped it
didn't find A0A9L9PYL0 in the database, skipped it
didn't find A0A9L9PYL6 in the database, skipped it
didn't find A0A9Y1QPT7 in the database, skipped it
didn't find A0AA34QVH0 in the database, skipped it
didn't find A0AA34QVH8 in the database, skipped it
didn't find A0AA34QVI8 in the database, skipped it
didn't find A0AA34QVS4 in the database, skipped it
didn't find A0AA34QVU5 in the database, skipped it
didn't find A0AA34QVX2 in the database, skipped it
didn't find A0AAG2T947 in the database, skipped it
didn't find A0AAG2TDQ3 in the database, skipped it
didn't find A0AAG2THM2 in the database, skipped it
didn't find A0AAG2TL40 in the database, skipped it
didn't find A0AAG2UVM1 in the database, skipped it
didn't find A0AAG2UWY5 in the database, skipped it
didn't find A0AAQ5BGI4 in the database, skipped it
didn't find A0AAQ5BGM0 in the database, skipped it
didn't find A0AAQ5BGN6 in the database, skipped it
didn't find A0AAQ5BGQ7 in the database, skipped it
didn't find A0AAQ5BGS5 in the database, skipped it
didn't find A0AAQ5BGS7 in the database, skipped it
didn't find A0AAQ5BGU7 in the database, skipped it
didn't find A0AAQ5BGX4 in the database, skipped it
didn't find A0AAQ5BGX9 in the database, skipped it
didn't find A0AAQ5BH46 in the database, skipped it
didn't find A0AAQ5BH58 in the database, skipped it
didn't find A0AAQ5BH72 in the database, skipped it
didn't find A0AAQ5BH73 in the database, skipped it
didn't find A0AAQ5BH76 in the database, skipped it
didn't find A0AAQ5BH81 in the database, skipped it
didn't find A0AAQ5BH88 in the database, skipped it
didn't find A0AAQ5BH89 in the database, skipped it
didn't find A0AAQ5BHB4 in the database, skipped it
didn't find A0AAQ5BHB8 in the database, skipped it
didn't find A0AAQ5BHC2 in the database, skipped it
didn't find A0AAQ5BHC9 in the database, skipped it
didn't find A0AAQ5BHD9 in the database, skipped it
didn't find A0AAQ5BHE2 in the database, skipped it
didn't find A0AAQ5BHE5 in the database, skipped it
didn't find A0AAQ5BHE6 in the database, skipped it
didn't find A0AAQ5BHJ7 in the database, skipped it
didn't find A0AAQ5BHK0 in the database, skipped it
didn't find A0AAQ5BHL0 in the database, skipped it
didn't find A0AAQ5BHL3 in the database, skipped it
didn't find A0AAQ5BHL4 in the database, skipped it
didn't find A0AAQ5BHM1 in the database, skipped it
didn't find A0AAQ5BHN8 in the database, skipped it
didn't find A0AAQ5BHS0 in the database, skipped it
didn't find A0AAQ5BHS4 in the database, skipped it
didn't find A0AAQ5BHU8 in the database, skipped it
didn't find A0AAQ5BHW9 in the database, skipped it
didn't find A0AAQ5BHX9 in the database, skipped it
didn't find A0JD32 in the database, skipped it
didn't find A0JD36 in the database, skipped it
didn't find A0JD37 in the database, skipped it
didn't find A1QJE5 in the database, skipped it
didn't find A2A2V1 in the database, skipped it
didn't find A2ACR0 in the database, skipped it
didn't find A2IDA3 in the database, skipped it
didn't find A2NJV5 in the database, skipped it
didn't find A4D2H0 in the database, skipped it
didn't find A6NCB9 in the database, skipped it
didn't find A6NEM5 in the database, skipped it
didn't find A6NF51 in the database, skipped it
didn't find A6NFV8 in the database, skipped it
didn't find A6NGW1 in the database, skipped it
didn't find A6NHG8 in the database, skipped it
didn't find A6NMQ1 in the database, skipped it
didn't find A6NMT1 in the database, skipped it
didn't find A6NNT0 in the database, skipped it
didn't find A6PVN5 in the database, skipped it
didn't find A6PVX1 in the database, skipped it
didn't find A6XND0 in the database, skipped it
didn't find A6XNE1 in the database, skipped it
didn't find A8K340 in the database, skipped it
didn't find A8MQ02 in the database, skipped it
didn't find A8MU39 in the database, skipped it
didn't find A8MUH3 in the database, skipped it


uniprot id 1	entrez gene id 1	gene name 1	uniprot id 2	entrez gene id 2	gene name 2	score
CC85C_HUMAN	317762	CCDC85C	PP1B_HUMAN	5500	PPP1CB	0.89
CC85C_HUMAN	317762	CCDC85C	PP1G_HUMAN	5501	PPP1CC	0.88
CC85C_HUMAN	317762	CCDC85C	PP1A_HUMAN	5499	PPP1CA	0.88
CC85C_HUMAN	317762	CCDC85C	YAP1_HUMAN	10413	YAP1	0.87
YDJC_HUMAN	150223	YDJC	PIMT_HUMAN	5110	PCMT1	0.83
LCHN_HUMAN	57189	KIAA1147	KLK11_HUMAN	11012	KLK11	0.83
KRBA1_HUMAN	84626	KRBA1	RFPLB_HUMAN	442247	RFPL4B	0.83
CC85C_HUMAN	317762	CCDC85C	MBIP1_HUMAN	51562	MBIP	0.83
KRBA1_HUMAN	84626	KRBA1	KLH20_HUMAN	27252	KLHL20	0.83
KRBA1_HUMAN	84626	KRBA1	ANM2_HUMAN	3275	PRMT2	0.83
CC85C_HUMAN	317762	CCDC85C	SUSD4_HUMAN	55061	SUSD4	0.83
CC85C_HUMAN	317762	CCDC85C	SRGP3_HUMAN	9901	SRGAP3	0.83
KLRG2_HUMAN	346689	KLRG2	DPA1_HUMAN	3113	HLA-DPA1	0.83
PIPSL_HUMAN	266971	PIPSL	ADRM1_HUMAN	11047	ADRM1	0.83
RGPD3_HUMAN	653489	RGPD3	RCC1_HUMAN	1104, 751867	RCC1, RCC1	0.83
CC85C_HUMAN	317762	CCDC85C	GGPPS_HUMAN	9453	GGPS1	0.83
KLRG2_HUMAN	346689	KLRG2	GLRX3_HUMAN	10539	GLRX3	0.83
PIPSL_HUMAN	266971	PIPSL	PGTB2_HUMAN	5876	RABGGTB	0.83
CC85C_HUMAN	317762	CCDC85C	SETB1_HUMAN	9869	SETDB1	0.83
ZN316_HUMAN	100131017	ZNF316	ZN707_HUMAN	286075	ZNF707	0.83
CC85C_HUMAN	317762	CCDC85C	ARH_HUMAN	26119	LDLRAP1	0.83
LCHN_HUMAN	57189	KIAA1147	TGON2_HUMAN	10618	TGOLN2	0.83
ZN316_HUMAN	100131017	ZNF316	FBRL_HUMAN	2091	FBL	0.83
CC85C_HUMAN	317762	CCDC85C	CRYAB_HUMAN	1410	CRYAB	0.83
CL069_HUMAN	440087	SMCO3	STN1_HUMAN	79991	STN1	0.83
LCHN_HUMAN	57189	KIAA1147	KLK5_HUMAN	25818	KLK5	0.83
CC85C_HUMAN	317762	CCDC85C	PSG9_HUMAN	5678	PSG9	0.83
KLRG2_HUMAN	346689	KLRG2	STK39_HUMAN	27347	STK39	0.82
KLRG2_HUMAN	346689	KLRG2	PRS23_HUMAN	11098	PRSS23	0.82
KLRG2_HUMAN	346689	KLRG2	FA5_HUMAN	2153	F5	0.82
KRBA1_HUMAN	84626	KRBA1	IF172_HUMAN	26160	IFT172	0.82
ZBBX_HUMAN	79740	ZBBX	DPOA2_HUMAN	23649	POLA2	0.82
KLRG2_HUMAN	346689	KLRG2	AGRG5_HUMAN	221188	ADGRG5	0.82
ZN316_HUMAN	100131017	ZNF316	ZN169_HUMAN	169841	ZNF169	0.82
KLRG2_HUMAN	346689	KLRG2	PP2BC_HUMAN	5533	PPP3CC	0.82
ZBBX_HUMAN	79740	ZBBX	K0232_HUMAN	9778	KIAA0232	0.82
KLRG2_HUMAN	346689	KLRG2	FND3B_HUMAN	64778	FNDC3B	0.82
YDJC_HUMAN	150223	YDJC	ARSG_HUMAN	22901	ARSG	0.82
KLRG2_HUMAN	346689	KLRG2	EPHA4_HUMAN	2043	EPHA4	0.82
KRBA1_HUMAN	84626	KRBA1	WBP5_HUMAN	51186	TCEAL9	0.82
ZBBX_HUMAN	79740	ZBBX	RMP_HUMAN	8725	URI1	0.82
KLRG2_HUMAN	346689	KLRG2	SIA8C_HUMAN	51046	ST8SIA3	0.82
LCHN_HUMAN	57189	KIAA1147	DKKL1_HUMAN	27120	DKKL1	0.82
ZN316_HUMAN	100131017	ZNF316	VWCE_HUMAN	220001	VWCE	0.82
KLRG2_HUMAN	346689	KLRG2	AURKA_HUMAN	6790	AURKA	0.82
ZBBX_HUMAN	79740	ZBBX	HERC1_HUMAN	8925	HERC1	0.82
CC85C_HUMAN	317762	CCDC85C	SKA3_HUMAN	221150	SKA3	0.82
DCD2B_HUMAN	149069	DCDC2B	FAT3_HUMAN	120114	FAT3	0.82
KLRG2_HUMAN	346689	KLRG2	SIA7D_HUMAN	27090	ST6GALNAC4	0.82
KLRG2_HUMAN	346689	KLRG2	ZDHC6_HUMAN	64429	ZDHHC6	0.82
YDJC_HUMAN	150223	YDJC	CDC16_HUMAN	8881	CDC16	0.82
KLRG2_HUMAN	346689	KLRG2	EPHB1_HUMAN	2047	EPHB1	0.82
KRBA1_HUMAN	84626	KRBA1	SHCBP_HUMAN	79801	SHCBP1	0.82
ZBBX_HUMAN	79740	ZBBX	FZD3_HUMAN	7976	FZD3	0.82
KLRG2_HUMAN	346689	KLRG2	CC50B_HUMAN	161291	TMEM30B	0.82
LCHN_HUMAN	57189	KIAA1147	EFNB3_HUMAN	1949	EFNB3	0.82
RGPD3_HUMAN	653489	RGPD3	ESRP1_HUMAN	54845	ESRP1	0.82
KLRG2_HUMAN	346689	KLRG2	F1712_HUMAN	284069	FAM171A2	0.82
ZBBX_HUMAN	79740	ZBBX	FREM2_HUMAN	341640	FREM2	0.82
DCD2B_HUMAN	149069	DCDC2B	PSMG4_HUMAN	389362	PSMG4	0.82
KLRG2_HUMAN	346689	KLRG2	FGRL1_HUMAN	53834	FGFRL1	0.82
ZBBX_HUMAN	79740	ZBBX	DYN2_HUMAN	1785	DNM2	0.82
KLRG2_HUMAN	346689	KLRG2	EPHB4_HUMAN	2050	EPHB4	0.82
KRBA1_HUMAN	84626	KRBA1	P2R3B_HUMAN	28227	PPP2R3B	0.82
ZBBX_HUMAN	79740	ZBBX	SORL_HUMAN	6653	SORL1	0.82
KLRG2_HUMAN	346689	KLRG2	TIMP3_HUMAN	7078	TIMP3	0.82
ZBBX_HUMAN	79740	ZBBX	FAT3_HUMAN	120114	FAT3	0.82
DCD2B_HUMAN	149069	DCDC2B	FAT4_HUMAN	79633	FAT4	0.82
KLRG2_HUMAN	346689	KLRG2	LRC4B_HUMAN	94030	LRRC4B	0.82
KLRG2_HUMAN	346689	KLRG2	EGFL7_HUMAN	51162	EGFL7	0.82
KLRG2_HUMAN	346689	KLRG2	LTBP1_HUMAN	4052	LTBP1	0.82
KRBA1_HUMAN	84626	KRBA1	ZMY19_HUMAN	116225	ZMYND19	0.82
ZBBX_HUMAN	79740	ZBBX	ZZEF1_HUMAN	23140	ZZEF1	0.82
CC85C_HUMAN	317762	CCDC85C	ASPP1_HUMAN	23368	PPP1R13B	0.82
KRBA1_HUMAN	84626	KRBA1	THSD4_HUMAN	79875	THSD4	0.82
ZN316_HUMAN	100131017	ZNF316	CCG5_HUMAN	27091	CACNG5	0.82
KLRG2_HUMAN	346689	KLRG2	WNT11_HUMAN	7481	WNT11	0.82
ZBBX_HUMAN	79740	ZBBX	AMY1_HUMAN	276, 277, 278	AMY1A, AMY1B, AMY1C	0.82
KLRG2_HUMAN	346689	KLRG2	COL12_HUMAN	81035	COLEC12	0.82
KLRG2_HUMAN	346689	KLRG2	EMIL3_HUMAN	90187	EMILIN3	0.82
ZBBX_HUMAN	79740	ZBBX	CELR2_HUMAN	1952	CELSR2	0.82
KLRG2_HUMAN	346689	KLRG2	CD47_HUMAN	961	CD47	0.82
KRBA1_HUMAN	84626	KRBA1	P3H2_HUMAN	55214	P3H2	0.82
ZBBX_HUMAN	79740	ZBBX	IFFO1_HUMAN	25900	IFFO1	0.82
CC85C_HUMAN	317762	CCDC85C	CP071_HUMAN	146562	C16orf71	0.82
KRBA1_HUMAN	84626	KRBA1	CELA1_HUMAN	1990	CELA1	0.82
RGPD3_HUMAN	653489	RGPD3	AKIR2_HUMAN	55122	AKIRIN2	0.82
ZN316_HUMAN	100131017	ZNF316	Z324B_HUMAN	388569	ZNF324B	0.82
KLRG2_HUMAN	346689	KLRG2	RL40_HUMAN	7311	UBA52	0.82
ZBBX_HUMAN	79740	ZBBX	DHX32_HUMAN	55760	DHX32	0.82
DCD2B_HUMAN	149069	DCDC2B	FHL2_HUMAN	2274	FHL2	0.82
KLRG2_HUMAN	346689	KLRG2	WNT5B_HUMAN	81029	WNT5B	0.82
TM213_HUMAN	155006	TMEM213	GLMN_HUMAN	11146	GLMN	0.82
ZBBX_HUMAN	79740	ZBBX	ZG16B_HUMAN	124220	ZG16B	0.82
KLRG2_HUMAN	346689	KLRG2	APBA2_HUMAN	321	APBA2	0.82
KRBA1_HUMAN	84626	KRBA1	TBCC1_HUMAN	55171	TBCCD1	0.82
CC85C_HUMAN	317762	CCDC85C	SCRN1_HUMAN	9805	SCRN1	0.82
KRBA1_HUMAN	84626	KRBA1	P3H1_HUMAN	64175	P3H1	0.82
KLRG2_HUMAN	346689	KLRG2	STBD1_HUMAN	8987	STBD1	0.82
LRIQ3_HUMAN	127255	LRRIQ3	R3HCL_HUMAN	27291	R3HCC1L	0.82
GRD2I_HUMAN	392862	GRID2IP	1433F_HUMAN	7533	YWHAH	0.82
DCD2B_HUMAN	149069	DCDC2B	HSP7C_HUMAN	3312	HSPA8	0.82
KLRG2_HUMAN	346689	KLRG2	GXLT2_HUMAN	727936	GXYLT2	0.82
TM213_HUMAN	155006	TMEM213	MAP2_HUMAN	10988	METAP2	0.82
KLRG2_HUMAN	346689	KLRG2	MANS1_HUMAN	54682	MANSC1	0.82
KLRG2_HUMAN	346689	KLRG2	PTPRS_HUMAN	5802	PTPRS	0.82
ZBBX_HUMAN	79740	ZBBX	FAT4_HUMAN	79633	FAT4	0.82
KRBA1_HUMAN	84626	KRBA1	CDC16_HUMAN	8881	CDC16	0.82
KLRG2_HUMAN	346689	KLRG2	TNFL9_HUMAN	8744	TNFSF9	0.82
GRD2I_HUMAN	392862	GRID2IP	1433G_HUMAN	7532	YWHAG	0.82
KLRG2_HUMAN	346689	KLRG2	ZDH18_HUMAN	84243	ZDHHC18	0.82
TM213_HUMAN	155006	TMEM213	ALG11_HUMAN	440138	ALG11	0.82
KLRG2_HUMAN	346689	KLRG2	5HT2C_HUMAN	3358	HTR2C	0.82
KLRG2_HUMAN	346689	KLRG2	CANB1_HUMAN	5534	PPP3R1	0.82
KRBA1_HUMAN	84626	KRBA1	PBX2_HUMAN	5089	PBX2	0.82
ZBBX_HUMAN	79740	ZBBX	HECD3_HUMAN	79654	HECTD3	0.82
CC85C_HUMAN	317762	CCDC85C	EGFL6_HUMAN	25975	EGFL6	0.82
KRBA1_HUMAN	84626	KRBA1	CF141_HUMAN	135398	C6orf141	0.82
ZN316_HUMAN	100131017	ZNF316	FBLN3_HUMAN	2202	EFEMP1	0.82
KLRG2_HUMAN	346689	KLRG2	TNKS1_HUMAN	8658	TNKS	0.82
CC85C_HUMAN	317762	CCDC85C	CC136_HUMAN	64753	CCDC136	0.82
GRD2I_HUMAN	392862	GRID2IP	1433B_HUMAN	7529	YWHAB	0.82
KLRG2_HUMAN	346689	KLRG2	SIA7C_HUMAN	256435	ST6GALNAC3	0.82
ZBBX_HUMAN	79740	ZBBX	WDR62_HUMAN	284403	WDR62	0.82
KLRG2_HUMAN	346689	KLRG2	PP2BA_HUMAN	5530	PPP3CA	0.82
KRBA1_HUMAN	84626	KRBA1	TRI27_HUMAN	5987	TRIM27	0.82
ZBBX_HUMAN	79740	ZBBX	DYN3_HUMAN	26052	DNM3	0.82
CC85C_HUMAN	317762	CCDC85C	CD4_HUMAN	920	CD4	0.82
KRBA1_HUMAN	84626	KRBA1	SSA27_HUMAN	10534	SSSCA1	0.82
I4E1B_HUMAN	253314	EIF4E1B	4EBP1_HUMAN	1978	EIF4EBP1	0.82
KLRG2_HUMAN	346689	KLRG2	P121A_HUMAN	9883	POM121	0.82
O6C70_HUMAN	390327	OR6C70	KLK10_HUMAN	5655	KLK10	0.82
KLRG2_HUMAN	346689	KLRG2	TM192_HUMAN	201931	TMEM192	0.82
TM213_HUMAN	155006	TMEM213	EFNB1_HUMAN	1947	EFNB1	0.82
ZBBX_HUMAN	79740	ZBBX	LRP4_HUMAN	4038	LRP4	0.82
KLRG2_HUMAN	346689	KLRG2	PCDAC_HUMAN	56137	PCDHA12	0.82
ZN316_HUMAN	100131017	ZNF316	ZN764_HUMAN	92595	ZNF764	0.82
KLRG2_HUMAN	346689	KLRG2	PP2BB_HUMAN	5532	PPP3CB	0.82
ASB14_HUMAN	142686	ASB14	POTEF_HUMAN	728378	POTEF	0.82
GRD2I_HUMAN	392862	GRID2IP	GRID2_HUMAN	2895	GRID2	0.79
CL069_HUMAN	440087	SMCO3	PP2AA_HUMAN	5515	PPP2CA	0.75
S15A5_HUMAN	729025	SLC15A5	SCRIB_HUMAN	23513	SCRIB	0.75
CC85C_HUMAN	317762	CCDC85C	NINL_HUMAN	22981	NINL	0.73
CC85C_HUMAN	317762	CCDC85C	KDM4B_HUMAN	23030	KDM4B	0.73
PI4P2_HUMAN	375133	PI4KAP2	APBP2_HUMAN	10513	APPBP2	0.73
LRIQ3_HUMAN	127255	LRRIQ3	NCK2_HUMAN	8440	NCK2	0.73
RGPD3_HUMAN	653489	RGPD3	CTGE5_HUMAN	4253	MIA2	0.73
PIPSL_HUMAN	266971	PIPSL	RECQ4_HUMAN	9401	RECQL4	0.73
CC85C_HUMAN	317762	CCDC85C	PCM1_HUMAN	5108	PCM1	0.73
CC85C_HUMAN	317762	CCDC85C	WWP2_HUMAN	11060	WWP2	0.73
CL069_HUMAN	440087	SMCO3	MK09_HUMAN	5601	MAPK9	0.73
ZN316_HUMAN	100131017	ZNF316	TIF1B_HUMAN	10155	TRIM28	0.73
TBC3F_HUMAN	84218	TBC1D3F	TBC3A_HUMAN	414059, 729873	TBC1D3B, TBC1D3	0.73
DCD2B_HUMAN	149069	DCDC2B	FHL3_HUMAN	2275	FHL3	0.73
CC85C_HUMAN	317762	CCDC85C	SSA27_HUMAN	10534	SSSCA1	0.72
FR1L5_HUMAN	90342	FER1L5	H14_HUMAN	3008	HIST1H1E	0.72
KLRG2_HUMAN	346689	KLRG2	TOR1B_HUMAN	27348	TOR1B	0.72
URAD_HUMAN	646625	URAD	RPN1_HUMAN	6184	RPN1	0.72
AGAP5_HUMAN	729092	AGAP5	NEK4_HUMAN	6787	NEK4	0.72
CQ066_HUMAN	256957	HEATR9	H2B2E_HUMAN	8349	HIST2H2BE	0.72
RGSL_HUMAN	353299	RGSL1	DCNL1_HUMAN	54165	DCUN1D1	0.72
VWA3A_HUMAN	146177	VWA3A	H14_HUMAN	3008	HIST1H1E	0.72
KAL1L_HUMAN	151050	KANSL1L	OPTN_HUMAN	10133	OPTN	0.72
KLRG2_HUMAN	346689	KLRG2	UBXN1_HUMAN	51035	UBXN1	0.72
CX023_HUMAN	256643	BCLAF3	MATR3_HUMAN	9782	MATR3	0.72
CC85C_HUMAN	317762	CCDC85C	RASF9_HUMAN	9182	RASSF9	0.72
ZN840_HUMAN	100130863	ZNF840P	PRKDC_HUMAN	5591	PRKDC	0.72
CD047_HUMAN	441054	C4orf47	NPM_HUMAN	4869	NPM1	0.72
LRIQ3_HUMAN	127255	LRRIQ3	HNRPU_HUMAN	3192	HNRNPU	0.72
ZBBX_HUMAN	79740	ZBBX	DYN1_HUMAN	1759	DNM1	0.72
RGSL_HUMAN	353299	RGSL1	MAGT1_HUMAN	84061	MAGT1	0.72
CC85C_HUMAN	317762	CCDC85C	EYA2_HUMAN	2139	EYA2	0.72
DCD2B_HUMAN	149069	DCDC2B	PCD20_HUMAN	64881	PCDH20	0.72
CC85C_HUMAN	317762	CCDC85C	RASFA_HUMAN	644943	RASSF10	0.72
CC85C_HUMAN	317762	CCDC85C	P4HA2_HUMAN	8974	P4HA2	0.72
CGB1_HUMAN	114335	CGB1	CGB2_HUMAN	114336	CGB2	0.72
CL069_HUMAN	440087	SMCO3	FUS_HUMAN	2521	FUS	0.72
ZBBX_HUMAN	79740	ZBBX	TBC17_HUMAN	79735	TBC1D17	0.72
CC85C_HUMAN	317762	CCDC85C	ASPP2_HUMAN	7159	TP53BP2	0.72
RGPD3_HUMAN	653489	RGPD3	NEK4_HUMAN	6787	NEK4	0.72
ZN316_HUMAN	100131017	ZNF316	ZN211_HUMAN	10520	ZNF211	0.72
CC85C_HUMAN	317762	CCDC85C	K1683_HUMAN	80726	IQCN	0.72
ZBBX_HUMAN	79740	ZBBX	IGHA1_HUMAN	3493	IGHA1	0.72
KRBA1_HUMAN	84626	KRBA1	JPH1_HUMAN	56704	JPH1	0.72
CC85C_HUMAN	317762	CCDC85C	PP1R7_HUMAN	5510	PPP1R7	0.72
CP093_HUMAN	90835	CCDC189	SG1D2_HUMAN	10647	SCGB1D2	0.72
DCD2B_HUMAN	149069	DCDC2B	PSMG3_HUMAN	84262	PSMG3	0.72
ZBBX_HUMAN	79740	ZBBX	DPOE1_HUMAN	5426	POLE	0.72
PIPSL_HUMAN	266971	PIPSL	VMA5A_HUMAN	4013	VWA5A	0.72
RGPD3_HUMAN	653489	RGPD3	ESR1_HUMAN	2099	ESR1	0.72
ZSA5B_HUMAN	342933	ZSCAN5B	H15_HUMAN	3009	HIST1H1B	0.72
TM213_HUMAN	155006	TMEM213	DCNL5_HUMAN	84259	DCUN1D5	0.72
C144A_HUMAN	9720	CCDC144A	RAB28_HUMAN	9364	RAB28	0.72
KLRG2_HUMAN	346689	KLRG2	F189B_HUMAN	10712	FAM189B	0.72
KRBA1_HUMAN	84626	KRBA1	TOM40_HUMAN	10452	TOMM40	0.72
DCD2B_HUMAN	149069	DCDC2B	HMGN1_HUMAN	3150	HMGN1	0.72
ZBBX_HUMAN	79740	ZBBX	CELR1_HUMAN	9620	CELSR1	0.72
KRBA1_HUMAN	84626	KRBA1	GSK3B_HUMAN	2932	GSK3B	0.68
KRBA1_HUMAN	84626	KRBA1	GSK3A_HUMAN	2931	GSK3A	0.68
RIM3C_HUMAN	150221	RIMBP3C	TNFL6_HUMAN	356	FASLG	0.65
CX023_HUMAN	256643	BCLAF3	EPHA1_HUMAN	2041	EPHA1	0.63
KLRG2_HUMAN	346689	KLRG2	RS4Y2_HUMAN	140032	RPS4Y2	0.63
MT1DP_HUMAN	326343	MT1DP	KR109_HUMAN	386676	KRTAP10-9	0.63
PIPSL_HUMAN	266971	PIPSL	PLD1_HUMAN	5337	PLD1	0.63
PIPSL_HUMAN	266971	PIPSL	RM35_HUMAN	51318	MRPL35	0.63
PIPSL_HUMAN	266971	PIPSL	TALD3_HUMAN	9786	KIAA0586	0.63
PIPSL_HUMAN	266971	PIPSL	KDM4A_HUMAN	9682	KDM4A	0.63
PIPSL_HUMAN	266971	PIPSL	AMACR_HUMAN	23600	AMACR	0.63
PIPSL_HUMAN	266971	PIPSL	F216A_HUMAN	29902	FAM216A	0.63
PIPSL_HUMAN	266971	PIPSL	CETN3_HUMAN	1070	CETN3	0.63
SHSA3_HUMAN	152573	SHISA3	P121A_HUMAN	9883	POM121	0.63
ZAR1L_HUMAN	646799	ZAR1L	EMAL3_HUMAN	256364	EML3	0.63
ZN726_HUMAN	730087	ZNF726	DCA10_HUMAN	79269	DCAF10	0.63
TBC3F_HUMAN	84218	TBC1D3F	WDR83_HUMAN	84292	WDR83	0.63
CC85C_HUMAN	317762	CCDC85C	SQSTM_HUMAN	8878	SQSTM1	0.63
I4E1B_HUMAN	253314	EIF4E1B	IF4E_HUMAN	1977	EIF4E	0.63
KLRG2_HUMAN	346689	KLRG2	V1BR_HUMAN	553	AVPR1B	0.63
KRBA1_HUMAN	84626	KRBA1	TRI37_HUMAN	4591	TRIM37	0.63
O6C75_HUMAN	390323	OR6C75	P53_HUMAN	7157	TP53	0.63
PIPSL_HUMAN	266971	PIPSL	TNFB_HUMAN	4049	LTA	0.63
RGPD3_HUMAN	653489	RGPD3	TIF1B_HUMAN	10155	TRIM28	0.63
TCPQL_HUMAN	155100	CCT8L1P	MTMR8_HUMAN	55613	MTMR8	0.63
ZN316_HUMAN	100131017	ZNF316	PRR3_HUMAN	80742	PRR3	0.63
ASB14_HUMAN	142686	ASB14	SYBU_HUMAN	55638	SYBU	0.63
DHR12_HUMAN	79758	DHRS12	NEUR2_HUMAN	4759	NEU2	0.63
KLRG2_HUMAN	346689	KLRG2	GPAT4_HUMAN	137964	GPAT4	0.63
PIPSL_HUMAN	266971	PIPSL	UFC1_HUMAN	51506	UFC1	0.63
PIPSL_HUMAN	266971	PIPSL	MINK1_HUMAN	50488	MINK1	0.63
PIPSL_HUMAN	266971	PIPSL	EMAL3_HUMAN	256364	EML3	0.63
PIPSL_HUMAN	266971	PIPSL	PRR11_HUMAN	55771	PRR11	0.63
PIPSL_HUMAN	266971	PIPSL	MARK4_HUMAN	57787	MARK4	0.63
PIPSL_HUMAN	266971	PIPSL	LTMD1_HUMAN	25875	LETMD1	0.63
PIPSL_HUMAN	266971	PIPSL	RL7L_HUMAN	285855	RPL7L1	0.63
SHSA3_HUMAN	152573	SHISA3	CKLF7_HUMAN	112616	CMTM7	0.63
AN36A_HUMAN	375248	ANKRD36	FMR1_HUMAN	2332	FMR1	0.63
CC42B_HUMAN	387885	CFAP73	NFKB1_HUMAN	4790	NFKB1	0.63
CC85C_HUMAN	317762	CCDC85C	CENPJ_HUMAN	55835	CENPJ	0.63
CC85C_HUMAN	317762	CCDC85C	SULF2_HUMAN	55959	SULF2	0.63
CC85C_HUMAN	317762	CCDC85C	VIR_HUMAN	25962	VIRMA	0.63
DCD2B_HUMAN	149069	DCDC2B	FHL5_HUMAN	9457	FHL5	0.63
KRBA1_HUMAN	84626	KRBA1	PLK1_HUMAN	5347	PLK1	0.63
PIPSL_HUMAN	266971	PIPSL	MEPCE_HUMAN	56257	MEPCE	0.63
RGPD3_HUMAN	653489	RGPD3	CE152_HUMAN	22995	CEP152	0.63
RIM3C_HUMAN	150221	RIMBP3C	SYFM_HUMAN	10667	FARS2	0.63
TRI75_HUMAN	391714	TRIM75P	SUZ12_HUMAN	23512	SUZ12	0.63
ZN839_HUMAN	55778	ZNF839	P53_HUMAN	7157	TP53	0.63
ASB14_HUMAN	142686	ASB14	ADT2_HUMAN	292	SLC25A5	0.63
ASB14_HUMAN	142686	ASB14	TOM40_HUMAN	10452	TOMM40	0.63
DHR12_HUMAN	79758	DHRS12	IGLL5_HUMAN	100423062	IGLL5	0.63
KLRG2_HUMAN	346689	KLRG2	ALG11_HUMAN	440138	ALG11	0.63
L37A2_HUMAN	474170	LRRC37A2	GSK3A_HUMAN	2931	GSK3A	0.63
PIPSL_HUMAN	266971	PIPSL	FRIL_HUMAN	2512	FTL	0.63
PIPSL_HUMAN	266971	PIPSL	WDR76_HUMAN	79968	WDR76	0.63
PIPSL_HUMAN	266971	PIPSL	RL15_HUMAN	6138	RPL15	0.63
PIPSL_HUMAN	266971	PIPSL	DGKZ_HUMAN	8525	DGKZ	0.63
PIPSL_HUMAN	266971	PIPSL	ZC3H3_HUMAN	23144	ZC3H3	0.63
PIPSL_HUMAN	266971	PIPSL	ARRD2_HUMAN	27106	ARRDC2	0.63
PIPSL_HUMAN	266971	PIPSL	TIGD5_HUMAN	84948	TIGD5	0.63
SHSA3_HUMAN	152573	SHISA3	TR61B_HUMAN	55006	TRMT61B	0.63
ZAR1L_HUMAN	646799	ZAR1L	GEPH_HUMAN	10243	GPHN	0.63
CT202_HUMAN	400831	C20orf202	SGF29_HUMAN	112869	SGF29	0.63
CC85C_HUMAN	317762	CCDC85C	APBP2_HUMAN	10513	APPBP2	0.63
CC85C_HUMAN	317762	CCDC85C	SMDC1_HUMAN	55776	SAYSD1	0.63
CC85C_HUMAN	317762	CCDC85C	RISC_HUMAN	59342	SCPEP1	0.63
KLRG2_HUMAN	346689	KLRG2	PCDA7_HUMAN	56141	PCDHA7	0.63
KRBA1_HUMAN	84626	KRBA1	MOT11_HUMAN	162515	SLC16A11	0.63
LCHN_HUMAN	57189	KIAA1147	HS2ST_HUMAN	9653	HS2ST1	0.63
PIPSL_HUMAN	266971	PIPSL	B4GT4_HUMAN	8702	B4GALT4	0.63
RGPD3_HUMAN	653489	RGPD3	KI20A_HUMAN	10112	KIF20A	0.63
TTC36_HUMAN	143941	TTC36	HPPD_HUMAN	3242	HPD	0.63
ZN316_HUMAN	100131017	ZNF316	ABC3C_HUMAN	27350	APOBEC3C	0.63
ZSA5B_HUMAN	342933	ZSCAN5B	RINT1_HUMAN	60561	RINT1	0.63
ASB14_HUMAN	142686	ASB14	CLCN3_HUMAN	1182	CLCN3	0.63
CC055_HUMAN	152078	PQLC2L	POTEE_HUMAN	445582	POTEE	0.63
DBX1_HUMAN	120237	DBX1	APOC1_HUMAN	341	APOC1	0.63
KLRG2_HUMAN	346689	KLRG2	UBE3C_HUMAN	9690	UBE3C	0.63
OR5H1_HUMAN	26341	OR5H1	MOB2_HUMAN	81532	MOB2	0.63
PIPSL_HUMAN	266971	PIPSL	KPSH1_HUMAN	5681	PSKH1	0.63
PIPSL_HUMAN	266971	PIPSL	ARL17_HUMAN	51326, 641522	ARL17A, ARL17B	0.63
PIPSL_HUMAN	266971	PIPSL	CAPON_HUMAN	9722	NOS1AP	0.63
PIPSL_HUMAN	266971	PIPSL	IQCB1_HUMAN	9657	IQCB1	0.63
PIPSL_HUMAN	266971	PIPSL	CDK20_HUMAN	23552	CDK20	0.63
PIPSL_HUMAN	266971	PIPSL	GTPB8_HUMAN	29083	GTPBP8	0.63
PIPSL_HUMAN	266971	PIPSL	FA43A_HUMAN	131583	FAM43A	0.63
SHSA3_HUMAN	152573	SHISA3	UFO_HUMAN	558	AXL	0.63
ZAR1L_HUMAN	646799	ZAR1L	CK5P2_HUMAN	55755	CDK5RAP2	0.63
ZN726_HUMAN	730087	ZNF726	TRI39_HUMAN	56658	TRIM39	0.63
AGAP5_HUMAN	729092	AGAP5	HSPB1_HUMAN	3315	HSPB1	0.63
CC85C_HUMAN	317762	CCDC85C	CNTRB_HUMAN	116840	CNTROB	0.63
CC85C_HUMAN	317762	CCDC85C	NEUL4_HUMAN	84461	NEURL4	0.63
CC85C_HUMAN	317762	CCDC85C	ZO2_HUMAN	9414	TJP2	0.63
CP093_HUMAN	90835	CCDC189	GLYM_HUMAN	6472	SHMT2	0.63
WDR97_HUMAN	340390	WDR97	FBXW7_HUMAN	55294	FBXW7	0.63
KLRG2_HUMAN	346689	KLRG2	TMM74_HUMAN	157753	TMEM74	0.63
KRBA1_HUMAN	84626	KRBA1	PP4RL_HUMAN	55370	PPP4R1L	0.63
PIPSL_HUMAN	266971	PIPSL	DDRGK_HUMAN	65992	DDRGK1	0.63
RGPD3_HUMAN	653489	RGPD3	FGOP2_HUMAN	26127	FGFR1OP2	0.63
TCPQL_HUMAN	155100	CCT8L1P	MPIP3_HUMAN	995	CDC25C	0.63
ZN316_HUMAN	100131017	ZNF316	TEX19_HUMAN	400629	TEX19	0.63
ASB14_HUMAN	142686	ASB14	CY1_HUMAN	1537	CYC1	0.63
ASB14_HUMAN	142686	ASB14	MIRO1_HUMAN	55288	RHOT1	0.63
DHR12_HUMAN	79758	DHRS12	TRFL_HUMAN	4057	LTF	0.63
KLRG2_HUMAN	346689	KLRG2	ABCB7_HUMAN	22	ABCB7	0.63
PIPSL_HUMAN	266971	PIPSL	UBXN1_HUMAN	51035	UBXN1	0.63
PIPSL_HUMAN	266971	PIPSL	ICE2_HUMAN	79664	ICE2	0.63
PIPSL_HUMAN	266971	PIPSL	VRK1_HUMAN	7443	VRK1	0.63
PIPSL_HUMAN	266971	PIPSL	CK5P2_HUMAN	55755	CDK5RAP2	0.63
PIPSL_HUMAN	266971	PIPSL	ZN865_HUMAN	100507290	ZNF865	0.63
PIPSL_HUMAN	266971	PIPSL	MPC2_HUMAN	25874	MPC2	0.63
PIPSL_HUMAN	266971	PIPSL	SPD2B_HUMAN	285590	SH3PXD2B	0.63
SHSA3_HUMAN	152573	SHISA3	ANR46_HUMAN	157567	ANKRD46	0.63
TSPY2_HUMAN	64591	TSPY2	DPY30_HUMAN	84661	DPY30	0.63
AN36A_HUMAN	375248	ANKRD36	DISC1_HUMAN	27185	DISC1	0.63
CC85C_HUMAN	317762	CCDC85C	FTM_HUMAN	23322	RPGRIP1L	0.63
CC85C_HUMAN	317762	CCDC85C	CDC42_HUMAN	998	CDC42	0.63
CC85C_HUMAN	317762	CCDC85C	CTNB1_HUMAN	1499	CTNNB1	0.63
DCD2B_HUMAN	149069	DCDC2B	CI169_HUMAN	375791	CYSRT1	0.63
PIPSL_HUMAN	266971	PIPSL	EGLN3_HUMAN	112399	EGLN3	0.63
RGPD3_HUMAN	653489	RGPD3	JUN_HUMAN	3725	JUN	0.63
RIM3C_HUMAN	150221	RIMBP3C	FA46B_HUMAN	115572	TENT5B	0.63
TRI75_HUMAN	391714	TRIM75P	EZH2_HUMAN	2146	EZH2	0.63
ZN839_HUMAN	55778	ZNF839	HNRPL_HUMAN	3191	HNRNPL	0.63
ASB14_HUMAN	142686	ASB14	PGAM5_HUMAN	192111	PGAM5	0.63
ASB14_HUMAN	142686	ASB14	TRABD_HUMAN	80305	TRABD	0.63
DHR12_HUMAN	79758	DHRS12	FA26D_HUMAN	221301	CALHM4	0.63
KLRG2_HUMAN	346689	KLRG2	GRP75_HUMAN	3313	HSPA9	0.63
L37A2_HUMAN	474170	LRRC37A2	NCS1_HUMAN	23413	NCS1	0.63
PIPSL_HUMAN	266971	PIPSL	NSUN3_HUMAN	63899	NSUN3	0.63
PIPSL_HUMAN	266971	PIPSL	CF134_HUMAN	79969	ATAT1	0.63
PIPSL_HUMAN	266971	PIPSL	TEP1_HUMAN	7011	TEP1	0.63
PIPSL_HUMAN	266971	PIPSL	ELP3_HUMAN	55140	ELP3	0.63
PIPSL_HUMAN	266971	PIPSL	RB6I2_HUMAN	23085	ERC1	0.63
PIPSL_HUMAN	266971	PIPSL	FA43B_HUMAN	163933	FAM43B	0.63
PIPSL_HUMAN	266971	PIPSL	CI100_HUMAN	84904	ARHGEF39	0.63
SHSA3_HUMAN	152573	SHISA3	SARM1_HUMAN	23098	SARM1	0.63
ZAR1L_HUMAN	646799	ZAR1L	B2L11_HUMAN	10018	BCL2L11	0.63
CT202_HUMAN	400831	C20orf202	HNRC1_HUMAN	343069	HNRNPCL1	0.63
CC85C_HUMAN	317762	CCDC85C	WWP1_HUMAN	11059	WWP1	0.63
CC85C_HUMAN	317762	CCDC85C	NGN1_HUMAN	4762	NEUROG1	0.63
FR1L5_HUMAN	90342	FER1L5	GCR_HUMAN	2908	NR3C1	0.63
KLRG2_HUMAN	346689	KLRG2	CQ109_HUMAN	643008	SMIM5	0.63
KRBA1_HUMAN	84626	KRBA1	EFNB1_HUMAN	1947	EFNB1	0.63
LRIQ3_HUMAN	127255	LRRIQ3	LYN_HUMAN	4067	LYN	0.63
PIPSL_HUMAN	266971	PIPSL	UBQL2_HUMAN	29978	UBQLN2	0.63
RGPD3_HUMAN	653489	RGPD3	HES6_HUMAN	55502	HES6	0.63
ZN316_HUMAN	100131017	ZNF316	LTBP2_HUMAN	4053	LTBP2	0.63
MRO2A_HUMAN			NOMO1_HUMAN	23420	NOMO1	0.63
ASB14_HUMAN	142686	ASB14	AOFB_HUMAN	4129	MAOB	0.63
CC055_HUMAN	152078	PQLC2L	KPCI_HUMAN	5584	PRKCI	0.63
KLRG2_HUMAN	346689	KLRG2	I27RA_HUMAN	9466	IL27RA	0.63
OR5H1_HUMAN	26341	OR5H1	FA63A_HUMAN	55793	MINDY1	0.63
PIPSL_HUMAN	266971	PIPSL	MP2K7_HUMAN	5609	MAP2K7	0.63
PIPSL_HUMAN	266971	PIPSL	ORC1_HUMAN	4998	ORC1	0.63
PIPSL_HUMAN	266971	PIPSL	HS3S2_HUMAN	9956	HS3ST2	0.63
PIPSL_HUMAN	266971	PIPSL	TTLL4_HUMAN	9654	TTLL4	0.63
PIPSL_HUMAN	266971	PIPSL	RHG01_HUMAN	392	ARHGAP1	0.63
PIPSL_HUMAN	266971	PIPSL	PIF1_HUMAN	80119	PIF1	0.63
RGPD3_HUMAN	653489	RGPD3	DISC1_HUMAN	27185	DISC1	0.63
SHSA3_HUMAN	152573	SHISA3	BMR1A_HUMAN	657	BMPR1A	0.63
ZAR1L_HUMAN	646799	ZAR1L	GLCI1_HUMAN	113263	GLCCI1	0.63
ZN726_HUMAN	730087	ZNF726	ZN492_HUMAN	57615	ZNF492	0.63
CC85C_HUMAN	317762	CCDC85C	ADIP_HUMAN	117178	SSX2IP	0.63
CC85C_HUMAN	317762	CCDC85C	RS6_HUMAN	6194	RPS6	0.63
CC85C_HUMAN	317762	CCDC85C	KRT38_HUMAN	8687	KRT38	0.63
WDR97_HUMAN	340390	WDR97	DUS23_HUMAN	54935	DUSP23	0.63
KR231_HUMAN	337963	KRTAP23-1	RBPMS_HUMAN	11030	RBPMS	0.63
KRBA1_HUMAN	84626	KRBA1	LTBP2_HUMAN	4053	LTBP2	0.63
PI4P2_HUMAN	375133	PI4KAP2	ECE2_HUMAN	9718	ECE2	0.63
PIPSL_HUMAN	266971	PIPSL	PKHA4_HUMAN	57664	PLEKHA4	0.63
TCPQL_HUMAN	155100	CCT8L1P	SSH1_HUMAN	54434	SSH1	0.63
ZN316_HUMAN	100131017	ZNF316	ZN460_HUMAN	10794	ZNF460	0.63
ASB14_HUMAN	142686	ASB14	VAPA_HUMAN	9218	VAPA	0.63
ASB14_HUMAN	142686	ASB14	DJC11_HUMAN	55735	DNAJC11	0.63
DHR12_HUMAN	79758	DHRS12	SG2A1_HUMAN	4246	SCGB2A1	0.63
KLRG2_HUMAN	346689	KLRG2	DOLK_HUMAN	22845	DOLK	0.63
PIPSL_HUMAN	266971	PIPSL	SGT1_HUMAN	10910	SUGT1	0.63
PIPSL_HUMAN	266971	PIPSL	CEP97_HUMAN	79598	CEP97	0.63
PIPSL_HUMAN	266971	PIPSL	NCOA4_HUMAN	8031	NCOA4	0.63
PIPSL_HUMAN	266971	PIPSL	CG044_HUMAN	55744	COA1	0.63
PIPSL_HUMAN	266971	PIPSL	IQGA3_HUMAN	128239	IQGAP3	0.63
PIPSL_HUMAN	266971	PIPSL	RPC1_HUMAN	11128	POLR3A	0.63
PIPSL_HUMAN	266971	PIPSL	LMBL2_HUMAN	83746	L3MBTL2	0.63
SHSA3_HUMAN	152573	SHISA3	ZY11B_HUMAN	79699	ZYG11B	0.63
TSPY2_HUMAN	64591	TSPY2		728403	TSPY8	0.63
COLL1_HUMAN	340204	CLPSL1	ZER1_HUMAN	10444	ZER1	0.63
CC85C_HUMAN	317762	CCDC85C	XPO1_HUMAN	7514	XPO1	0.63
CC85C_HUMAN	317762	CCDC85C	F168A_HUMAN	23201	FAM168A	0.63
CC85C_HUMAN	317762	CCDC85C	PERI_HUMAN	5630	PRPH	0.63
DCD2B_HUMAN	149069	DCDC2B	HSF2B_HUMAN	11077	HSF2BP	0.63
PIPSL_HUMAN	266971	PIPSL	LARP7_HUMAN	51574	LARP7	0.63
RIM3C_HUMAN	150221	RIMBP3C	PPR32_HUMAN	220004	PPP1R32	0.63
TRI75_HUMAN	391714	TRIM75P	ECT2_HUMAN	1894	ECT2	0.63
ZN316_HUMAN	100131017	ZNF316	RN123_HUMAN	63891	RNF123	0.63
ZN839_HUMAN	55778	ZNF839	CUL7_HUMAN	9820	CUL7	0.63
ASB14_HUMAN	142686	ASB14	ARF4_HUMAN	378	ARF4	0.63
ASB14_HUMAN	142686	ASB14	MYO19_HUMAN	80179	MYO19	0.63
DHR12_HUMAN	79758	DHRS12	HPHL1_HUMAN	341208	HEPHL1	0.63
KLRG2_HUMAN	346689	KLRG2	ITIH2_HUMAN	3698	ITIH2	0.63
L37A2_HUMAN	474170	LRRC37A2	COR1A_HUMAN	11151	CORO1A	0.63
PIPSL_HUMAN	266971	PIPSL	FRIH_HUMAN	2495	FTH1	0.63
PIPSL_HUMAN	266971	PIPSL	RM02_HUMAN	51069	MRPL2	0.63
PIPSL_HUMAN	266971	PIPSL	PUS7_HUMAN	54517	PUS7	0.63
PIPSL_HUMAN	266971	PIPSL	SMCA5_HUMAN	8467	SMARCA5	0.63
PIPSL_HUMAN	266971	PIPSL	TTLL5_HUMAN	23093	TTLL5	0.63
PIPSL_HUMAN	266971	PIPSL	IMP4_HUMAN	92856	IMP4	0.63
PIPSL_HUMAN	266971	PIPSL	RUSD4_HUMAN	84881	RPUSD4	0.63
SHSA3_HUMAN	152573	SHISA3	P121C_HUMAN	100101267	POM121C	0.63
ZAR1L_HUMAN	646799	ZAR1L	MCL1_HUMAN	4170	MCL1	0.63
CT202_HUMAN	400831	C20orf202	ABI2_HUMAN	10152	ABI2	0.63
CC85C_HUMAN	317762	CCDC85C	PPR3A_HUMAN	5506	PPP1R3A	0.63
CC85C_HUMAN	317762	CCDC85C	CADH1_HUMAN	999	CDH1	0.63
CC85C_HUMAN	317762	CCDC85C	RHOA_HUMAN	387	RHOA	0.63
CC85C_HUMAN	317762	CCDC85C	CPEB1_HUMAN	64506	CPEB1	0.63
FR1L5_HUMAN	90342	FER1L5	DX39A_HUMAN	10212	DDX39A	0.63
KLRG2_HUMAN	346689	KLRG2	KCP3_HUMAN	200634	KRTCAP3	0.63
KRBA1_HUMAN	84626	KRBA1	FBLN5_HUMAN	10516	FBLN5	0.63
PIPSL_HUMAN	266971	PIPSL	ZRAN1_HUMAN	54764	ZRANB1	0.63
RGPD3_HUMAN	653489	RGPD3	PKHA4_HUMAN	57664	PLEKHA4	0.63
RTL1_HUMAN	388015	RTL1	NTRK1_HUMAN	4914	NTRK1	0.63
ZN316_HUMAN	100131017	ZNF316		56969	RPL23AP32	0.63
ASB14_HUMAN	142686	ASB14	MIRO2_HUMAN	89941	RHOT2	0.63
CC055_HUMAN	152078	PQLC2L	UBB_HUMAN	7314	UBB	0.63
KLRG2_HUMAN	346689	KLRG2	LGAT1_HUMAN	9926	LPGAT1	0.63
OR5H1_HUMAN	26341	OR5H1	TBC24_HUMAN	57465	TBC1D24	0.63
PIPSL_HUMAN	266971	PIPSL	PRI2_HUMAN	5558	PRIM2	0.63
PIPSL_HUMAN	266971	PIPSL	GTSE1_HUMAN	51512	GTSE1	0.63
PIPSL_HUMAN	266971	PIPSL	HS3SA_HUMAN	9955	HS3ST3A1	0.63
PIPSL_HUMAN	266971	PIPSL	ZN592_HUMAN	9640	ZNF592	0.63
PIPSL_HUMAN	266971	PIPSL	TSSC4_HUMAN	10078	TSSC4	0.63
PIPSL_HUMAN	266971	PIPSL	RPF1_HUMAN	80135	RPF1	0.63
SHSA3_HUMAN	152573	SHISA3	DDR1_HUMAN	780	DDR1	0.63
ZN726_HUMAN	730087	ZNF726	CBX5_HUMAN	23468	CBX5	0.63
AGAP5_HUMAN	729092	AGAP5	KPCD2_HUMAN	25865	PRKD2	0.63
CC85C_HUMAN	317762	CCDC85C	ODFP2_HUMAN	4957	ODF2	0.63
CC85C_HUMAN	317762	CCDC85C	RND3_HUMAN	390	RND3	0.63
CC85C_HUMAN	317762	CCDC85C	RHOD_HUMAN	29984	RHOD	0.63
WDR97_HUMAN	340390	WDR97	MTMR2_HUMAN	8898	MTMR2	0.63
KR231_HUMAN	337963	KRTAP23-1	BHE40_HUMAN	8553	BHLHE40	0.63
KRBA1_HUMAN	84626	KRBA1	TFPT_HUMAN	29844	TFPT	0.63
PIPSL_HUMAN	266971	PIPSL	NUBP2_HUMAN	10101	NUBP2	0.63
RGSL_HUMAN	353299	RGSL1	SOX4_HUMAN	6659	SOX4	0.63
TCPQL_HUMAN	155100	CCT8L1P	PTN14_HUMAN	5784	PTPN14	0.63
ZBBX_HUMAN	79740	ZBBX	MDFI_HUMAN	4188	MDFI	0.63
ZN316_HUMAN	100131017	ZNF316	NOTC2_HUMAN	4853	NOTCH2	0.63
ASB14_HUMAN	142686	ASB14	RL23_HUMAN	9349	RPL23	0.63
ASB14_HUMAN	142686	ASB14	CDKAL_HUMAN	54901	CDKAL1	0.63
DHR12_HUMAN	79758	DHRS12	PLCD1_HUMAN	5333	PLCD1	0.63
KLRG2_HUMAN	346689	KLRG2	BOLA2_HUMAN	552900, 654483	BOLA2, BOLA2B	0.63
PIPSL_HUMAN	266971	PIPSL	SPS1_HUMAN	22929	SEPHS1	0.63
PIPSL_HUMAN	266971	PIPSL	DCAKD_HUMAN	79877	DCAKD	0.63
PIPSL_HUMAN	266971	PIPSL	GTPB6_HUMAN	8225	GTPBP6	0.63
PIPSL_HUMAN	266971	PIPSL	MYO5C_HUMAN	55930	MYO5C	0.63
PIPSL_HUMAN	266971	PIPSL	SKA1_HUMAN	220134	SKA1	0.63
PIPSL_HUMAN	266971	PIPSL	PHLB2_HUMAN	90102	PHLDB2	0.63
PIPSL_HUMAN	266971	PIPSL	CEP78_HUMAN	84131	CEP78	0.63
SHSA3_HUMAN	152573	SHISA3	ZN696_HUMAN	79943	ZNF696	0.63
TSPY2_HUMAN	64591	TSPY2	TSYL4_HUMAN	23270	TSPYL4	0.63
COLL1_HUMAN	340204	CLPSL1	ZY11B_HUMAN	79699	ZYG11B	0.63
CC85C_HUMAN	317762	CCDC85C	TRI25_HUMAN	7706	TRIM25	0.63
CC85C_HUMAN	317762	CCDC85C	CYLD_HUMAN	1540	CYLD	0.63
CC85C_HUMAN	317762	CCDC85C	ANC2_HUMAN	29882	ANAPC2	0.63
DCD2B_HUMAN	149069	DCDC2B	KRA33_HUMAN	85293	KRTAP3-3	0.63
KLRG2_HUMAN	346689	KLRG2	RASK_HUMAN	3845	KRAS	0.63
LCHN_HUMAN	57189	KIAA1147	TRI25_HUMAN	7706	TRIM25	0.63
PIPSL_HUMAN	266971	PIPSL	LAMP1_HUMAN	3916	LAMP1	0.63
RIM3C_HUMAN	150221	RIMBP3C	ZN581_HUMAN	51545	ZNF581	0.63
TRI75_HUMAN	391714	TRIM75P	KI20A_HUMAN	10112	KIF20A	0.63
ZN316_HUMAN	100131017	ZNF316	ESR2_HUMAN	2100	ESR2	0.63
ASB14_HUMAN	142686	ASB14	PHB2_HUMAN	11331	PHB2	0.63
ASB14_HUMAN	142686	ASB14	PR15B_HUMAN	84919	PPP1R15B	0.63
DPPA5_HUMAN	340168	DPPA5	DNM1L_HUMAN	10059	DNM1L	0.63
KLRG2_HUMAN	346689	KLRG2	ORC4_HUMAN	5000	ORC4	0.63
L37A2_HUMAN	474170	LRRC37A2	G3PT_HUMAN	26330	GAPDHS	0.63
PIPSL_HUMAN	266971	PIPSL	MOK_HUMAN	5891	MOK	0.63
PIPSL_HUMAN	266971	PIPSL	SLX1_HUMAN	548593, 79008	SLX1A, SLX1B	0.63
PIPSL_HUMAN	266971	PIPSL	PKHA5_HUMAN	54477	PLEKHA5	0.63
PIPSL_HUMAN	266971	PIPSL	CE192_HUMAN	55125	CEP192	0.63
PIPSL_HUMAN	266971	PIPSL	KIF1B_HUMAN	23095	KIF1B	0.63
PIPSL_HUMAN	266971	PIPSL	SKA2_HUMAN	348235	SKA2	0.63
PIPSL_HUMAN	266971	PIPSL	HELZ2_HUMAN	85441	HELZ2	0.63
SHSA3_HUMAN	152573	SHISA3	ANKL2_HUMAN	23141	ANKLE2	0.63
ZAR1L_HUMAN	646799	ZAR1L	PAXI_HUMAN	5829	PXN	0.63
CT202_HUMAN	400831	C20orf202	C102B_HUMAN	79839	CCDC102B	0.63
CC85C_HUMAN	317762	CCDC85C	NIN_HUMAN	51199	NIN	0.63
GL54D_HUMAN			VIGLN_HUMAN	3069	HDLBP	0.63
KLRG2_HUMAN	346689	KLRG2	CK087_HUMAN	399947	C11orf87	0.63
KRBA1_HUMAN	84626	KRBA1	P4HA2_HUMAN	8974	P4HA2	0.63
PIPSL_HUMAN	266971	PIPSL	VIR_HUMAN	25962	VIRMA	0.63
RGPD3_HUMAN	653489	RGPD3	KIF14_HUMAN	9928	KIF14	0.63
RTL1_HUMAN	388015	RTL1	PPT1_HUMAN	5538	PPT1	0.63
WDR27_HUMAN	253769	WDR27	GLYM_HUMAN	6472	SHMT2	0.63
ZN316_HUMAN	100131017	ZNF316	LN28B_HUMAN	389421	LIN28B	0.63
KAL1L_HUMAN	151050	KANSL1L	P20L1_HUMAN	51105	PHF20L1	0.63
ASB14_HUMAN	142686	ASB14	SRBP1_HUMAN	6720	SREBF1	0.63
CD047_HUMAN	441054	C4orf47	USP9Y_HUMAN	8287	USP9Y	0.63
KLRG2_HUMAN	346689	KLRG2	HS3S1_HUMAN	9957	HS3ST1	0.63
OR5H1_HUMAN	26341	OR5H1	B3A2_HUMAN	6522	SLC4A2	0.63
PIPSL_HUMAN	266971	PIPSL	PRI1_HUMAN	5557	PRIM1	0.63
PIPSL_HUMAN	266971	PIPSL	RPGF6_HUMAN	51735	RAPGEF6	0.63
PIPSL_HUMAN	266971	PIPSL	DYH14_HUMAN	127602	DNAH14	0.63
PIPSL_HUMAN	266971	PIPSL	MAP7_HUMAN	9053	MAP7	0.63
PIPSL_HUMAN	266971	PIPSL	CU002_HUMAN	755	CFAP410	0.63
PIPSL_HUMAN	266971	PIPSL	CHAP1_HUMAN	283489	CHAMP1	0.63
RIM3C_HUMAN	150221	RIMBP3C	GPAN1_HUMAN	7918	GPANK1	0.63
SHSA3_HUMAN	152573	SHISA3	PGES2_HUMAN	80142	PTGES2	0.63
ZN726_HUMAN	730087	ZNF726	TIF1B_HUMAN	10155	TRIM28	0.63
C144A_HUMAN	9720	CCDC144A	STX1B_HUMAN	112755	STX1B	0.63
CC85C_HUMAN	317762	CCDC85C	CEP89_HUMAN	84902	CEP89	0.63
CC85C_HUMAN	317762	CCDC85C	PRPS2_HUMAN	5634	PRPS2	0.63
CC85C_HUMAN	317762	CCDC85C	NDC80_HUMAN	10403	NDC80	0.63
CX023_HUMAN	256643	BCLAF3	ERH_HUMAN	2079	ERH	0.63
WDR97_HUMAN	340390	WDR97	EYA3_HUMAN	2140	EYA3	0.63
KR231_HUMAN	337963	KRTAP23-1	TNS2_HUMAN	23371	TNS2	0.63
PIPSL_HUMAN	266971	PIPSL	MCM3_HUMAN	4172	MCM3	0.63
RGPD3_HUMAN	653489	RGPD3	SUMO2_HUMAN	6613	SUMO2	0.63
TCPQL_HUMAN	155100	CCT8L1P	SSH3_HUMAN	54961	SSH3	0.63
ZN233_HUMAN	353355	ZNF233	CAC1A_HUMAN	773	CACNA1A	0.63
ZN316_HUMAN	100131017	ZNF316	CBX6_HUMAN	23466	CBX6	0.63
ASB14_HUMAN	142686	ASB14	GALK1_HUMAN	2584	GALK1	0.63
ASB14_HUMAN	142686	ASB14	PLPL2_HUMAN	57104	PNPLA2	0.63
DHR12_HUMAN	79758	DHRS12	S10A3_HUMAN	6274	S100A3	0.63
KLRG2_HUMAN	346689	KLRG2	SFXN2_HUMAN	118980	SFXN2	0.63
PIPSL_HUMAN	266971	PIPSL	SH3L3_HUMAN	83442	SH3BGRL3	0.63
PIPSL_HUMAN	266971	PIPSL	VASH2_HUMAN	79805	VASH2	0.63
PIPSL_HUMAN	266971	PIPSL	NEK4_HUMAN	6787	NEK4	0.63
PIPSL_HUMAN	266971	PIPSL	DMAP1_HUMAN	55929	DMAP1	0.63
PIPSL_HUMAN	266971	PIPSL	SKA3_HUMAN	221150	SKA3	0.63
PIPSL_HUMAN	266971	PIPSL	ZN622_HUMAN	90441	ZNF622	0.63
PIPSL_HUMAN	266971	PIPSL	UTP15_HUMAN	84135	UTP15	0.63
SHSA3_HUMAN	152573	SHISA3	DCAKD_HUMAN	79877	DCAKD	0.63
TSPY2_HUMAN	64591	TSPY2	TRIB1_HUMAN	10221	TRIB1	0.63
COLL1_HUMAN	340204	CLPSL1	BACD2_HUMAN	7126	TNFAIP1	0.63
CC85C_HUMAN	317762	CCDC85C	VIME_HUMAN	7431	VIM	0.63
CC85C_HUMAN	317762	CCDC85C	CEBPG_HUMAN	1054	CEBPG	0.63
DHR12_HUMAN	79758	DHRS12	H33_HUMAN	3020, 3021	H3F3A, H3F3B	0.63
KLRG2_HUMAN	346689	KLRG2	RASN_HUMAN	4893	NRAS	0.63
LCHN_HUMAN	57189	KIAA1147	GRAH_HUMAN	2999	GZMH	0.63
PIPSL_HUMAN	266971	PIPSL	RYBP_HUMAN	23429	RYBP	0.63
RGPD3_HUMAN	653489	RGPD3	G3BP1_HUMAN	10146	G3BP1	0.63
RIM3C_HUMAN	150221	RIMBP3C	A1CF_HUMAN	29974	A1CF	0.63
TRI75_HUMAN	391714	TRIM75P	KIF14_HUMAN	9928	KIF14	0.63
ZN860_HUMAN	344787	ZNF860	NXF1_HUMAN	10482	NXF1	0.63
ASB14_HUMAN	142686	ASB14	SSRD_HUMAN	6748	SSR4	0.63
ASB14_HUMAN	142686	ASB14	FRMD5_HUMAN	84978	FRMD5	0.63
F149A_HUMAN	25854	FAM149A	CHP3_HUMAN	54997	TESC	0.63
KLRG2_HUMAN	346689	KLRG2	PRSS8_HUMAN	5652	PRSS8	0.63
L37A2_HUMAN	474170	LRRC37A2	SRC_HUMAN	6714	SRC	0.63
PIPSL_HUMAN	266971	PIPSL	RAD21_HUMAN	5885	RAD21	0.63
PIPSL_HUMAN	266971	PIPSL	ASPC1_HUMAN	79058	ASPSCR1	0.63
PIPSL_HUMAN	266971	PIPSL	BCD1_HUMAN	54680	ZNHIT6	0.63
PIPSL_HUMAN	266971	PIPSL	PI51A_HUMAN	8394	PIP5K1A	0.63
PIPSL_HUMAN	266971	PIPSL	ABCBA_HUMAN	23456	ABCB10	0.63
PIPSL_HUMAN	266971	PIPSL	T183A_HUMAN	92703	TMEM183A	0.63
PIPSL_HUMAN	266971	PIPSL	NPHP4_HUMAN	261734	NPHP4	0.63
SHSA3_HUMAN	152573	SHISA3	TGBR3_HUMAN	7049	TGFBR3	0.63
ZAR1L_HUMAN	646799	ZAR1L	B2CL1_HUMAN	598	BCL2L1	0.63
CT202_HUMAN	400831	C20orf202	CCD53_HUMAN	51019	WASHC3	0.63
CC85C_HUMAN	317762	CCDC85C	RNF4_HUMAN	6047	RNF4	0.63
CC85C_HUMAN	317762	CCDC85C	GDF15_HUMAN	9518	GDF15	0.63
GOG6B_HUMAN	55889	GOLGA6B	KAT2B_HUMAN	8850	KAT2B	0.63
KLRG2_HUMAN	346689	KLRG2	IPPK_HUMAN	64768	IPPK	0.63
KRBA1_HUMAN	84626	KRBA1	PNMA2_HUMAN	10687	PNMA2	0.63
LRIQ3_HUMAN	127255	LRRIQ3	DX39A_HUMAN	10212	DDX39A	0.63
PIPSL_HUMAN	266971	PIPSL	OBSL1_HUMAN	23363	OBSL1	0.63
RGPD3_HUMAN	653489	RGPD3	TSNAX_HUMAN	7257	TSNAX	0.63
RTL1_HUMAN	388015	RTL1	A4_HUMAN	351	APP	0.63
WDR27_HUMAN	253769	WDR27	ASNS_HUMAN	440	ASNS	0.63
ZN316_HUMAN	100131017	ZNF316	LRAD1_HUMAN	388633	LDLRAD1	0.63
PRS38_HUMAN	339501	PRSS38	OTUB1_HUMAN	55611	OTUB1	0.63
ASB14_HUMAN	142686	ASB14	ARHG4_HUMAN	50649	ARHGEF4	0.63
CGB1_HUMAN	114335	CGB1	ZNRF2_HUMAN	223082	ZNRF2	0.63
KLRG2_HUMAN	346689	KLRG2	VWA1_HUMAN	64856	VWA1	0.63
OR5H1_HUMAN	26341	OR5H1	RHBL4_HUMAN	84236	RHBDD1	0.63
PIPSL_HUMAN	266971	PIPSL	PCNT_HUMAN	5116	PCNT	0.63
PIPSL_HUMAN	266971	PIPSL	XRCC1_HUMAN	7515	XRCC1	0.63
PIPSL_HUMAN	266971	PIPSL	ASPM_HUMAN	259266	ASPM	0.63
PIPSL_HUMAN	266971	PIPSL	TSR3_HUMAN	115939	TSR3	0.63
PIPSL_HUMAN	266971	PIPSL	KIF1A_HUMAN	547	KIF1A	0.63
PIPSL_HUMAN	266971	PIPSL	E2AK4_HUMAN	440275	EIF2AK4	0.63
RIM3C_HUMAN	150221	RIMBP3C	NOXA1_HUMAN	10811	NOXA1	0.63
SHSA3_HUMAN	152573	SHISA3	ZN579_HUMAN	163033	ZNF579	0.63
ZN726_HUMAN	730087	ZNF726	ZN430_HUMAN	80264	ZNF430	0.63
C144A_HUMAN	9720	CCDC144A	UCHL5_HUMAN	51377	UCHL5	0.63
CC85C_HUMAN	317762	CCDC85C	SCLT1_HUMAN	132320	SCLT1	0.63
CC85C_HUMAN	317762	CCDC85C	CC85A_HUMAN	114800	CCDC85A	0.63
CC85C_HUMAN	317762	CCDC85C	FLOT1_HUMAN	10211	FLOT1	0.63
DCD2B_HUMAN	149069	DCDC2B	BANP_HUMAN	54971	BANP	0.63
KR231_HUMAN	337963	KRTAP23-1	HXA1_HUMAN	3198	HOXA1	0.63
L37A1_HUMAN	9884	LRRC37A	VIR_HUMAN	25962	VIRMA	0.63
RGSL_HUMAN	353299	RGSL1	DDX58_HUMAN	23586	DDX58	0.63
TCPQL_HUMAN	155100	CCT8L1P	PTPRR_HUMAN	5801	PTPRR	0.63
ZN316_HUMAN	100131017	ZNF316	WDR92_HUMAN	116143	WDR92	0.63
ZN316_HUMAN	100131017	ZNF316	BRD1_HUMAN	23774	BRD1	0.63
ASB14_HUMAN	142686	ASB14	EMD_HUMAN	2010	EMD	0.63
ASB14_HUMAN	142686	ASB14	MFF_HUMAN	56947	MFF	0.63
DHR12_HUMAN	79758	DHRS12	VSIG8_HUMAN	284677, 391123	SNHG28, VSIG8	0.63
KLRG2_HUMAN	346689	KLRG2	INT7_HUMAN	25896	INTS7	0.63
PIPSL_HUMAN	266971	PIPSL	LSM11_HUMAN	134353	LSM11	0.63
PIPSL_HUMAN	266971	PIPSL	ALKB2_HUMAN	121642	ALKBH2	0.63
PIPSL_HUMAN	266971	PIPSL	PTOV1_HUMAN	53635	PTOV1	0.63
PIPSL_HUMAN	266971	PIPSL	CA226_HUMAN	400793	C1orf226	0.63
PIPSL_HUMAN	266971	PIPSL	ZBTB9_HUMAN	221504	ZBTB9	0.63
PIPSL_HUMAN	266971	PIPSL	SAMD1_HUMAN	90378	SAMD1	0.63
PIPSL_HUMAN	266971	PIPSL	PCGF6_HUMAN	84108	PCGF6	0.63
SHSA3_HUMAN	152573	SHISA3	TX264_HUMAN	51368	TEX264	0.63
TSPY2_HUMAN	64591	TSPY2	FP100_HUMAN	80233	FAAP100	0.63
COLL1_HUMAN	340204	CLPSL1	ZNT5_HUMAN	64924	SLC30A5	0.63
CC85C_HUMAN	317762	CCDC85C	PNMA2_HUMAN	10687	PNMA2	0.63
CC85C_HUMAN	317762	CCDC85C	ING5_HUMAN	84289	ING5	0.63
DHR12_HUMAN	79758	DHRS12	CENPK_HUMAN	64105	CENPK	0.63
LCHN_HUMAN	57189	KIAA1147	KLK15_HUMAN	55554	KLK15	0.63
RIM3C_HUMAN	150221	RIMBP3C	PNMA2_HUMAN	10687	PNMA2	0.63
TSPY2_HUMAN	64591	TSPY2	GDF11_HUMAN	10220	GDF11	0.63
ZN860_HUMAN	344787	ZNF860	GLYM_HUMAN	6472	SHMT2	0.63
ASB14_HUMAN	142686	ASB14	ELOC_HUMAN	6921	ELOC	0.63
ASB14_HUMAN	142686	ASB14	GPAT2_HUMAN	150763	GPAT2	0.63
TV23A_HUMAN	780776	TVP23A	WIPF2_HUMAN	147179	WIPF2	0.63
KLRG2_HUMAN	346689	KLRG2	MSMO1_HUMAN	6307	MSMO1	0.63
L37A2_HUMAN	474170	LRRC37A2	DUPD1_HUMAN	338599	DUPD1	0.63
PIPSL_HUMAN	266971	PIPSL	PSMD2_HUMAN	5708	PSMD2	0.63
PIPSL_HUMAN	266971	PIPSL	RM51_HUMAN	51258	MRPL51	0.63
PIPSL_HUMAN	266971	PIPSL	C2D1A_HUMAN	54862	CC2D1A	0.63
PIPSL_HUMAN	266971	PIPSL	MTMR1_HUMAN	8776	MTMR1	0.63
PIPSL_HUMAN	266971	PIPSL	TDRD7_HUMAN	23424	TDRD7	0.63
PIPSL_HUMAN	266971	PIPSL	MTG1_HUMAN	92170	MTG1	0.63
PIPSL_HUMAN	266971	PIPSL	DHX35_HUMAN	60625	DHX35	0.63
SHSA3_HUMAN	152573	SHISA3	TRIP6_HUMAN	7205	TRIP6	0.63
ZAR1L_HUMAN	646799	ZAR1L	SBP2L_HUMAN	9728	SECISBP2L	0.63
GEMC1_HUMAN	647309	GMNC	CCNE1_HUMAN	898	CCNE1	0.63
CC85C_HUMAN	317762	CCDC85C	OSBL7_HUMAN	114881	OSBPL7	0.63
KLRG2_HUMAN	346689	KLRG2	ACHA4_HUMAN	1137	CHRNA4	0.63
KRBA1_HUMAN	84626	KRBA1	KRT38_HUMAN	8687	KRT38	0.63
ME3L1_HUMAN	4213	MEIS3P1	MEIS2_HUMAN	4212	MEIS2	0.63
PIPSL_HUMAN	266971	PIPSL	KIF23_HUMAN	9493	KIF23	0.63
RGPD3_HUMAN	653489	RGPD3	H4_HUMAN	121504, 554313, 8294, 8359, 8360, 8361, 8362, 8363, 8364, 8365, 8366, 8367, 8368, 8370	HIST4H4, HIST2H4B, HIST1H4I, HIST1H4A, HIST1H4D, HIST1H4F, HIST1H4K, HIST1H4J, HIST1H4C, HIST1H4H, HIST1H4B, HIST1H4E, HIST1H4L, HIST2H4A	0.63
RTL1_HUMAN	388015	RTL1	NGB_HUMAN	58157	NGB	0.63
WDR27_HUMAN	253769	WDR27	HNRPL_HUMAN	3191	HNRNPL	0.63
ZN316_HUMAN	100131017	ZNF316	L2GL2_HUMAN	3993	LLGL2	0.63
TBC3F_HUMAN	84218	TBC1D3F	1433E_HUMAN	7531	YWHAE	0.63
ASB14_HUMAN	142686	ASB14	MARH7_HUMAN	64844	MARCH7	0.63
KLRG2_HUMAN	346689	KLRG2	PCAT2_HUMAN	54947	LPCAT2	0.63
KLRG2_HUMAN	346689	KLRG2	PTCD2_HUMAN	79810	PTCD2	0.63
OR5H1_HUMAN	26341	OR5H1		146713	RBFOX3	0.63
PIPSL_HUMAN	266971	PIPSL	PEX10_HUMAN	5192	PEX10	0.63
PIPSL_HUMAN	266971	PIPSL	ALMS1_HUMAN	7840	ALMS1	0.63
PIPSL_HUMAN	266971	PIPSL	DEN4C_HUMAN	55667	DENND4C	0.63
PIPSL_HUMAN	266971	PIPSL	THA11_HUMAN	57215	THAP11	0.63
PIPSL_HUMAN	266971	PIPSL	HBS1L_HUMAN	10767	HBS1L	0.63
PIPSL_HUMAN	266971	PIPSL	CABL2_HUMAN	81928	CABLES2	0.63
RIM3C_HUMAN	150221	RIMBP3C	CV039_HUMAN	128977	C22orf39	0.63
ZN726_HUMAN	730087	ZNF726	TIF1A_HUMAN	8805	TRIM24	0.63
C144A_HUMAN	9720	CCDC144A	CAPS1_HUMAN	8618	CADPS	0.63
CC85C_HUMAN	317762	CCDC85C	ACTB_HUMAN	60	ACTB	0.63
CC85C_HUMAN	317762	CCDC85C	IDD_HUMAN	9993	DGCR2	0.63
DCD2B_HUMAN	149069	DCDC2B	RBPMS_HUMAN	11030	RBPMS	0.63
KR231_HUMAN	337963	KRTAP23-1	CS054_HUMAN	284325	C19orf54	0.63
RGPD3_HUMAN	653489	RGPD3	CEP63_HUMAN	80254	CEP63	0.63
RIM3C_HUMAN	150221	RIMBP3C	PPL13_HUMAN	56891	LGALS14	0.63
TCPQL_HUMAN	155100	CCT8L1P	MTM1_HUMAN	4534	MTM1	0.63
ZN316_HUMAN	100131017	ZNF316	ZN148_HUMAN	7707	ZNF148	0.63
ZN316_HUMAN	100131017	ZNF316	FBLN2_HUMAN	2199	FBLN2	0.63
ASB14_HUMAN	142686	ASB14	EFTU_HUMAN	7284	TUFM	0.63
ASB14_HUMAN	142686	ASB14	OSBL8_HUMAN	114882	OSBPL8	0.63
DHR12_HUMAN	79758	DHRS12	LRC15_HUMAN	131578	LRRC15	0.63
KLRG2_HUMAN	346689	KLRG2	B3GA3_HUMAN	26229	B3GAT3	0.63
PIPSL_HUMAN	266971	PIPSL	LETM1_HUMAN	3954	LETM1	0.63
PIPSL_HUMAN	266971	PIPSL	MERL_HUMAN	4771	NF2	0.63
PIPSL_HUMAN	266971	PIPSL	TBX1_HUMAN	6899	TBX1	0.63
PIPSL_HUMAN	266971	PIPSL	RM20_HUMAN	55052	MRPL20	0.63
PIPSL_HUMAN	266971	PIPSL	ADNP2_HUMAN	22850	ADNP2	0.63
PIPSL_HUMAN	266971	PIPSL	DCAF4_HUMAN	26094	DCAF4	0.63
PIPSL_HUMAN	266971	PIPSL	ZRAB3_HUMAN	84083	ZRANB3	0.63
SHSA3_HUMAN	152573	SHISA3		285346	ZNF852	0.63
WDR27_HUMAN	253769	WDR27	HSP7C_HUMAN	3312	HSPA8	0.63
COLL1_HUMAN	340204	CLPSL1	LRP5_HUMAN	4041	LRP5	0.63
CC85C_HUMAN	317762	CCDC85C	SYTL5_HUMAN	94122	SYTL5	0.63
CC85C_HUMAN	317762	CCDC85C	VASP_HUMAN	7408	VASP	0.63
DYTN_HUMAN	391475	DYTN	P53_HUMAN	7157	TP53	0.63
KLRG2_HUMAN	346689	KLRG2	PCDB6_HUMAN	56130	PCDHB6	0.63
LCHN_HUMAN	57189	KIAA1147	LAGE3_HUMAN	8270	LAGE3	0.63
PIPSL_HUMAN	266971	PIPSL	PSD10_HUMAN	5716	PSMD10	0.63
RIM3C_HUMAN	150221	RIMBP3C	IN80B_HUMAN	83444	INO80B	0.63
TSPY2_HUMAN	64591	TSPY2	RSPH1_HUMAN	89765	RSPH1	0.63
ZN860_HUMAN	344787	ZNF860	KR109_HUMAN	386676	KRTAP10-9	0.63
ASB14_HUMAN	142686	ASB14	ELOB_HUMAN	6923	ELOB	0.63
ASB14_HUMAN	142686	ASB14	HSDL1_HUMAN	83693	HSDL1	0.63
TV23A_HUMAN	780776	TVP23A	SCND1_HUMAN	51282	SCAND1	0.63
KLRG2_HUMAN	346689	KLRG2	ZN185_HUMAN	7739	ZNF185	0.63
PIPSL_HUMAN	266971	PIPSL	COM1_HUMAN	5932	RBBP8	0.63
PIPSL_HUMAN	266971	PIPSL	RM27_HUMAN	51264	MRPL27	0.63
PIPSL_HUMAN	266971	PIPSL	RBCC1_HUMAN	9821	RB1CC1	0.63
PIPSL_HUMAN	266971	PIPSL	MCM10_HUMAN	55388	MCM10	0.63
PIPSL_HUMAN	266971	PIPSL	K0895_HUMAN	23366	KIAA0895	0.63
PIPSL_HUMAN	266971	PIPSL	H2B2C_HUMAN	337873	HIST2H2BC	0.63
PIPSL_HUMAN	266971	PIPSL	CBPC5_HUMAN	60509	AGBL5	0.63
SHSA3_HUMAN	152573	SHISA3	MYADM_HUMAN	91663	MYADM	0.63
ZAR1L_HUMAN	646799	ZAR1L	FA83D_HUMAN	81610	FAM83D	0.63
ZBBX_HUMAN	79740	ZBBX	PASK_HUMAN	23178	PASK	0.63
KAL1L_HUMAN	151050	KANSL1L	EXOC1_HUMAN	55763	EXOC1	0.63
CC85C_HUMAN	317762	CCDC85C	CO059_HUMAN	388135	INSYN1	0.63
CGB1_HUMAN	114335	CGB1	NUDC2_HUMAN	134492	NUDCD2	0.63
KLRG2_HUMAN	346689	KLRG2	CD8B_HUMAN	926	CD8B	0.63
KRBA1_HUMAN	84626	KRBA1	CCL3_HUMAN	6348	CCL3	0.63
ME3L1_HUMAN	4213	MEIS3P1	BMI1_HUMAN	648	BMI1	0.63
PIPSL_HUMAN	266971	PIPSL	KLH11_HUMAN	55175	KLHL11	0.63
RGPD3_HUMAN	653489	RGPD3	RGPD1_HUMAN	400966, 729857	RGPD1, RGPD2	0.63
WDR27_HUMAN	253769	WDR27	KIF14_HUMAN	9928	KIF14	0.63
ZN316_HUMAN	100131017	ZNF316	TP53B_HUMAN	7158	TP53BP1	0.63
ASB14_HUMAN	142686	ASB14	PTN1_HUMAN	5770	PTPN1	0.63
CL069_HUMAN	440087	SMCO3	PSA6_HUMAN	5687	PSMA6	0.63
KLRG2_HUMAN	346689	KLRG2	PIGG_HUMAN	54872	PIGG	0.63
KLRG2_HUMAN	346689	KLRG2	TBC17_HUMAN	79735	TBC1D17	0.63
OR5H1_HUMAN	26341	OR5H1	AT5G2_HUMAN	517	ATP5MC2	0.63
PIPSL_HUMAN	266971	PIPSL	PER1_HUMAN	5187	PER1	0.63
PIPSL_HUMAN	266971	PIPSL	TRI25_HUMAN	7706	TRIM25	0.63
PIPSL_HUMAN	266971	PIPSL	NSUN5_HUMAN	55695	NSUN5	0.63
PIPSL_HUMAN	266971	PIPSL	ZDBF2_HUMAN	57683	ZDBF2	0.63
PIPSL_HUMAN	266971	PIPSL	RPP29_HUMAN	10775	POP4	0.63
PIPSL_HUMAN	266971	PIPSL	PDRG1_HUMAN	81572	PDRG1	0.63
C144A_HUMAN	9720	CCDC144A	STX1A_HUMAN	6804	STX1A	0.63
CC85C_HUMAN	317762	CCDC85C	OFD1_HUMAN	8481	OFD1	0.63
CC85C_HUMAN	317762	CCDC85C	NAA40_HUMAN	79829	NAA40	0.63
CC85C_HUMAN	317762	CCDC85C	RN149_HUMAN	284996	RNF149	0.63
DCD2B_HUMAN	149069	DCDC2B	MTUS2_HUMAN	23281	MTUS2	0.63
KR231_HUMAN	337963	KRTAP23-1	TEX37_HUMAN	200523	TEX37	0.63
L37A2_HUMAN	474170	LRRC37A2	VIR_HUMAN	25962	VIRMA	0.63
PIPSL_HUMAN	266971	PIPSL	UBE3A_HUMAN	7337	UBE3A	0.63
RGPD3_HUMAN	653489	RGPD3	CEP44_HUMAN	80817	CEP44	0.63
RIM3C_HUMAN	150221	RIMBP3C	LONF1_HUMAN	91694	LONRF1	0.63
TM213_HUMAN	155006	TMEM213	ITF2_HUMAN	6925	TCF4	0.63
ZN316_HUMAN	100131017	ZNF316	ABT1_HUMAN	29777	ABT1	0.63
ASB14_HUMAN	142686	ASB14	VDAC1_HUMAN	7416	VDAC1	0.63
ASB14_HUMAN	142686	ASB14	FKBP8_HUMAN	23770	FKBP8	0.63
DHR12_HUMAN	79758	DHRS12	CALL3_HUMAN	810	CALML3	0.63
KLRG2_HUMAN	346689	KLRG2	TIP_HUMAN	81533	ITFG1	0.63
PIPSL_HUMAN	266971	PIPSL	DNLI3_HUMAN	3980	LIG3	0.63
PIPSL_HUMAN	266971	PIPSL	NEK1_HUMAN	4750	NEK1	0.63
PIPSL_HUMAN	266971	PIPSL	SUV91_HUMAN	6839	SUV39H1	0.63
PIPSL_HUMAN	266971	PIPSL	MIRO1_HUMAN	55288	RHOT1	0.63
PIPSL_HUMAN	266971	PIPSL	BOP1_HUMAN	23246	BOP1	0.63
PIPSL_HUMAN	266971	PIPSL	FBX10_HUMAN	26267	FBXO10	0.63
PIPSL_HUMAN	266971	PIPSL	HOOK3_HUMAN	84376	HOOK3	0.63
SHSA3_HUMAN	152573	SHISA3	ZN316_HUMAN	100131017	ZNF316	0.63
YDJC_HUMAN	150223	YDJC	PP2AA_HUMAN	5515	PPP2CA	0.63
COLL1_HUMAN	340204	CLPSL1	NUD15_HUMAN	55270	NUDT15	0.63
CC85C_HUMAN	317762	CCDC85C	LATS2_HUMAN	26524	LATS2	0.63
CC85C_HUMAN	317762	CCDC85C	BICD2_HUMAN	23299	BICD2	0.63
CC85C_HUMAN	317762	CCDC85C	PKHA4_HUMAN	57664	PLEKHA4	0.63
F149A_HUMAN	25854	FAM149A	HNRPL_HUMAN	3191	HNRNPL	0.63
KLRG2_HUMAN	346689	KLRG2	TSN10_HUMAN	83882	TSPAN10	0.63
LCHN_HUMAN	57189	KIAA1147	HCST_HUMAN	10870	HCST	0.63
PIPSL_HUMAN	266971	PIPSL	HB22_HUMAN	3119	HLA-DQB1	0.63
RGPD3_HUMAN	653489	RGPD3	MIA2_HUMAN	117153	MIA2	0.63
TSPY2_HUMAN	64591	TSPY2	F163B_HUMAN	642968	FAM163B	0.63
ZN316_HUMAN	100131017	ZNF316	RNF4_HUMAN	6047	RNF4	0.63
ZN860_HUMAN	344787	ZNF860	CEP70_HUMAN	80321	CEP70	0.63
ASB14_HUMAN	142686	ASB14	RS16_HUMAN	6217	RPS16	0.63
CC055_HUMAN	152078	PQLC2L	ANR40_HUMAN	91369	ANKRD40	0.63
TV23A_HUMAN	780776	TVP23A	YIPF1_HUMAN	54432	YIPF1	0.63
KLRG2_HUMAN	346689	KLRG2	WNT5A_HUMAN	7474	WNT5A	0.63
LRIQ3_HUMAN	127255	LRRIQ3	GBB4_HUMAN	59345	GNB4	0.63
PIPSL_HUMAN	266971	PIPSL	MAGF1_HUMAN	64110	MAGEF1	0.63
PIPSL_HUMAN	266971	PIPSL	DCDC2_HUMAN	51473	DCDC2	0.63
PIPSL_HUMAN	266971	PIPSL	SFI1_HUMAN	9814	SFI1	0.63
PIPSL_HUMAN	266971	PIPSL	M18BP_HUMAN	55320	MIS18BP1	0.63
PIPSL_HUMAN	266971	PIPSL	TASOR_HUMAN	23272	TASOR	0.63
PIPSL_HUMAN	266971	PIPSL	ABT1_HUMAN	29777	ABT1	0.63
PIPSL_HUMAN	266971	PIPSL	PYRD_HUMAN	1723	DHODH	0.63
SHSA3_HUMAN	152573	SHISA3	RUSD2_HUMAN	27079	RPUSD2	0.63
ZAR1L_HUMAN	646799	ZAR1L	F117A_HUMAN	81558	FAM117A	0.63
CC85C_HUMAN	317762	CCDC85C	SPSB4_HUMAN	92369	SPSB4	0.63
KLRG2_HUMAN	346689	KLRG2	GLU2B_HUMAN	5589	PRKCSH	0.63
KRBA1_HUMAN	84626	KRBA1	TRI52_HUMAN	84851	TRIM52	0.63
MT1DP_HUMAN	326343	MT1DP	MEOX2_HUMAN	4223	MEOX2	0.63
PIPSL_HUMAN	266971	PIPSL	ANR29_HUMAN	147463	ANKRD29	0.63
RGPD3_HUMAN	653489	RGPD3	BTF3_HUMAN	689	BTF3	0.63
SHSA3_HUMAN	152573	SHISA3	PNMA1_HUMAN	9240	PNMA1	0.63
WDR27_HUMAN	253769	WDR27	HNRH1_HUMAN	3187	HNRNPH1	0.63
ASB14_HUMAN	142686	ASB14	AKAP1_HUMAN	8165	AKAP1	0.63
KLRG2_HUMAN	346689	KLRG2	CC50A_HUMAN	55754	TMEM30A	0.63
KLRG2_HUMAN	346689	KLRG2	ADCK4_HUMAN	79934	COQ8B	0.63
OR5H1_HUMAN	26341	OR5H1	ATG9A_HUMAN	79065	ATG9A	0.63
PIPSL_HUMAN	266971	PIPSL	PLPL8_HUMAN	50640	PNPLA8	0.63
PIPSL_HUMAN	266971	PIPSL	TSYL1_HUMAN	7259	TSPYL1	0.63
PIPSL_HUMAN	266971	PIPSL	H2AW_HUMAN	55506	H2AFY2	0.63
PIPSL_HUMAN	266971	PIPSL	CAMP3_HUMAN	57662	CAMSAP3	0.63
PIPSL_HUMAN	266971	PIPSL	STAG2_HUMAN	10735	STAG2	0.63
PIPSL_HUMAN	266971	PIPSL	FA83D_HUMAN	81610	FAM83D	0.63
SHSA3_HUMAN	152573	SHISA3	CLD11_HUMAN	5010	CLDN11	0.63
ZN839_HUMAN	55778	ZNF839	1433E_HUMAN	7531	YWHAE	0.63
C144A_HUMAN	9720	CCDC144A	T22D2_HUMAN	9819	TSC22D2	0.63
CC85C_HUMAN	317762	CCDC85C	FBF1_HUMAN	85302	FBF1	0.63
CC85C_HUMAN	317762	CCDC85C	PARD3_HUMAN	56288	PARD3	0.63
CC85C_HUMAN	317762	CCDC85C	LATS1_HUMAN	9113	LATS1	0.63
DCD2B_HUMAN	149069	DCDC2B	K1C40_HUMAN	125115	KRT40	0.63
KR231_HUMAN	337963	KRTAP23-1	KCC2A_HUMAN	815	CAMK2A	0.63
RGPD3_HUMAN	653489	RGPD3	IF16_HUMAN	3428	IFI16	0.63
RIM3C_HUMAN	150221	RIMBP3C	FRS3_HUMAN	10817	FRS3	0.63
TM213_HUMAN	155006	TMEM213	METK2_HUMAN	4144	MAT2A	0.63
ZN316_HUMAN	100131017	ZNF316	RS3_HUMAN	6188	RPS3	0.63
ASB14_HUMAN	142686	ASB14	CUL5_HUMAN	8065	CUL5	0.63
ASB14_HUMAN	142686	ASB14	ESYT1_HUMAN	23344	ESYT1	0.63
DHR12_HUMAN	79758	DHRS12	DSG4_HUMAN	147409	DSG4	0.63
KLRG2_HUMAN	346689	KLRG2	CN021_HUMAN	161424	NOP9	0.63
PIPSL_HUMAN	266971	PIPSL	KAT2A_HUMAN	2648	KAT2A	0.63
PIPSL_HUMAN	266971	PIPSL	NDUB5_HUMAN	4711	NDUFB5	0.63
PIPSL_HUMAN	266971	PIPSL	MTMR5_HUMAN	6305	SBF1	0.63
PIPSL_HUMAN	266971	PIPSL	SETD5_HUMAN	55209	SETD5	0.63
PIPSL_HUMAN	266971	PIPSL	MGAP_HUMAN	23269	MGA	0.63
PIPSL_HUMAN	266971	PIPSL	CEP95_HUMAN	90799	CEP95	0.63
PIPSL_HUMAN	266971	PIPSL	CC026_HUMAN	84319	CMSS1	0.63
SHSA3_HUMAN	152573	SHISA3	PYRG2_HUMAN	56474	CTPS2	0.63
ZAR1L_HUMAN	646799	ZAR1L	ELAV2_HUMAN	1993	ELAVL2	0.63
CT202_HUMAN	400831	C20orf202	SNAPN_HUMAN	23557	SNAPIN	0.63
CC85C_HUMAN	317762	CCDC85C	CO8A1_HUMAN	1295	COL8A1	0.63
CC85C_HUMAN	317762	CCDC85C	UNK_HUMAN	85451	UNK	0.63
F149A_HUMAN	25854	FAM149A	GCR_HUMAN	2908	NR3C1	0.63
KLRG2_HUMAN	346689	KLRG2	CC062_HUMAN	375341	C3orf62	0.63
LCHN_HUMAN	57189	KIAA1147	DNJA2_HUMAN	10294	DNAJA2	0.63
PIPSL_HUMAN	266971	PIPSL	PSD12_HUMAN	5718	PSMD12	0.63
RP1BL_HUMAN			SPB5_HUMAN	5268	SERPINB5	0.63
TSPY2_HUMAN	64591	TSPY2	PHOS_HUMAN	5132	PDC	0.63
ASB14_HUMAN	142686	ASB14	TXTP_HUMAN	6576	SLC25A1	0.63
CC055_HUMAN	152078	PQLC2L	ASGL1_HUMAN	80150	ASRGL1	0.63
GRD2I_HUMAN	392862	GRID2IP	BI2L1_HUMAN	55971	BAIAP2L1	0.63
KLRG2_HUMAN	346689	KLRG2	USO1_HUMAN	8615	USO1	0.63
LRIQ3_HUMAN	127255	LRRIQ3	PGAM2_HUMAN	5224	PGAM2	0.63
PIPSL_HUMAN	266971	PIPSL	LLR1_HUMAN	122769	LRR1	0.63
PIPSL_HUMAN	266971	PIPSL	HOOK1_HUMAN	51361	HOOK1	0.63
PIPSL_HUMAN	266971	PIPSL	Z518A_HUMAN	9849	ZNF518A	0.63
PIPSL_HUMAN	266971	PIPSL	PUSL1_HUMAN	126789	PUSL1	0.63
PIPSL_HUMAN	266971	PIPSL	TSYL4_HUMAN	23270	TSPYL4	0.63
PIPSL_HUMAN	266971	PIPSL	SENP5_HUMAN	205564	SENP5	0.63
PIPSL_HUMAN	266971	PIPSL	KC1E_HUMAN	1454	CSNK1E	0.63
SHSA3_HUMAN	152573	SHISA3	BSCL2_HUMAN	26580	BSCL2	0.63
ZAR1L_HUMAN	646799	ZAR1L	MIGA1_HUMAN	374986	MIGA1	0.63
ZN726_HUMAN	730087	ZNF726	PFD2_HUMAN	5202	PFDN2	0.63
SWAHB_HUMAN	345079	SOWAHB	EMD_HUMAN	2010	EMD	0.63
CC85C_HUMAN	317762	CCDC85C	CEP63_HUMAN	80254	CEP63	0.63
CC85C_HUMAN	317762	CCDC85C	CTNA1_HUMAN	1495	CTNNA1	0.63
CL069_HUMAN	440087	SMCO3	TRI39_HUMAN	56658	TRIM39	0.63
KLRG2_HUMAN	346689	KLRG2	APR_HUMAN	5366	PMAIP1	0.63
KRBA1_HUMAN	84626	KRBA1	DPP8_HUMAN	54878	DPP8	0.63
NCF1B_HUMAN	654816	NCF1B	SH3G3_HUMAN	6457	SH3GL3	0.63
PIPSL_HUMAN	266971	PIPSL	INF2_HUMAN	64423	INF2	0.63
RGPD3_HUMAN	653489	RGPD3	CTRO_HUMAN	11113	CIT	0.63
SHSA3_HUMAN	152573	SHISA3	MEOX2_HUMAN	4223	MEOX2	0.63
WDR27_HUMAN	253769	WDR27	ADA18_HUMAN	8749	ADAM18	0.63
ZN316_HUMAN	100131017	ZNF316	SCRIB_HUMAN	23513	SCRIB	0.63
ASB14_HUMAN	142686	ASB14	VRK2_HUMAN	7444	VRK2	0.63
CP093_HUMAN	90835	CCDC189	TBA1A_HUMAN	7846	TUBA1A	0.63
DCD2B_HUMAN	149069	DCDC2B	FRS3_HUMAN	10817	FRS3	0.63
KLRG2_HUMAN	346689	KLRG2	LPCT4_HUMAN	254531	LPCAT4	0.63
PI4P2_HUMAN	375133	PI4KAP2	GSTCD_HUMAN	79807	GSTCD	0.63
PIPSL_HUMAN	266971	PIPSL	RM36_HUMAN	64979	MRPL36	0.63
PIPSL_HUMAN	266971	PIPSL	TOP2B_HUMAN	7155	TOP2B	0.63
PIPSL_HUMAN	266971	PIPSL	SPAT7_HUMAN	55812	SPATA7	0.63
PIPSL_HUMAN	266971	PIPSL	CRML_HUMAN	57585	CRAMP1	0.63
PIPSL_HUMAN	266971	PIPSL	SRCAP_HUMAN	10847	SRCAP	0.63
PIPSL_HUMAN	266971	PIPSL	SMCR8_HUMAN	140775	SMCR8	0.63
SHSA3_HUMAN	152573	SHISA3	MAL_HUMAN	4118	MAL	0.63
CC85C_HUMAN	317762	CCDC85C	CE128_HUMAN	145508	CEP128	0.63
CC85C_HUMAN	317762	CCDC85C	SDCG3_HUMAN	10807	ENTR1	0.63
CC85C_HUMAN	317762	CCDC85C	OTOF_HUMAN	9381	OTOF	0.63
KR231_HUMAN	337963	KRTAP23-1	YPEL3_HUMAN	83719	YPEL3	0.63
LCHN_HUMAN	57189	KIAA1147	SETBP_HUMAN	26040	SETBP1	0.63
PIPSL_HUMAN	266971	PIPSL	ESR2_HUMAN	2100	ESR2	0.63
RGPD3_HUMAN	653489	RGPD3	MCM2_HUMAN	4171	MCM2	0.63
RIM3C_HUMAN	150221	RIMBP3C	RPAC1_HUMAN	9533	POLR1C	0.63
TM213_HUMAN	155006	TMEM213	MAL_HUMAN	4118	MAL	0.63
ZN316_HUMAN	100131017	ZNF316	NTRK1_HUMAN	4914	NTRK1	0.63
ZN316_HUMAN	100131017	ZNF316	OASL_HUMAN	8638	OASL	0.63
ASB14_HUMAN	142686	ASB14	AT2A2_HUMAN	488	ATP2A2	0.63
ASB14_HUMAN	142686	ASB14	AMFR_HUMAN	267	AMFR	0.63
DHR12_HUMAN	79758	DHRS12	PROL4_HUMAN	11272	PRR4	0.63
KLRG2_HUMAN	346689	KLRG2	FRMD5_HUMAN	84978	FRMD5	0.63
PIPSL_HUMAN	266971	PIPSL	FLII_HUMAN	2314	FLII	0.63
PIPSL_HUMAN	266971	PIPSL	MYO5A_HUMAN	4644	MYO5A	0.63
PIPSL_HUMAN	266971	PIPSL	SMCA1_HUMAN	6594	SMARCA1	0.63
PIPSL_HUMAN	266971	PIPSL	YYAP1_HUMAN	55249	YY1AP1	0.63
PIPSL_HUMAN	266971	PIPSL	F120A_HUMAN	23196	FAM120A	0.63
PIPSL_HUMAN	266971	PIPSL	YTDC1_HUMAN	91746	YTHDC1	0.63
PIPSL_HUMAN	266971	PIPSL	SLF1_HUMAN	84250	SLF1	0.63
SHSA3_HUMAN	152573	SHISA3	PEO1_HUMAN	56652	TWNK	0.63
ZAR1L_HUMAN	646799	ZAR1L	CLU_HUMAN	23277	CLUH	0.63
CT202_HUMAN	400831	C20orf202	MARE3_HUMAN	22924	MAPRE3	0.63
CC85C_HUMAN	317762	CCDC85C	PAXI_HUMAN	5829	PXN	0.63
CC85C_HUMAN	317762	CCDC85C	AFAD_HUMAN	4301	AFDN	0.63
TV23A_HUMAN	780776	TVP23A	LERL1_HUMAN	23484	LEPROTL1	0.63
KLRG2_HUMAN	346689	KLRG2	CLRN2_HUMAN	645104	CLRN2	0.63
LCHN_HUMAN	57189	KIAA1147	CST1L_HUMAN	128817	CSTL1	0.63
PIPSL_HUMAN	266971	PIPSL	PRS4_HUMAN	5700	PSMC1	0.63
RGPD3_HUMAN	653489	RGPD3	NUP62_HUMAN	23636	NUP62	0.63
RP1BL_HUMAN			RS27_HUMAN	6232	RPS27	0.63
TSPY2_HUMAN	64591	TSPY2	LHX3_HUMAN	8022	LHX3	0.63
ZN316_HUMAN	100131017	ZNF316	GLI4_HUMAN	2738	GLI4	0.63
ZSA5B_HUMAN	342933	ZSCAN5B	PSPC1_HUMAN	55269	PSPC1	0.63
ASB14_HUMAN	142686	ASB14	NOTC2_HUMAN	4853	NOTCH2	0.63
CC055_HUMAN	152078	PQLC2L	TTC9C_HUMAN	283237	TTC9C	0.63
KLRG2_HUMAN	346689	KLRG2	CNTP1_HUMAN	8506	CNTNAP1	0.63
MT1DP_HUMAN	326343	MT1DP	KR105_HUMAN	386680	KRTAP10-5	0.63
PIPSL_HUMAN	266971	PIPSL	PLD2_HUMAN	5338	PLD2	0.63
PIPSL_HUMAN	266971	PIPSL	ZN747_HUMAN	65988	ZNF747	0.63
PIPSL_HUMAN	266971	PIPSL	BMS1_HUMAN	9790	BMS1	0.63
PIPSL_HUMAN	266971	PIPSL	TAOK2_HUMAN	9344	TAOK2	0.63
PIPSL_HUMAN	266971	PIPSL	CBPC1_HUMAN	23287	AGTPBP1	0.63
PIPSL_HUMAN	266971	PIPSL	MRM2_HUMAN	29960	MRM2	0.63
PIPSL_HUMAN	266971	PIPSL	CETN2_HUMAN	1069	CETN2	0.63
SHSA3_HUMAN	152573	SHISA3	PMYT1_HUMAN	9088	PKMYT1	0.63
ZAR1L_HUMAN	646799	ZAR1L	HMBX1_HUMAN	79618	HMBOX1	0.63
ZN726_HUMAN	730087	ZNF726	ZN716_HUMAN	441234	ZNF716	0.63
TBC3F_HUMAN	84218	TBC1D3F	CLIC3_HUMAN	9022	CLIC3	0.63
CC85C_HUMAN	317762	CCDC85C	CEP44_HUMAN	80817	CEP44	0.63
CC85C_HUMAN	317762	CCDC85C	HNRPL_HUMAN	3191	HNRNPL	0.63
CC85C_HUMAN	317762	CCDC85C	EXTL3_HUMAN	2137	EXTL3	0.63
KLRG2_HUMAN	346689	KLRG2	SIDT2_HUMAN	51092	SIDT2	0.63
KRBA1_HUMAN	84626	KRBA1	ZN738_HUMAN	148203	ZNF738	0.63
PIPSL_HUMAN	266971	PIPSL	TLR10_HUMAN	81793	TLR10	0.63
RGPD3_HUMAN	653489	RGPD3	PRC1_HUMAN	9055	PRC1	0.63
TCPQL_HUMAN	155100	CCT8L1P	MPIP1_HUMAN	993	CDC25A	0.63
YDJC_HUMAN	150223	YDJC	MOV10_HUMAN	4343	MOV10	0.63
ZN316_HUMAN	100131017	ZNF316	CBX3_HUMAN	11335	CBX3	0.63
TBC3F_HUMAN	84218	TBC1D3F	ZRAN1_HUMAN	54764	ZRANB1	0.63
ASB14_HUMAN	142686	ASB14	TBA1A_HUMAN	7846	TUBA1A	0.63
CQ066_HUMAN	256957	HEATR9	HEMK1_HUMAN	51409	HEMK1	0.63
DCD2B_HUMAN	149069	DCDC2B	ZN574_HUMAN	64763	ZNF574	0.63
KLRG2_HUMAN	346689	KLRG2	LRFN1_HUMAN	57622	LRFN1	0.63
PI4P2_HUMAN	375133	PI4KAP2	PI4KA_HUMAN	5297	PI4KA	0.63
PIPSL_HUMAN	266971	PIPSL	SMAL1_HUMAN	50485	SMARCAL1	0.63
PIPSL_HUMAN	266971	PIPSL	TOP2A_HUMAN	7153	TOP2A	0.63
PIPSL_HUMAN	266971	PIPSL	ASH1L_HUMAN	55870	ASH1L	0.63
PIPSL_HUMAN	266971	PIPSL	MAVS_HUMAN	57506	MAVS	0.63
PIPSL_HUMAN	266971	PIPSL	DCA13_HUMAN	25879	DCAF13	0.63
PIPSL_HUMAN	266971	PIPSL	TPRN_HUMAN	286262	TPRN	0.63
SHSA3_HUMAN	152573	SHISA3	TM147_HUMAN	10430	TMEM147	0.63
ZSA5B_HUMAN	342933	ZSCAN5B	HOMEZ_HUMAN	57594	HOMEZ	0.63
CC055_HUMAN	152078	PQLC2L	MEOX2_HUMAN	4223	MEOX2	0.63
CC85C_HUMAN	317762	CCDC85C	CNTRL_HUMAN	11064	CNTRL	0.63
CC85C_HUMAN	317762	CCDC85C	CD109_HUMAN	135228	CD109	0.63
CC85C_HUMAN	317762	CCDC85C	ZRAN1_HUMAN	54764	ZRANB1	0.63
PIPSL_HUMAN	266971	PIPSL	HIF1N_HUMAN	55662	HIF1AN	0.63
RGPD3_HUMAN	653489	RGPD3	B9D2_HUMAN	80776	B9D2	0.63
RIM3C_HUMAN	150221	RIMBP3C	NEK6_HUMAN	10783	NEK6	0.63
TM213_HUMAN	155006	TMEM213	PGRC1_HUMAN	10857	PGRMC1	0.63
ZN839_HUMAN	55778	ZNF839	1433Z_HUMAN	7534	YWHAZ	0.63
ASB14_HUMAN	142686	ASB14	ADT3_HUMAN	293	SLC25A6	0.63
ASB14_HUMAN	142686	ASB14	S27A3_HUMAN	11000	SLC27A3	0.63
DHR12_HUMAN	79758	DHRS12	LACRT_HUMAN	90070	LACRT	0.63
KLRG2_HUMAN	346689	KLRG2	1C01_HUMAN	3107	HLA-C	0.63
KRBA1_HUMAN	84626	KRBA1	MAEA_HUMAN	10296	MAEA	0.63
PIPSL_HUMAN	266971	PIPSL	FOXM1_HUMAN	2305	FOXM1	0.63
PIPSL_HUMAN	266971	PIPSL	NEDD1_HUMAN	121441	NEDD1	0.63
PIPSL_HUMAN	266971	PIPSL	ITSN1_HUMAN	6453	ITSN1	0.63
PIPSL_HUMAN	266971	PIPSL	NEIL3_HUMAN	55247	NEIL3	0.63
PIPSL_HUMAN	266971	PIPSL	POGZ_HUMAN	23126	POGZ	0.63
PIPSL_HUMAN	266971	PIPSL	PRLD1_HUMAN	27166	PRELID1	0.63
PIPSL_HUMAN	266971	PIPSL	SV422_HUMAN	84787	KMT5C	0.63
SHSA3_HUMAN	152573	SHISA3	ZN444_HUMAN	55311	ZNF444	0.63
ZAR1L_HUMAN	646799	ZAR1L	ANGE1_HUMAN	23357	ANGEL1	0.63
CT202_HUMAN	400831	C20orf202	MARE1_HUMAN	22919	MAPRE1	0.63
CC85C_HUMAN	317762	CCDC85C	EGLN3_HUMAN	112399	EGLN3	0.63
CC85C_HUMAN	317762	CCDC85C	ZO1_HUMAN	7082	TJP1	0.63
CC85C_HUMAN	317762	CCDC85C	SYNE3_HUMAN	161176	SYNE3	0.63
TV23A_HUMAN	780776	TVP23A	APEX1_HUMAN	328	APEX1	0.63
KLRG2_HUMAN	346689	KLRG2	PCDA8_HUMAN	56140	PCDHA8	0.63
KRBA1_HUMAN	84626	KRBA1	FNTB_HUMAN	2342	FNTB	0.63
LCHN_HUMAN	57189	KIAA1147	F174A_HUMAN	345757	FAM174A	0.63
PIPSL_HUMAN	266971	PIPSL	PTN2_HUMAN	5771	PTPN2	0.63
RGPD3_HUMAN	653489	RGPD3	SKA3_HUMAN	221150	SKA3	0.63
RP1BL_HUMAN			ACL6A_HUMAN	86	ACTL6A	0.63
TSPY2_HUMAN	64591	TSPY2	CH033_HUMAN	65265	C8orf33	0.63
ZN316_HUMAN	100131017	ZNF316	DDX58_HUMAN	23586	DDX58	0.63
ZSA5B_HUMAN	342933	ZSCAN5B	ZBT7B_HUMAN	100293130, 51043	LOC100293130, ZBTB7B	0.63
CC055_HUMAN	152078	PQLC2L	NBR1_HUMAN	4077	NBR1	0.63
