didn't find O60597 in the database, skipped it
didn't find O75812 in the database, skipped it
didn't find O95090 in the database, skipped it
didn't find P0DKL9 in the database, skipped it
didn't find P0DM63 in the database, skipped it
didn't find P0DMQ9 in the database, skipped it
didn't find P0DMU3 in the database, skipped it
didn't find P0DMV1 in the database, skipped it
didn't find P0DMV2 in the database, skipped it
didn't find P0DMW3 in the database, skipped it
didn't find P0DMW4 in the database, skipped it
didn't find P0DMW5 in the database, skipped it
didn't find P0DP71 in the database, skipped it
didn't find P0DPP9 in the database, skipped it
didn't find P0DPQ3 in the database, skipped it
didn't find P0DQW1 in the database, skipped it
didn't find P0DV60 in the database, skipped it
didn't find P0DXC3 in the database, skipped it
didn't find P78534 in the database, skipped it
didn't find P78542 in the database, skipped it
didn't find Q05BS2 in the database, skipped it
didn't find Q05BX2 in the database, skipped it
didn't find Q05BZ3 in the database, skipped it
didn't find Q05C89 in the database, skipped it
didn't find Q05CH1 in the database, skipped it
didn't find Q05D86 in the database, skipped it
didn't find Q05DG7 in the database, skipped it
didn't find Q06HB5 in the database, skipped it
didn't find Q06HB9 in the database, skipped it
didn't find Q06HC7 in the database, skipped it
didn't find Q08AP5 in the database, skipped it
didn't find Q08EI0 in the database, skipped it
didn't find Q0P5T2 in the database, skipped it
didn't find Q0P665 in the database, skipped it
didn't find Q0P6G1 in the database, skipped it
didn't find Q0P6N6 in the database, skipped it
didn't find Q0VAE8 in the database, skipped it
didn't find Q0VAP4 in the database, skipped it
didn't find Q0VAP8 in the database, skipped it
didn't find Q0VD77 in the database, skipped it
didn't find Q0VGD4 in the database, skipped it
didn't find Q14172 in the database, skipped it
didn't find Q14174 in the database, skipped it
didn't find Q14D93 in the database, skipped it
didn't find Q15136 in the database, skipped it
didn't find Q15244 in the database, skipped it
didn't find Q15635 in the database, skipped it
didn't find Q15702 in the database, skipped it
didn't find Q16075 in the database, skipped it
didn't find Q16157 in the database, skipped it
didn't find Q16446 in the database, skipped it
didn't find Q16591 in the database, skipped it
didn't find Q17RW3 in the database, skipped it
didn't find Q1JUQ3 in the database, skipped it
didn't find Q1PHJ2 in the database, skipped it
didn't find Q1PHJ8 in the database, skipped it
didn't find Q1PSW9 in the database, skipped it
didn't find Q1RLN5 in the database, skipped it
didn't find Q1T7F5 in the database, skipped it
didn't find Q1T7F6 in the database, skipped it
didn't find Q29704 in the database, skipped it
didn't find Q2HIZ1 in the database, skipped it
didn't find Q2HIZ8 in the database, skipped it
didn't find Q2HNT4 in the database, skipped it
didn't find Q2I378 in the database, skipped it
didn't find Q2M3K9 in the database, skipped it
didn't find Q2MD42 in the database, skipped it
didn't find Q2MD46 in the database, skipped it
didn't find Q2MD47 in the database, skipped it
didn't find Q2MD51 in the database, skipped it
didn't find Q2MDE8 in the database, skipped it
didn't find Q2PJS8 in the database, skipped it
didn't find Q2PPL5 in the database, skipped it
didn't find Q2TAM5 in the database, skipped it
didn't find Q2TAY9 in the database, skipped it
didn't find Q2TM25 in the database, skipped it
didn't find Q2V6Q1 in the database, skipped it
didn't find Q2XQG4 in the database, skipped it
didn't find Q2YDW8 in the database, skipped it
didn't find Q2Z196 in the database, skipped it
didn't find Q2Z197 in the database, skipped it
didn't find Q304Z4 in the database, skipped it
didn't find Q32W76 in the database, skipped it
didn't find Q3B7J8 in the database, skipped it
didn't find Q3B891 in the database, skipped it
didn't find Q3HM38 in the database, skipped it
didn't find Q3KNT2 in the database, skipped it
didn't find Q3KNW3 in the database, skipped it
didn't find Q3KQS6 in the database, skipped it
didn't find Q3KZ29 in the database, skipped it
didn't find Q3KZ30 in the database, skipped it
didn't find Q3L1R2 in the database, skipped it
didn't find Q3MS88 in the database, skipped it
didn't find Q3MS90 in the database, skipped it
didn't find Q3MS94 in the database, skipped it
didn't find Q3MS97 in the database, skipped it
didn't find Q3SXZ0 in the database, skipped it
didn't find Q3SY49 in the database, skipped it
didn't find Q3SY61 in the database, skipped it
didn't find Q3SY87 in the database, skipped it
didn't find Q3SYA6 in the database, skipped it
didn't find Q3SYD7 in the database, skipped it
didn't find Q3T1D4 in the database, skipped it
didn't find Q3T7B4 in the database, skipped it
didn't find Q3T907 in the database, skipped it
didn't find Q3ZCN8 in the database, skipped it
didn't find Q3ZM63 in the database, skipped it
didn't find Q495G5 in the database, skipped it
didn't find Q495V5 in the database, skipped it
didn't find Q496J0 in the database, skipped it
didn't find Q496J3 in the database, skipped it
didn't find Q498B9 in the database, skipped it
didn't find Q49A14 in the database, skipped it
didn't find Q49A59 in the database, skipped it
didn't find Q49A74 in the database, skipped it
didn't find Q49AA1 in the database, skipped it
didn't find Q49AC9 in the database, skipped it
didn't find Q49AF1 in the database, skipped it
didn't find Q49AI2 in the database, skipped it
didn't find Q49AL5 in the database, skipped it
didn't find Q49AM6 in the database, skipped it
didn't find Q49AR5 in the database, skipped it
didn't find Q49AT5 in the database, skipped it
didn't find Q4G0N1 in the database, skipped it
didn't find Q4G0W3 in the database, skipped it
didn't find Q4G0X0 in the database, skipped it
didn't find Q4G0X5 in the database, skipped it
didn't find Q4G141 in the database, skipped it
didn't find Q4G1C1 in the database, skipped it
didn't find Q4JDK3 in the database, skipped it
didn't find Q4KMX1 in the database, skipped it
didn't find Q4KMZ4 in the database, skipped it
didn't find Q4KN05 in the database, skipped it
didn't find Q4KN23 in the database, skipped it
didn't find Q4KN30 in the database, skipped it
didn't find Q4PNE6 in the database, skipped it
didn't find Q4TT46 in the database, skipped it
didn't find Q4TT65 in the database, skipped it
didn't find Q4V370 in the database, skipped it
didn't find Q4VB95 in the database, skipped it
didn't find Q4VBA9 in the database, skipped it
didn't find Q4VX54 in the database, skipped it
didn't find Q4VXB2 in the database, skipped it
didn't find Q4VXD4 in the database, skipped it
didn't find Q4VXH0 in the database, skipped it
didn't find Q4VXH1 in the database, skipped it
didn't find Q4VXM0 in the database, skipped it
didn't find Q4VXM1 in the database, skipped it
didn't find Q4VXN0 in the database, skipped it
didn't find Q4VXN1 in the database, skipped it
didn't find Q4VXN2 in the database, skipped it
didn't find Q4VXN5 in the database, skipped it
didn't find Q4VXN6 in the database, skipped it
didn't find Q4VXN7 in the database, skipped it
didn't find Q4VXN8 in the database, skipped it
didn't find Q4VXR9 in the database, skipped it
didn't find Q4VXT5 in the database, skipped it
didn't find Q4VXT8 in the database, skipped it
didn't find Q4VXV2 in the database, skipped it
didn't find Q4VXW1 in the database, skipped it
didn't find Q4VXW3 in the database, skipped it
didn't find Q4VY19 in the database, skipped it
didn't find Q4VY20 in the database, skipped it
didn't find Q4W5S3 in the database, skipped it
didn't find Q4W8S1 in the database, skipped it
didn't find Q4ZFW0 in the database, skipped it
didn't find Q504T0 in the database, skipped it
didn't find Q504Y1 in the database, skipped it
didn't find Q53FA3 in the database, skipped it
didn't find Q53QD4 in the database, skipped it
didn't find Q53RS6 in the database, skipped it
didn't find Q53RZ3 in the database, skipped it
didn't find Q53S60 in the database, skipped it
didn't find Q53TH9 in the database, skipped it
didn't find Q580Q6 in the database, skipped it
didn't find Q59FN2 in the database, skipped it
didn't find Q59FY4 in the database, skipped it
didn't find Q59IT9 in the database, skipped it
didn't find Q5BQ95 in the database, skipped it
didn't find Q5BQ97 in the database, skipped it
didn't find Q5BQ99 in the database, skipped it
didn't find Q5BQA0 in the database, skipped it
didn't find Q5CAJ2 in the database, skipped it
didn't find Q5D0K5 in the database, skipped it
didn't find Q5F2G0 in the database, skipped it
didn't find Q5FBW6 in the database, skipped it
didn't find Q5FBY6 in the database, skipped it
didn't find Q5FBZ0 in the database, skipped it
didn't find Q5FBZ7 in the database, skipped it
didn't find Q5FC02 in the database, skipped it
didn't find Q5FC05 in the database, skipped it
didn't find Q5FC07 in the database, skipped it
didn't find Q5FC08 in the database, skipped it
didn't find Q5GGW2 in the database, skipped it
didn't find Q5H8X8 in the database, skipped it
didn't find Q5H8Y5 in the database, skipped it
didn't find Q5H916 in the database, skipped it
didn't find Q5H928 in the database, skipped it
didn't find Q5H936 in the database, skipped it
didn't find Q5H937 in the database, skipped it
didn't find Q5H966 in the database, skipped it
didn't find Q5H9D4 in the database, skipped it
didn't find Q5H9D7 in the database, skipped it
didn't find Q5H9E0 in the database, skipped it
didn't find Q5H9E1 in the database, skipped it
didn't find Q5H9L1 in the database, skipped it
didn't find Q5HY62 in the database, skipped it
didn't find Q5HY75 in the database, skipped it
didn't find Q5HY78 in the database, skipped it
didn't find Q5HYF5 in the database, skipped it
didn't find Q5HYF7 in the database, skipped it
didn't find Q5HYT5 in the database, skipped it
didn't find Q5HYY5 in the database, skipped it
didn't find Q5J8M5 in the database, skipped it
didn't find Q5JNW7 in the database, skipped it
didn't find Q5JNZ6 in the database, skipped it
didn't find Q5JP02 in the database, skipped it
didn't find Q5JP22 in the database, skipped it
didn't find Q5JPA5 in the database, skipped it
didn't find Q5JPR8 in the database, skipped it
didn't find Q5JPT2 in the database, skipped it
didn't find Q5JPU0 in the database, skipped it
didn't find Q5JQF3 in the database, skipped it
didn't find Q5JQP0 in the database, skipped it
didn't find Q5JQP1 in the database, skipped it
didn't find Q5JQP7 in the database, skipped it
didn't find Q5JQQ2 in the database, skipped it
didn't find Q5JQQ4 in the database, skipped it
didn't find Q5JQZ9 in the database, skipped it
didn't find Q5JR01 in the database, skipped it
didn't find Q5JR05 in the database, skipped it
didn't find Q5JR06 in the database, skipped it
didn't find Q5JR07 in the database, skipped it
didn't find Q5JR08 in the database, skipped it
didn't find Q5JR49 in the database, skipped it
didn't find Q5JR82 in the database, skipped it
didn't find Q5JRA7 in the database, skipped it
didn't find Q5JRD6 in the database, skipped it
didn't find Q5JRF7 in the database, skipped it
didn't find Q5JRI1 in the database, skipped it
didn't find Q5JRI8 in the database, skipped it
didn't find Q5JRL0 in the database, skipped it
didn't find Q5JRQ0 in the database, skipped it
didn't find Q5JRS1 in the database, skipped it
didn't find Q5JRS2 in the database, skipped it
didn't find Q5JRS3 in the database, skipped it
didn't find Q5JRU2 in the database, skipped it
didn't find Q5JRU4 in the database, skipped it
didn't find Q5JRU8 in the database, skipped it
didn't find Q5JS19 in the database, skipped it
didn't find Q5JS36 in the database, skipped it
didn't find Q5JS79 in the database, skipped it
didn't find Q5JSC0 in the database, skipped it
didn't find Q5JSC4 in the database, skipped it
didn't find Q5JSD8 in the database, skipped it
didn't find Q5JSK4 in the database, skipped it
didn't find Q5JSN5 in the database, skipped it
didn't find Q5JSY8 in the database, skipped it
didn't find Q5JT04 in the database, skipped it
didn't find Q5JT44 in the database, skipped it
didn't find Q5JT45 in the database, skipped it
didn't find Q5JT49 in the database, skipped it
didn't find Q5JT55 in the database, skipped it
didn't find Q5JT61 in the database, skipped it
didn't find Q5JT88 in the database, skipped it
didn't find Q5JTA5 in the database, skipped it
didn't find Q5JTB4 in the database, skipped it
didn't find Q5JTB5 in the database, skipped it
didn't find Q5JTF2 in the database, skipped it
didn't find Q5JTM7 in the database, skipped it
didn't find Q5JTQ6 in the database, skipped it
didn't find Q5JTQ9 in the database, skipped it
didn't find Q5JTW6 in the database, skipped it
didn't find Q5JTY2 in the database, skipped it
didn't find Q5JTY7 in the database, skipped it
didn't find Q5JU01 in the database, skipped it
didn't find Q5JU07 in the database, skipped it
didn't find Q5JU20 in the database, skipped it
didn't find Q5JU21 in the database, skipped it
didn't find Q5JU23 in the database, skipped it
didn't find Q5JU32 in the database, skipped it
didn't find Q5JU47 in the database, skipped it
didn't find Q5JU97 in the database, skipped it
didn't find Q5JUA9 in the database, skipped it
didn't find Q5JUB0 in the database, skipped it
didn't find Q5JUD8 in the database, skipped it
didn't find Q5JUE9 in the database, skipped it
didn't find Q5JUH4 in the database, skipped it
didn't find Q5JUL1 in the database, skipped it
didn't find Q5JUP1 in the database, skipped it
didn't find Q5JUP3 in the database, skipped it
didn't find Q5JUQ1 in the database, skipped it
didn't find Q5JUQ2 in the database, skipped it
didn't find Q5JUS0 in the database, skipped it
didn't find Q5JUV6 in the database, skipped it
didn't find Q5JUW8 in the database, skipped it
didn't find Q5JV08 in the database, skipped it
didn't find Q5JV61 in the database, skipped it
didn't find Q5JV82 in the database, skipped it
didn't find Q5JV99 in the database, skipped it
didn't find Q5JVA3 in the database, skipped it
didn't find Q5JVB9 in the database, skipped it
didn't find Q5JVC0 in the database, skipped it
didn't find Q5JVC1 in the database, skipped it
didn't find Q5JVC2 in the database, skipped it
didn't find Q5JVD1 in the database, skipped it
didn't find Q5JVD3 in the database, skipped it
didn't find Q5JVD6 in the database, skipped it
didn't find Q5JVH2 in the database, skipped it
didn't find Q5JVM0 in the database, skipped it
didn't find Q5JVM6 in the database, skipped it
didn't find Q5JVN7 in the database, skipped it
didn't find Q5JVU1 in the database, skipped it
didn't find Q5JVX6 in the database, skipped it
didn't find Q5JVY0 in the database, skipped it
didn't find Q5JVZ4 in the database, skipped it
didn't find Q5JVZ5 in the database, skipped it
didn't find Q5JVZ8 in the database, skipped it
didn't find Q5JW01 in the database, skipped it
didn't find Q5JW03 in the database, skipped it
didn't find Q5JW04 in the database, skipped it
didn't find Q5JW28 in the database, skipped it
didn't find Q5JW30 in the database, skipped it
didn't find Q5JW45 in the database, skipped it
didn't find Q5JW46 in the database, skipped it
didn't find Q5JW47 in the database, skipped it
didn't find Q5JW48 in the database, skipped it
didn't find Q5JW49 in the database, skipped it
didn't find Q5JW57 in the database, skipped it
didn't find Q5JW84 in the database, skipped it
didn't find Q5JW88 in the database, skipped it
didn't find Q5JWB9 in the database, skipped it
didn't find Q5JWG3 in the database, skipped it
didn't find Q5JWM4 in the database, skipped it
didn't find Q5JWQ2 in the database, skipped it
didn't find Q5JWR1 in the database, skipped it
didn't find Q5JWS5 in the database, skipped it
didn't find Q5JWS6 in the database, skipped it
didn't find Q5JWS8 in the database, skipped it
didn't find Q5JWV1 in the database, skipped it
didn't find Q5JWV3 in the database, skipped it
didn't find Q5JWX6 in the database, skipped it
didn't find Q5JX01 in the database, skipped it
didn't find Q5JX02 in the database, skipped it
didn't find Q5JX44 in the database, skipped it
didn't find Q5JX49 in the database, skipped it
didn't find Q5JX52 in the database, skipped it
didn't find Q5JX53 in the database, skipped it
didn't find Q5JX54 in the database, skipped it
didn't find Q5JX55 in the database, skipped it
didn't find Q5JX56 in the database, skipped it
didn't find Q5JX57 in the database, skipped it
didn't find Q5JX58 in the database, skipped it
didn't find Q5JX59 in the database, skipped it
didn't find Q5JX60 in the database, skipped it
didn't find Q5JX61 in the database, skipped it
didn't find Q5JX62 in the database, skipped it
didn't find Q5JX65 in the database, skipped it
didn't find Q5JX74 in the database, skipped it
didn't find Q5JX83 in the database, skipped it
didn't find Q5JX98 in the database, skipped it


uniprot id 1	entrez gene id 1	gene name 1	uniprot id 2	entrez gene id 2	gene name 2	score
BCE1_HUMAN	7091	TLE4	PAX5_HUMAN	5079	PAX5	0.89
BCE1_HUMAN	7091	TLE4	HME1_HUMAN	2019	EN1	0.82
BCE1_HUMAN	7091	TLE4	ISX_HUMAN	91464	ISX	0.82
BCE1_HUMAN	7091	TLE4	TLE3_HUMAN	7090	TLE3	0.74
BCE1_HUMAN	7091	TLE4	TLE2_HUMAN	7089	TLE2	0.74
BCE1_HUMAN	7091	TLE4	CC183_HUMAN	84960	CCDC183	0.74
BCE1_HUMAN	7091	TLE4	TLE1_HUMAN	7088	TLE1	0.74
BCE1_HUMAN	7091	TLE4	TBX20_HUMAN	57057	TBX20	0.74
BCE1_HUMAN	7091	TLE4	AES_HUMAN	166	AES	0.74
K0087_HUMAN	9808	KIAA0087	P53_HUMAN	7157	TP53	0.73
BCE1_HUMAN	7091	TLE4	RIPP1_HUMAN	92129	RIPPLY1	0.73
BCE1_HUMAN	7091	TLE4	VENTX_HUMAN	27287	VENTX	0.73
BCE1_HUMAN	7091	TLE4	RIPP2_HUMAN	134701	RIPPLY2	0.73
K0087_HUMAN	9808	KIAA0087	RPN1_HUMAN	6184	RPN1	0.73
BCE1_HUMAN	7091	TLE4	TNNI2_HUMAN	7136	TNNI2	0.73
BCE1_HUMAN	7091	TLE4	HLX_HUMAN	3142	HLX	0.73
BCE1_HUMAN	7091	TLE4	ZMY19_HUMAN	116225	ZMYND19	0.73
BCE1_HUMAN	7091	TLE4	ARMC8_HUMAN	25852	ARMC8	0.73
BCE1_HUMAN	7091	TLE4	HDAC1_HUMAN	3065	HDAC1	0.72
F157B_HUMAN	100132403	FAM157B	PDIA3_HUMAN	2923	PDIA3	0.72
BCE1_HUMAN	7091	TLE4	BRCA1_HUMAN	672	BRCA1	0.72
TBC28_HUMAN	254272	TBC1D28	PRKDC_HUMAN	5591	PRKDC	0.72
BCE1_HUMAN	7091	TLE4	DNLI4_HUMAN	3981	LIG4	0.72
TBC28_HUMAN	254272	TBC1D28	H31T_HUMAN	8290	HIST3H3	0.72
BCE1_HUMAN	7091	TLE4	SRPK2_HUMAN	6733	SRPK2	0.70
BCE1_HUMAN	7091	TLE4	CASP_HUMAN	1523	CUX1	0.68
BCE1_HUMAN	7091	TLE4	PO2F2_HUMAN	5452	POU2F2	0.68
BCE1_HUMAN	7091	TLE4	NUP62_HUMAN	23636	NUP62	0.63
BCE1_HUMAN	7091	TLE4	TLX3_HUMAN	30012	TLX3	0.63
YC018_HUMAN			PLEC_HUMAN	5339	PLEC	0.63
BCE1_HUMAN	7091	TLE4	FOXB1_HUMAN	27023	FOXB1	0.63
BCE1_HUMAN	7091	TLE4	PAX9_HUMAN	5083	PAX9	0.63
BCE1_HUMAN	7091	TLE4	MKLN1_HUMAN	4289	MKLN1	0.63
BCE1_HUMAN	7091	TLE4	PAX7_HUMAN	5081	PAX7	0.63
CQ091_HUMAN	84981	MIR22HG	HNRH1_HUMAN	3187	HNRNPH1	0.63
BCE1_HUMAN	7091	TLE4	HNRL1_HUMAN	11100	HNRNPUL1	0.63
BCE1_HUMAN	7091	TLE4	FEZF1_HUMAN	389549	FEZF1	0.63
BCE1_HUMAN	7091	TLE4	ANM5_HUMAN	10419	PRMT5	0.63
BCE1_HUMAN	7091	TLE4	FEV_HUMAN	54738	FEV	0.63
BCE1_HUMAN	7091	TLE4	TRFE_HUMAN	7018	TF	0.63
K0087_HUMAN	9808	KIAA0087	TRI55_HUMAN	84675	TRIM55	0.63
BCE1_HUMAN	7091	TLE4	TCPB_HUMAN	10576	CCT2	0.63
FA66E_HUMAN	100132103	FAM66E	EGFR_HUMAN	1956	EGFR	0.63
BCE1_HUMAN	7091	TLE4	FMR1_HUMAN	2332	FMR1	0.63
BCE1_HUMAN	7091	TLE4	MFAP4_HUMAN	4239	MFAP4	0.63
F200B_HUMAN	285550	FAM200B	TNIP2_HUMAN	79155	TNIP2	0.63
BCE1_HUMAN	7091	TLE4	MEP50_HUMAN	79084	WDR77	0.63
BCE1_HUMAN	7091	TLE4	KLF12_HUMAN	11278	KLF12	0.63
BCE1_HUMAN	7091	TLE4	H4_HUMAN	121504, 554313, 8294, 8359, 8360, 8361, 8362, 8363, 8364, 8365, 8366, 8367, 8368, 8370	HIST4H4, HIST2H4B, HIST1H4I, HIST1H4A, HIST1H4D, HIST1H4F, HIST1H4K, HIST1H4J, HIST1H4C, HIST1H4H, HIST1H4B, HIST1H4E, HIST1H4L, HIST2H4A	0.63
K0087_HUMAN	9808	KIAA0087	TRI63_HUMAN	84676	TRIM63	0.63
BCE1_HUMAN	7091	TLE4	PAX8_HUMAN	7849	PAX8	0.63
HRES1_HUMAN	3272	HRES1	TAF1_HUMAN	6872	TAF1	0.63
BCE1_HUMAN	7091	TLE4	IMA4_HUMAN	3839	KPNA3	0.63
CE027_HUMAN	202299	LINC01554	KPYM_HUMAN	5315	PKM	0.63
BCE1_HUMAN	7091	TLE4	TLX2_HUMAN	3196	TLX2	0.63
F200B_HUMAN	285550	FAM200B	CG038_HUMAN	221786	FAM200A	0.63
BCE1_HUMAN	7091	TLE4	PPM1B_HUMAN	5495	PPM1B	0.63
BCE1_HUMAN	7091	TLE4	VIR_HUMAN	25962	VIRMA	0.63
BCE1_HUMAN	7091	TLE4	YBOX1_HUMAN	4904	YBX1	0.63
TBC28_HUMAN	254272	TBC1D28	DUPD1_HUMAN	338599	DUPD1	0.63
BCE1_HUMAN	7091	TLE4	TLX1_HUMAN	3195	TLX1	0.63
HRES1_HUMAN	3272	HRES1	SP110_HUMAN	3431	SP110	0.63
BCE1_HUMAN	7091	TLE4	METK1_HUMAN	4143	MAT1A	0.63
BCE1_HUMAN	7091	TLE4	BRAC_HUMAN	6862	TBXT	0.63
BCE1_HUMAN	7091	TLE4	PAX6_HUMAN	5080	PAX6	0.63
BCE1_HUMAN	7091	TLE4	DSCR6_HUMAN	53820	RIPPLY3	0.63
TBC28_HUMAN	254272	TBC1D28	KCIP1_HUMAN	30820	KCNIP1	0.63
BCE1_HUMAN	7091	TLE4	FOXI1_HUMAN	2299	FOXI1	0.63
BCE1_HUMAN	7091	TLE4	SERB_HUMAN	5723	PSPH	0.63
BCE1_HUMAN	7091	TLE4	ATX1_HUMAN	6310	ATXN1	0.63
BCE1_HUMAN	7091	TLE4	TNIP2_HUMAN	79155	TNIP2	0.63
BCE1_HUMAN	7091	TLE4	TBR1_HUMAN	10716	TBR1	0.63
BCE1_HUMAN	7091	TLE4	KPRP_HUMAN	448834	KPRP	0.63
TBC28_HUMAN	254272	TBC1D28	CAYP1_HUMAN	828	CAPS	0.63
BCE1_HUMAN	7091	TLE4	HS71B_HUMAN	3303, 3304	HSPA1A, HSPA1B	0.63
BCE1_HUMAN	7091	TLE4	UBQL1_HUMAN	29979	UBQLN1	0.63
BCE1_HUMAN	7091	TLE4	SIX6_HUMAN	4990	SIX6	0.63
CE027_HUMAN	202299	LINC01554	ATPA_HUMAN	498	ATP5F1A	0.63
BCE1_HUMAN	7091	TLE4	HES6_HUMAN	55502	HES6	0.63
BCE1_HUMAN	7091	TLE4	MAEA_HUMAN	10296	MAEA	0.63
TPT1L_HUMAN	392490	FLJ44635	HD_HUMAN	3064	HTT	0.63
BCE1_HUMAN	7091	TLE4	SP7_HUMAN	121340	SP7	0.63
BCE1_HUMAN	7091	TLE4	SMG7_HUMAN	9887	SMG7	0.63
BCE1_HUMAN	7091	TLE4	IF2B1_HUMAN	10642	IGF2BP1	0.63
TPT1L_HUMAN	392490	FLJ44635	COEA1_HUMAN	7373	COL14A1	0.63
BCE1_HUMAN	7091	TLE4	GATA2_HUMAN	2624	GATA2	0.63
TPT1L_HUMAN	392490	FLJ44635	SQSTM_HUMAN	8878	SQSTM1	0.63
BCE1_HUMAN	7091	TLE4	UBIP1_HUMAN	7342	UBP1	0.63
BCE1_HUMAN	7091	TLE4	TCPH_HUMAN	10574	CCT7	0.63
BCE1_HUMAN	7091	TLE4	BAG2_HUMAN	9532	BAG2	0.63
BCE1_HUMAN	7091	TLE4	IF2B3_HUMAN	10643	IGF2BP3	0.63
TPT1L_HUMAN	392490	FLJ44635	ESPL1_HUMAN	9700	ESPL1	0.63
BCE1_HUMAN	7091	TLE4	VSX1_HUMAN	30813	VSX1	0.63
TPT1L_HUMAN	392490	FLJ44635	TCTP_HUMAN	7178	TPT1	0.63
BCE1_HUMAN	7091	TLE4	NADC_HUMAN	23475	QPRT	0.63
BCE1_HUMAN	7091	TLE4	KPCD2_HUMAN	25865	PRKD2	0.63
CF100_HUMAN	100294228	LINC01556	H31T_HUMAN	8290	HIST3H3	0.63
BCE1_HUMAN	7091	TLE4	SYNE2_HUMAN	23224	SYNE2	0.63
TPT1L_HUMAN	392490	FLJ44635	DMXL2_HUMAN	23312	DMXL2	0.63
BCE1_HUMAN	7091	TLE4	PRDM1_HUMAN	639	PRDM1	0.63
YC014_HUMAN			PPIB_HUMAN	5479	PPIB	0.63
BCE1_HUMAN	7091	TLE4	TSSC1_HUMAN	7260	EIPR1	0.63
BCE1_HUMAN	7091	TLE4	ANDR_HUMAN	367	AR	0.63
K0087_HUMAN	9808	KIAA0087	CB018_HUMAN	54978	SLC35F6	0.63
BCE1_HUMAN	7091	TLE4	FOXL1_HUMAN	2300	FOXL1	0.63
CQ091_HUMAN	84981	MIR22HG	EGFR_HUMAN	1956	EGFR	0.63
