didn't find Q5SQT3 in the database, skipped it
didn't find Q5SQT6 in the database, skipped it
didn't find Q5SQT8 in the database, skipped it
didn't find Q5SR05 in the database, skipped it
didn't find Q5SR44 in the database, skipped it
didn't find Q5SR47 in the database, skipped it
didn't find Q5SR54 in the database, skipped it
didn't find Q5SR67 in the database, skipped it
didn't find Q5SRK2 in the database, skipped it
didn't find Q5SRN5 in the database, skipped it
didn't find Q5SRP5 in the database, skipped it
didn't find Q5SRQ3 in the database, skipped it
didn't find Q5SRQ6 in the database, skipped it
didn't find Q5SSB8 in the database, skipped it
didn't find Q5SSZ2 in the database, skipped it
didn't find Q5ST95 in the database, skipped it
didn't find Q5STF0 in the database, skipped it
didn't find Q5STU3 in the database, skipped it
didn't find Q5STV6 in the database, skipped it
didn't find Q5STX8 in the database, skipped it
didn't find Q5SU54 in the database, skipped it
didn't find Q5SVL2 in the database, skipped it
didn't find Q5SVM7 in the database, skipped it
didn't find Q5SW23 in the database, skipped it
didn't find Q5SWC8 in the database, skipped it
didn't find Q5SWX3 in the database, skipped it
didn't find Q5SX86 in the database, skipped it
didn't find Q5SX87 in the database, skipped it
didn't find Q5SX90 in the database, skipped it
didn't find Q5SX91 in the database, skipped it
didn't find Q5SXX4 in the database, skipped it
didn't find Q5SXX7 in the database, skipped it
didn't find Q5SXX8 in the database, skipped it
didn't find Q5SYW2 in the database, skipped it
didn't find Q5SZ59 in the database, skipped it
didn't find Q5SZE1 in the database, skipped it
didn't find Q5SZE3 in the database, skipped it
didn't find Q5SZE4 in the database, skipped it
didn't find Q5SZG1 in the database, skipped it
didn't find Q5SZK0 in the database, skipped it
didn't find Q5SZL4 in the database, skipped it
didn't find Q5SZL6 in the database, skipped it
didn't find Q5SZP1 in the database, skipped it
didn't find Q5SZR1 in the database, skipped it
didn't find Q5SZX9 in the database, skipped it
didn't find Q5T025 in the database, skipped it
didn't find Q5T073 in the database, skipped it
didn't find Q5T091 in the database, skipped it
didn't find Q5T092 in the database, skipped it
didn't find Q5T093 in the database, skipped it
didn't find Q5T0A0 in the database, skipped it
didn't find Q5T0A1 in the database, skipped it
didn't find Q5T0A2 in the database, skipped it
didn't find Q5T0A3 in the database, skipped it
didn't find Q5T0A6 in the database, skipped it
didn't find Q5T0C7 in the database, skipped it
didn't find Q5T0D2 in the database, skipped it
didn't find Q5T0S4 in the database, skipped it
didn't find Q5T0V0 in the database, skipped it
didn't find Q5T0V7 in the database, skipped it
didn't find Q5T0Z6 in the database, skipped it
didn't find Q5T123 in the database, skipped it
didn't find Q5T171 in the database, skipped it
didn't find Q5T179 in the database, skipped it
didn't find Q5T190 in the database, skipped it
didn't find Q5T1B5 in the database, skipped it
didn't find Q5T1P5 in the database, skipped it
didn't find Q5T1S5 in the database, skipped it
didn't find Q5T1S7 in the database, skipped it
didn't find Q5T1Z0 in the database, skipped it
didn't find Q5T1Z4 in the database, skipped it
didn't find Q5T1Z8 in the database, skipped it
didn't find Q5T210 in the database, skipped it
didn't find Q5T211 in the database, skipped it
didn't find Q5T266 in the database, skipped it
didn't find Q5T269 in the database, skipped it
didn't find Q5T276 in the database, skipped it
didn't find Q5T277 in the database, skipped it
didn't find Q5T278 in the database, skipped it
didn't find Q5T282 in the database, skipped it
didn't find Q5T284 in the database, skipped it
didn't find Q5T2B5 in the database, skipped it
didn't find Q5T2G3 in the database, skipped it
didn't find Q5T2K3 in the database, skipped it
didn't find Q5T2S1 in the database, skipped it
didn't find Q5T2X4 in the database, skipped it
didn't find Q5T2X5 in the database, skipped it
didn't find Q5T2Z0 in the database, skipped it
didn't find Q5T2Z1 in the database, skipped it
didn't find Q5T321 in the database, skipped it
didn't find Q5T399 in the database, skipped it
didn't find Q5T3E1 in the database, skipped it
didn't find Q5T3G2 in the database, skipped it
didn't find Q5T3G3 in the database, skipped it
didn't find Q5T3H5 in the database, skipped it
didn't find Q5T3I3 in the database, skipped it
didn't find Q5T3I4 in the database, skipped it
didn't find Q5T3I7 in the database, skipped it
didn't find Q5T3L7 in the database, skipped it
didn't find Q5T3L8 in the database, skipped it
didn't find Q5T3L9 in the database, skipped it
didn't find Q5T3Q7 in the database, skipped it
didn't find Q5T3T9 in the database, skipped it
didn't find Q5T3W0 in the database, skipped it
didn't find Q5T413 in the database, skipped it
didn't find Q5T418 in the database, skipped it
didn't find Q5T427 in the database, skipped it
didn't find Q5T446 in the database, skipped it
didn't find Q5T454 in the database, skipped it
didn't find Q5T4C3 in the database, skipped it
didn't find Q5T4C6 in the database, skipped it
didn't find Q5T4C8 in the database, skipped it
didn't find Q5T4K5 in the database, skipped it
didn't find Q5T4L1 in the database, skipped it
didn't find Q5T5I6 in the database, skipped it
didn't find Q5T5L3 in the database, skipped it
didn't find Q5T5M0 in the database, skipped it
didn't find Q5T5M1 in the database, skipped it
didn't find Q5T624 in the database, skipped it
didn't find Q5T670 in the database, skipped it
didn't find Q5T6A0 in the database, skipped it
didn't find Q5T6F6 in the database, skipped it
didn't find Q5T6F7 in the database, skipped it
didn't find Q5T6J8 in the database, skipped it
didn't find Q5T6K5 in the database, skipped it
didn't find Q5T6K7 in the database, skipped it
didn't find Q5T6V6 in the database, skipped it
didn't find Q5T6V7 in the database, skipped it
didn't find Q5T703 in the database, skipped it
didn't find Q5T704 in the database, skipped it
didn't find Q5T706 in the database, skipped it
didn't find Q5T7N0 in the database, skipped it
didn't find Q5T7U1 in the database, skipped it
didn't find Q5T851 in the database, skipped it
didn't find Q5T852 in the database, skipped it
didn't find Q5T854 in the database, skipped it
didn't find Q5T8A5 in the database, skipped it
didn't find Q5T8F0 in the database, skipped it
didn't find Q5T8H6 in the database, skipped it
didn't find Q5T8R1 in the database, skipped it
didn't find Q5T8T7 in the database, skipped it
didn't find Q5T8T8 in the database, skipped it
didn't find Q5T8U2 in the database, skipped it
didn't find Q5T8U3 in the database, skipped it
didn't find Q5T8V1 in the database, skipped it
didn't find Q5T8Z2 in the database, skipped it
didn't find Q5T911 in the database, skipped it
didn't find Q5T949 in the database, skipped it
didn't find Q5T9C7 in the database, skipped it
didn't find Q5T9E3 in the database, skipped it
didn't find Q5T9H5 in the database, skipped it
didn't find Q5T9P7 in the database, skipped it
didn't find Q5T9Q5 in the database, skipped it
didn't find Q5TA01 in the database, skipped it
didn't find Q5TA04 in the database, skipped it
didn't find Q5TA05 in the database, skipped it
didn't find Q5TA12 in the database, skipped it
didn't find Q5TA15 in the database, skipped it
didn't find Q5TA56 in the database, skipped it
didn't find Q5TA58 in the database, skipped it
didn't find Q5TAQ0 in the database, skipped it
didn't find Q5TAQ8 in the database, skipped it
didn't find Q5TB19 in the database, skipped it
didn't find Q5TB21 in the database, skipped it
didn't find Q5TB53 in the database, skipped it
didn't find Q5TBE9 in the database, skipped it
didn't find Q5TBG2 in the database, skipped it
didn't find Q5TBG4 in the database, skipped it
didn't find Q5TBG5 in the database, skipped it
didn't find Q5TBN3 in the database, skipped it
didn't find Q5TBN5 in the database, skipped it
didn't find Q5TCH5 in the database, skipped it
didn't find Q5TCH6 in the database, skipped it
didn't find Q5TCH7 in the database, skipped it
didn't find Q5TCI8 in the database, skipped it
didn't find Q5TCP6 in the database, skipped it
didn't find Q5TCT4 in the database, skipped it
didn't find Q5TDG9 in the database, skipped it
didn't find Q5TDH4 in the database, skipped it
didn't find Q5TDQ5 in the database, skipped it
didn't find Q5TE25 in the database, skipped it
didn't find Q5TEE8 in the database, skipped it
didn't find Q5TEH5 in the database, skipped it
didn't find Q5TEH7 in the database, skipped it
didn't find Q5TEH8 in the database, skipped it
didn't find Q5TF85 in the database, skipped it
didn't find Q5TFC9 in the database, skipped it
didn't find Q5TG40 in the database, skipped it
didn't find Q5TGM0 in the database, skipped it
didn't find Q5TH58 in the database, skipped it
didn't find Q5THR1 in the database, skipped it
didn't find Q5THT1 in the database, skipped it
didn't find Q5TI72 in the database, skipped it
didn't find Q5TI73 in the database, skipped it
didn't find Q5TI74 in the database, skipped it
didn't find Q5TI75 in the database, skipped it
didn't find Q5TI88 in the database, skipped it
didn't find Q5TIA5 in the database, skipped it
didn't find Q5TIH2 in the database, skipped it
didn't find Q5U8S2 in the database, skipped it
didn't find Q5V9X8 in the database, skipped it
didn't find Q5VSJ8 in the database, skipped it
didn't find Q5VSR5 in the database, skipped it
didn't find Q5VT82 in the database, skipped it
didn't find Q5VTZ4 in the database, skipped it
didn't find Q5VUB8 in the database, skipped it
didn't find Q5VUB9 in the database, skipped it
didn't find Q5VUC0 in the database, skipped it
didn't find Q5VUV5 in the database, skipped it
didn't find Q5VVC8 in the database, skipped it
didn't find Q5VVK9 in the database, skipped it
didn't find Q5VVL2 in the database, skipped it
didn't find Q5VVP7 in the database, skipped it
didn't find Q5VVQ1 in the database, skipped it
didn't find Q5VVR7 in the database, skipped it
didn't find Q5VVR8 in the database, skipped it
didn't find Q5VVU5 in the database, skipped it
didn't find Q5VWC4 in the database, skipped it
didn't find Q5VWV2 in the database, skipped it
didn't find Q5VX20 in the database, skipped it
didn't find Q5VXN0 in the database, skipped it
didn't find Q5VXN5 in the database, skipped it
didn't find Q5VXQ8 in the database, skipped it
didn't find Q5VY30 in the database, skipped it
didn't find Q5VYD6 in the database, skipped it
didn't find Q5VYH9 in the database, skipped it
didn't find Q5VZ31 in the database, skipped it
didn't find Q5VZ73 in the database, skipped it
didn't find Q5VZ75 in the database, skipped it
didn't find Q5VZC3 in the database, skipped it
didn't find Q5VZM0 in the database, skipped it
didn't find Q5VZS7 in the database, skipped it
didn't find Q5VZU3 in the database, skipped it
didn't find Q5VZY9 in the database, skipped it
didn't find Q5VZZ6 in the database, skipped it
didn't find Q5W005 in the database, skipped it
didn't find Q5W015 in the database, skipped it
didn't find Q5W0H4 in the database, skipped it
didn't find Q5W0J0 in the database, skipped it
didn't find Q5W0Y9 in the database, skipped it
didn't find Q5XG75 in the database, skipped it
didn't find Q5Y7D1 in the database, skipped it
didn't find Q5Y7D2 in the database, skipped it
didn't find Q5Y7D3 in the database, skipped it
didn't find Q5Y7D6 in the database, skipped it
didn't find Q5Y7H0 in the database, skipped it
didn't find Q60FE5 in the database, skipped it
didn't find Q659G3 in the database, skipped it
didn't find Q66S35 in the database, skipped it
didn't find Q68CR8 in the database, skipped it
didn't find Q68DG0 in the database, skipped it
didn't find Q68DW7 in the database, skipped it
didn't find Q6AWB1 in the database, skipped it
didn't find Q6B0J5 in the database, skipped it
didn't find Q6ICJ4 in the database, skipped it
didn't find Q6IFQ5 in the database, skipped it
didn't find Q6L9M1 in the database, skipped it
didn't find Q6LDH7 in the database, skipped it
didn't find Q6N039 in the database, skipped it
didn't find Q6NTG3 in the database, skipped it
didn't find Q6NVW1 in the database, skipped it
didn't find Q6NWU0 in the database, skipped it
didn't find Q6NXR6 in the database, skipped it
didn't find Q6P2R3 in the database, skipped it
didn't find Q6P2S0 in the database, skipped it
didn't find Q6P452 in the database, skipped it
didn't find Q6P5T0 in the database, skipped it
didn't find Q6P664 in the database, skipped it
didn't find Q6P6D5 in the database, skipped it
didn't find Q6PEW3 in the database, skipped it
didn't find Q6PID9 in the database, skipped it
didn't find Q6PJ72 in the database, skipped it
didn't find Q6PJG3 in the database, skipped it


uniprot id 1	entrez gene id 1	gene name 1	uniprot id 2	entrez gene id 2	gene name 2	score
F199X_HUMAN	139231	FAM199X	WDR5_HUMAN	11091	WDR5	0.89
F199X_HUMAN	139231	FAM199X	KC1E_HUMAN	1454	CSNK1E	0.88
F222A_HUMAN	84915	FAM222A	NLK_HUMAN	51701	NLK	0.87
CH082_HUMAN	414919	C8orf82	RT27_HUMAN	23107	MRPS27	0.87
SAM13_HUMAN	148418	SAMD13	LMBL3_HUMAN	84456	L3MBTL3	0.87
CH082_HUMAN	414919	C8orf82	ETFA_HUMAN	2108	ETFA	0.87
AT7L2_HUMAN	127002	ATXN7L2	UBP22_HUMAN	23326	USP22	0.86
IFT1B_HUMAN	439996	IFIT1B	IFIT3_HUMAN	3437	IFIT3	0.86
F199X_HUMAN	139231	FAM199X	KC1D_HUMAN	1453	CSNK1D	0.85
ZMYM1_HUMAN	79830	ZMYM1	KCC2A_HUMAN	815	CAMK2A	0.84
TTC27_HUMAN	55622	TTC27	LRRK2_HUMAN	120892	LRRK2	0.84
ZMYM1_HUMAN	79830	ZMYM1	FHL5_HUMAN	9457	FHL5	0.83
AMERL_HUMAN	83607	AMMECR1L	MK14_HUMAN	1432	MAPK14	0.83
AMERL_HUMAN	83607	AMMECR1L	FGL1_HUMAN	2267	FGL1	0.83
IFFO2_HUMAN	126917	IFFO2	XRCC4_HUMAN	7518	XRCC4	0.83
CV043_HUMAN	51233	DRICH1	RL36L_HUMAN	6166	RPL36AL	0.83
OGRL1_HUMAN	79627	OGFRL1	CDK4_HUMAN	1019	CDK4	0.83
CH074_HUMAN	203076	C8orf74	MORN2_HUMAN	729967	MORN2	0.83
CV043_HUMAN	51233	DRICH1	KC1E_HUMAN	1454	CSNK1E	0.83
GL1AD_HUMAN	81488	POLR2M	RPB3_HUMAN	5432	POLR2C	0.83
AMERL_HUMAN	83607	AMMECR1L	PGTB1_HUMAN	5229	PGGT1B	0.83
CH074_HUMAN	203076	C8orf74	FGFR2_HUMAN	2263	FGFR2	0.83
AT7L2_HUMAN	127002	ATXN7L2	AT7L3_HUMAN	56970	ATXN7L3	0.83
CC122_HUMAN	160857	CCDC122	CQ059_HUMAN	54785	BORCS6	0.83
AMERL_HUMAN	83607	AMMECR1L	FNTA_HUMAN	2339	FNTA	0.83
RL22L_HUMAN	200916	RPL22L1	VMAC_HUMAN	400673	VMAC	0.83
AMERL_HUMAN	83607	AMMECR1L	MACF1_HUMAN	23499	MACF1	0.83
RL22L_HUMAN	200916	RPL22L1	PRCM_HUMAN	112849	L3HYPDH	0.83
F199X_HUMAN	139231	FAM199X	MBIP1_HUMAN	51562	MBIP	0.83
ZMYM1_HUMAN	79830	ZMYM1	PSG9_HUMAN	5678	PSG9	0.83
DC122_HUMAN	340578	DCAF12L2	DC121_HUMAN	139170	DCAF12L1	0.82
TTC27_HUMAN	55622	TTC27	MYC_HUMAN	4609	MYC	0.82
CF118_HUMAN	168090	C6orf118	SGF29_HUMAN	112869	SGF29	0.82
DC122_HUMAN	340578	DCAF12L2	RCOR1_HUMAN	23186	RCOR1	0.82
CC122_HUMAN	160857	CCDC122	CC172_HUMAN	374355	CCDC172	0.82
F199X_HUMAN	139231	FAM199X	PDPK1_HUMAN	5170	PDPK1	0.82
ZMYM1_HUMAN	79830	ZMYM1	ZN232_HUMAN	7775	ZNF232	0.82
CH082_HUMAN	414919	C8orf82	ETFB_HUMAN	2109	ETFB	0.82
IFT1B_HUMAN	439996	IFIT1B	MOCOS_HUMAN	55034	MOCOS	0.82
ATD3C_HUMAN	219293	ATAD3C	DKK3_HUMAN	27122	DKK3	0.82
DC122_HUMAN	340578	DCAF12L2	CETN3_HUMAN	1070	CETN3	0.82
TTC27_HUMAN	55622	TTC27	2A5D_HUMAN	5528	PPP2R5D	0.82
ZMYM1_HUMAN	79830	ZMYM1	TTLL7_HUMAN	79739	TTLL7	0.82
DC122_HUMAN	340578	DCAF12L2	CETN2_HUMAN	1069	CETN2	0.82
IFFO2_HUMAN	126917	IFFO2	FGFR2_HUMAN	2263	FGFR2	0.82
F199X_HUMAN	139231	FAM199X	ERMAP_HUMAN	114625	ERMAP	0.82
F222A_HUMAN	84915	FAM222A	MB211_HUMAN	4081	MAB21L1	0.82
PRA17_HUMAN	391004	PRAMEF17	CH60_HUMAN	3329	HSPD1	0.82
DC122_HUMAN	340578	DCAF12L2	RCOR3_HUMAN	55758	RCOR3	0.82
ZMYM1_HUMAN	79830	ZMYM1	LSM1_HUMAN	27257	LSM1	0.82
F199X_HUMAN	139231	FAM199X	RL37A_HUMAN	6168	RPL37A	0.82
RL22L_HUMAN	200916	RPL22L1	CC85B_HUMAN	11007	CCDC85B	0.82
F222A_HUMAN	84915	FAM222A	MEIS1_HUMAN	4211	MEIS1	0.82
ZMYM1_HUMAN	79830	ZMYM1	LZTS2_HUMAN	84445	LZTS2	0.82
ATD3C_HUMAN	219293	ATAD3C	COMD1_HUMAN	150684	COMMD1	0.82
PRA17_HUMAN	391004	PRAMEF17	MIDA_HUMAN	55471	NDUFAF7	0.82
ZMYM1_HUMAN	79830	ZMYM1	ERP44_HUMAN	23071	ERP44	0.82
CA228_HUMAN	339541	ARMH1	GABT_HUMAN	18	ABAT	0.82
RL22L_HUMAN	200916	RPL22L1	FP100_HUMAN	80233	FAAP100	0.82
F222A_HUMAN	84915	FAM222A	MEIS2_HUMAN	4212	MEIS2	0.82
ZMYM1_HUMAN	79830	ZMYM1	GP156_HUMAN	165829	GPR156	0.82
PRA17_HUMAN	391004	PRAMEF17	CUL2_HUMAN	8453	CUL2	0.82
CV043_HUMAN	51233	DRICH1	KC1D_HUMAN	1453	CSNK1D	0.82
F222A_HUMAN	84915	FAM222A	PBX3_HUMAN	5090	PBX3	0.82
ZMYM1_HUMAN	79830	ZMYM1	CADH5_HUMAN	1003	CDH5	0.82
F102B_HUMAN	284611	FAM102B	PRDM5_HUMAN	11107	PRDM5	0.82
PGBD2_HUMAN	267002	PGBD2	PGBD1_HUMAN	84547	PGBD1	0.82
CJ025_HUMAN	220979	C10orf25	WLS_HUMAN	79971	WLS	0.82
PRA17_HUMAN	391004	PRAMEF17	AIP_HUMAN	9049	AIP	0.82
DC122_HUMAN	340578	DCAF12L2	LONM_HUMAN	9361	LONP1	0.82
ANR22_HUMAN	118932	ANKRD22	CDK15_HUMAN	65061	CDK15	0.82
F222A_HUMAN	84915	FAM222A	PBX2_HUMAN	5089	PBX2	0.82
ZMYM1_HUMAN	79830	ZMYM1	TRI44_HUMAN	54765	TRIM44	0.82
CF118_HUMAN	168090	C6orf118	FANCA_HUMAN	2175	FANCA	0.82
PRA17_HUMAN	391004	PRAMEF17	PRA10_HUMAN	343071	PRAMEF10	0.82
F222A_HUMAN	84915	FAM222A	PBX1_HUMAN	5087	PBX1	0.82
ARMX5_HUMAN	64860	ARMCX5	LOX5_HUMAN	240	ALOX5	0.82
AT7L2_HUMAN	127002	ATXN7L2	EFTS_HUMAN	10102	TSFM	0.82
ZMYM1_HUMAN	79830	ZMYM1	RBTN2_HUMAN	4005	LMO2	0.82
CC122_HUMAN	160857	CCDC122	F167A_HUMAN	83648	FAM167A	0.82
CF118_HUMAN	168090	C6orf118	PCM1_HUMAN	5108	PCM1	0.82
ZMYM1_HUMAN	79830	ZMYM1	SALL2_HUMAN	6297	SALL2	0.82
IFT1B_HUMAN	439996	IFIT1B	MAP1A_HUMAN	4130	MAP1A	0.82
CF118_HUMAN	168090	C6orf118	CN080_HUMAN	283643	TEDC1	0.82
ZMYM1_HUMAN	79830	ZMYM1	JMJD6_HUMAN	23210	JMJD6	0.82
CV043_HUMAN	51233	DRICH1	PLK1_HUMAN	5347	PLK1	0.82
IFT1B_HUMAN	439996	IFIT1B	HERC1_HUMAN	8925	HERC1	0.82
CH074_HUMAN	203076	C8orf74	ANM6_HUMAN	55170	PRMT6	0.76
RL22L_HUMAN	200916	RPL22L1	SNUT2_HUMAN	10713	USP39	0.76
CH074_HUMAN	203076	C8orf74	SUV91_HUMAN	6839	SUV39H1	0.76
RL22L_HUMAN	200916	RPL22L1	G3BP2_HUMAN	9908	G3BP2	0.76
CH074_HUMAN	203076	C8orf74	KDM1A_HUMAN	23028	KDM1A	0.76
TTC27_HUMAN	55622	TTC27	PHLA3_HUMAN	23612	PHLDA3	0.76
TTC27_HUMAN	55622	TTC27	TP4A3_HUMAN	11156	PTP4A3	0.76
SHE_HUMAN	126669	SHE	ANDR_HUMAN	367	AR	0.75
GL1AD_HUMAN	81488	POLR2M	RPAP1_HUMAN	26015	RPAP1	0.74
GL1AD_HUMAN	81488	POLR2M	BIN1_HUMAN	274	BIN1	0.74
GL1AD_HUMAN	81488	POLR2M	CD19_HUMAN	930	CD19	0.74
GL1AD_HUMAN	81488	POLR2M	RPB9_HUMAN	5438	POLR2I	0.74
GL1AD_HUMAN	81488	POLR2M	DCAM_HUMAN	262	AMD1	0.74
GL1AD_HUMAN	81488	POLR2M	PIHD1_HUMAN	55011	PIH1D1	0.74
GL1AD_HUMAN	81488	POLR2M	RPB11_HUMAN	5439	POLR2J	0.74
GL1AD_HUMAN	81488	POLR2M	WWP2_HUMAN	11060	WWP2	0.74
GL1AD_HUMAN	81488	POLR2M	CG044_HUMAN	55744	COA1	0.74
GL1AD_HUMAN	81488	POLR2M	RPR1B_HUMAN	58490	RPRD1B	0.74
GL1AD_HUMAN	81488	POLR2M	RPB7_HUMAN	5436	POLR2G	0.74
GL1AD_HUMAN	81488	POLR2M	RPR1A_HUMAN	55197	RPRD1A	0.74
GL1AD_HUMAN	81488	POLR2M	RPAB1_HUMAN	5434	POLR2E	0.74
GL1AD_HUMAN	81488	POLR2M	UBP47_HUMAN	55031	USP47	0.74
GL1AD_HUMAN	81488	POLR2M	RPAB2_HUMAN	5435	POLR2F	0.74
GL1AD_HUMAN	81488	POLR2M	KLH26_HUMAN	55295	KLHL26	0.74
GL1AD_HUMAN	81488	POLR2M	RECQ5_HUMAN	9400	RECQL5	0.74
TTC27_HUMAN	55622	TTC27	PRP8_HUMAN	10594	PRPF8	0.74
GL1AD_HUMAN	81488	POLR2M	RPAP2_HUMAN	79871	RPAP2	0.74
TTC27_HUMAN	55622	TTC27	CT004_HUMAN	25980	AAR2	0.74
GL1AD_HUMAN	81488	POLR2M	SSNA1_HUMAN	8636	SSNA1	0.74
TTC27_HUMAN	55622	TTC27	U5S1_HUMAN	9343	EFTUD2	0.74
GL1AD_HUMAN	81488	POLR2M	RPB4_HUMAN	5433	POLR2D	0.74
GL1AD_HUMAN	81488	POLR2M	SHIP2_HUMAN	3636	INPPL1	0.74
GL1AD_HUMAN	81488	POLR2M	GPN2_HUMAN	54707	GPN2	0.74
GL1AD_HUMAN	81488	POLR2M	RPB1_HUMAN	5430	POLR2A	0.74
GL1AD_HUMAN	81488	POLR2M	GPN1_HUMAN	11321	GPN1	0.74
GL1AD_HUMAN	81488	POLR2M	RPB2_HUMAN	5431	POLR2B	0.74
GL1AD_HUMAN	81488	POLR2M	SPT6H_HUMAN	6830	SUPT6H	0.74
GL1AD_HUMAN	81488	POLR2M	RPAB5_HUMAN	5441	POLR2L	0.74
GL1AD_HUMAN	81488	POLR2M	GPN3_HUMAN	51184	GPN3	0.74
CV043_HUMAN	51233	DRICH1		285346	ZNF852	0.73
GL1AD_HUMAN	81488	POLR2M	RPAB4_HUMAN	5440	POLR2K	0.73
GL1AD_HUMAN	81488	POLR2M	PDRG1_HUMAN	81572	PDRG1	0.73
RL22L_HUMAN	200916	RPL22L1	DDRGK_HUMAN	65992	DDRGK1	0.73
GL1AD_HUMAN	81488	POLR2M	RPAB3_HUMAN	5437	POLR2H	0.73
GL1AD_HUMAN	81488	POLR2M	DXO_HUMAN	1797	DXO	0.73
TTC27_HUMAN	55622	TTC27	NCDN_HUMAN	23154	NCDN	0.73
TTC27_HUMAN	55622	TTC27	ECD_HUMAN	11319	ECD	0.73
GL1AD_HUMAN	81488	POLR2M	WDR92_HUMAN	116143	WDR92	0.73
GL1AD_HUMAN	81488	POLR2M	RPRD2_HUMAN	23248	RPRD2	0.73
AT7L2_HUMAN	127002	ATXN7L2	KAT2B_HUMAN	8850	KAT2B	0.73
GL1AD_HUMAN	81488	POLR2M	MED28_HUMAN	80306	MED28	0.73
CV043_HUMAN	51233	DRICH1	CS066_HUMAN	55337	C19orf66	0.73
ARMX5_HUMAN	64860	ARMCX5	APBP2_HUMAN	10513	APPBP2	0.73
AT7L2_HUMAN	127002	ATXN7L2	SGF29_HUMAN	112869	SGF29	0.73
GL1AD_HUMAN	81488	POLR2M	MED21_HUMAN	9412	MED21	0.73
CF132_HUMAN	647024	C6orf132	EZRI_HUMAN	7430	EZR	0.73
TTC27_HUMAN	55622	TTC27	U520_HUMAN	23020	SNRNP200	0.73
GL1AD_HUMAN	81488	POLR2M	ASB6_HUMAN	140459	ASB6	0.73
ATD3C_HUMAN	219293	ATAD3C	GDE1_HUMAN	51573	GDE1	0.73
ZMYM1_HUMAN	79830	ZMYM1	SUMO2_HUMAN	6613	SUMO2	0.73
GL1AD_HUMAN	81488	POLR2M	CPNE2_HUMAN	221184	CPNE2	0.73
GL1AD_HUMAN	81488	POLR2M	FRIL_HUMAN	2512	FTL	0.73
RL22L_HUMAN	200916	RPL22L1	LCK_HUMAN	3932	LCK	0.72
ZMYM1_HUMAN	79830	ZMYM1	CENPU_HUMAN	79682	CENPU	0.72
IFT1B_HUMAN	439996	IFIT1B	PRP16_HUMAN	9785	DHX38	0.72
CB055_HUMAN	343990	KIAA1211L	ESR1_HUMAN	2099	ESR1	0.72
TTC27_HUMAN	55622	TTC27	HDA11_HUMAN	79885	HDAC11	0.72
ZMYM1_HUMAN	79830	ZMYM1	TGS1_HUMAN	96764	TGS1	0.72
F199X_HUMAN	139231	FAM199X	OCAD2_HUMAN	132299	OCIAD2	0.72
ARMX5_HUMAN	64860	ARMCX5	CALX_HUMAN	821	CANX	0.72
XP32_HUMAN	100129271	C1orf68	MTA70_HUMAN	56339	METTL3	0.72
RL22L_HUMAN	200916	RPL22L1	MP2K5_HUMAN	5607	MAP2K5	0.72
ZMYM1_HUMAN	79830	ZMYM1	VAPA_HUMAN	9218	VAPA	0.72
CJ025_HUMAN	220979	C10orf25	H12_HUMAN	3006	HIST1H1C	0.72
NBPFA_HUMAN	100132406	NBPF10	NEK4_HUMAN	6787	NEK4	0.72
XP32_HUMAN	100129271	C1orf68	MET14_HUMAN	57721	METTL14	0.72
ZMYM1_HUMAN	79830	ZMYM1	HDAC6_HUMAN	10013	HDAC6	0.72
PRA17_HUMAN	391004	PRAMEF17	GBB2_HUMAN	2783	GNB2	0.72
RL22L_HUMAN	200916	RPL22L1	GRB2_HUMAN	2885	GRB2	0.72
ZMYM1_HUMAN	79830	ZMYM1	GAR1_HUMAN	54433	GAR1	0.72
CJ025_HUMAN	220979	C10orf25	H31T_HUMAN	8290	HIST3H3	0.72
ZMYM1_HUMAN	79830	ZMYM1	XAGE1_HUMAN	653048, 653067, 653219, 653220, 9503	XAGE1B, XAGE1B, XAGE1A, XAGE1A, XAGE1B	0.72
F102B_HUMAN	284611	FAM102B	VP26A_HUMAN	9559	VPS26A	0.72
XP32_HUMAN	100129271	C1orf68	FL2D_HUMAN	9589	WTAP	0.72
ZMYM1_HUMAN	79830	ZMYM1	MKNK2_HUMAN	2872	MKNK2	0.72
ZMYM1_HUMAN	79830	ZMYM1	CHM4B_HUMAN	128866	CHMP4B	0.72
CH074_HUMAN	203076	C8orf74	SUV92_HUMAN	79723	SUV39H2	0.72
GDF5O_HUMAN	554250	GDF5OS	ATPA_HUMAN	498	ATP5F1A	0.72
RL22L_HUMAN	200916	RPL22L1	CSN6_HUMAN	10980	COPS6	0.72
A20A1_HUMAN	84210	ANKRD20A1	NFAC1_HUMAN	4772	NFATC1	0.72
F102B_HUMAN	284611	FAM102B	THOC2_HUMAN	57187	THOC2	0.72
ZMYM1_HUMAN	79830	ZMYM1	HS90A_HUMAN	3320	HSP90AA1	0.72
EBLN2_HUMAN	55096	EBLN2	WRP73_HUMAN	49856	WRAP73	0.72
DC122_HUMAN	340578	DCAF12L2	TCPG_HUMAN	7203	CCT3	0.72
RL22L_HUMAN	200916	RPL22L1	PTPRR_HUMAN	5801	PTPRR	0.72
RL22L_HUMAN	200916	RPL22L1	CAND1_HUMAN	55832	CAND1	0.72
DC122_HUMAN	340578	DCAF12L2	CSN6_HUMAN	10980	COPS6	0.72
CC025_HUMAN	90288	EFCAB12	H12_HUMAN	3006	HIST1H1C	0.72
F102B_HUMAN	284611	FAM102B	EM55_HUMAN	4354	MPP1	0.72
RL22L_HUMAN	200916	RPL22L1	BRD1_HUMAN	23774	BRD1	0.72
ZMYM1_HUMAN	79830	ZMYM1	AURKA_HUMAN	6790	AURKA	0.72
EBLN2_HUMAN	55096	EBLN2	AP1S1_HUMAN	1174	AP1S1	0.72
DC122_HUMAN	340578	DCAF12L2	CUL4B_HUMAN	8450	CUL4B	0.72
T200B_HUMAN	399474	TMEM200B	MTA70_HUMAN	56339	METTL3	0.72
ZMYM1_HUMAN	79830	ZMYM1	PRUN2_HUMAN	158471	PRUNE2	0.72
DC122_HUMAN	340578	DCAF12L2	CUL4A_HUMAN	8451	CUL4A	0.72
ZMYM1_HUMAN	79830	ZMYM1	LITD1_HUMAN	54596	L1TD1	0.72
IFT1B_HUMAN	439996	IFIT1B	IFIT1_HUMAN	3434	IFIT1	0.72
RL22L_HUMAN	200916	RPL22L1	MD2L2_HUMAN	10459	MAD2L2	0.72
ZMYM1_HUMAN	79830	ZMYM1	KIF2A_HUMAN	3796	KIF2A	0.72
ATD3C_HUMAN	219293	ATAD3C	PHKG2_HUMAN	5261	PHKG2	0.72
EBLN2_HUMAN	55096	EBLN2	STK16_HUMAN	8576	STK16	0.72
ATD3C_HUMAN	219293	ATAD3C	MET14_HUMAN	57721	METTL14	0.72
RL22L_HUMAN	200916	RPL22L1	DUS6_HUMAN	1848	DUSP6	0.72
ZMYM1_HUMAN	79830	ZMYM1	SKA1_HUMAN	220134	SKA1	0.72
ASPH1_HUMAN	253982	ASPHD1	TSHR_HUMAN	7253	TSHR	0.72
CF132_HUMAN	647024	C6orf132	ESR1_HUMAN	2099	ESR1	0.72
AMERL_HUMAN	83607	AMMECR1L	DHRS2_HUMAN	10202	DHRS2	0.72
ARMX5_HUMAN	64860	ARMCX5	RIPK4_HUMAN	54101	RIPK4	0.72
AT7L2_HUMAN	127002	ATXN7L2	PHB2_HUMAN	11331	PHB2	0.72
CB055_HUMAN	343990	KIAA1211L	IF4B_HUMAN	1975	EIF4B	0.72
LRC66_HUMAN	339977	LRRC66	ACOX1_HUMAN	51	ACOX1	0.72
EBLN2_HUMAN	55096	EBLN2	CAB39_HUMAN	51719	CAB39	0.72
DC121_HUMAN	139170	DCAF12L1	SH22A_HUMAN	9047	SH2D2A	0.72
CC122_HUMAN	160857	CCDC122	EXOC1_HUMAN	55763	EXOC1	0.72
PMS2L_HUMAN	441194	PMS2CL	ATPB_HUMAN	506	ATP5F1B	0.72
RL22L_HUMAN	200916	RPL22L1	FGFR1_HUMAN	2260	FGFR1	0.72
ZMYM1_HUMAN	79830	ZMYM1	RNH2B_HUMAN	79621	RNASEH2B	0.72
ARMX5_HUMAN	64860	ARMCX5	MK06_HUMAN	5597	MAPK6	0.72
EBLN2_HUMAN	55096	EBLN2	TUSC2_HUMAN	11334	TUSC2	0.72
TTC27_HUMAN	55622	TTC27	SK2L2_HUMAN	23517	MTREX	0.70
AMERL_HUMAN	83607	AMMECR1L	SRPK2_HUMAN	6733	SRPK2	0.70
AMERL_HUMAN	83607	AMMECR1L	SRPK1_HUMAN	6732	SRPK1	0.70
TTC27_HUMAN	55622	TTC27	TTC27_HUMAN	55622	TTC27	0.70
TTC27_HUMAN	55622	TTC27	UN93B_HUMAN	81622	UNC93B1	0.68
TTC27_HUMAN	55622	TTC27	MFHA1_HUMAN	9258	MFHAS1	0.68
GL1AD_HUMAN	81488	POLR2M	NEDD4_HUMAN	4734	NEDD4	0.68
ATD3C_HUMAN	219293	ATAD3C	HSP7C_HUMAN	3312	HSPA8	0.68
TTC27_HUMAN	55622	TTC27	DAPK1_HUMAN	1612	DAPK1	0.68
AMERL_HUMAN	83607	AMMECR1L	NEMO_HUMAN	8517	IKBKG	0.68
TTC27_HUMAN	55622	TTC27	P2RY6_HUMAN	5031	P2RY6	0.68
D19P1_HUMAN	554236	DPY19L2P1	A4_HUMAN	351	APP	0.66
RL22L_HUMAN	200916	RPL22L1	PTEN_HUMAN	5728	PTEN	0.66
CL060_HUMAN	144608	C12orf60	BMP4_HUMAN	652	BMP4	0.65
PXDC1_HUMAN	57125	PLXDC1	NID1_HUMAN	4811	NID1	0.64
ANR22_HUMAN	118932	ANKRD22	ESYT2_HUMAN	57488	ESYT2	0.63
CA095_HUMAN	375057	STUM	TAPT1_HUMAN	202018	TAPT1	0.63
CD040_HUMAN	401137	PRR27	PSMG2_HUMAN	56984	PSMG2	0.63
CH082_HUMAN	414919	C8orf82	COX2_HUMAN	4513	COX2	0.63
CH082_HUMAN	414919	C8orf82	P5CR1_HUMAN	5831	PYCR1	0.63
CH082_HUMAN	414919	C8orf82	CPSF7_HUMAN	79869	CPSF7	0.63
CH082_HUMAN	414919	C8orf82	KHDR1_HUMAN	10657	KHDRBS1	0.63
CH082_HUMAN	414919	C8orf82	ACAD9_HUMAN	28976	ACAD9	0.63
F120S_HUMAN	158293	FAM120AOS	TIM10_HUMAN	26519	TIMM10	0.63
N42L1_HUMAN	90634	N4BP2L1	DCTN6_HUMAN	10671	DCTN6	0.63
TMM69_HUMAN	51249	TMEM69	TUSC5_HUMAN	286753	TRARG1	0.63
TTC27_HUMAN	55622	TTC27	DJC12_HUMAN	56521	DNAJC12	0.63
ARMX5_HUMAN	64860	ARMCX5	SSA27_HUMAN	10534	SSSCA1	0.63
AT7L2_HUMAN	127002	ATXN7L2	TADA1_HUMAN	117143	TADA1	0.63
ATD3C_HUMAN	219293	ATAD3C	CTRO_HUMAN	11113	CIT	0.63
CC122_HUMAN	160857	CCDC122	TFPT_HUMAN	29844	TFPT	0.63
CH082_HUMAN	414919	C8orf82	ES1_HUMAN	8209	GATD3A	0.63
F102B_HUMAN	284611	FAM102B	RIOK1_HUMAN	83732	RIOK1	0.63
GL1AD_HUMAN	81488	POLR2M	RPC2_HUMAN	55703	POLR3B	0.63
IER5L_HUMAN	389792	IER5L	2AAA_HUMAN	5518	PPP2R1A	0.63
PRAM8_HUMAN	391002	PRAMEF8	CUL3_HUMAN	8452	CUL3	0.63
SAM13_HUMAN	148418	SAMD13	LMBL4_HUMAN	91133	L3MBTL4	0.63
TTC27_HUMAN	55622	TTC27	GP182_HUMAN	11318	GPR182	0.63
XP32_HUMAN	100129271	C1orf68	PD1L1_HUMAN	29126	CD274	0.63
ZMYM1_HUMAN	79830	ZMYM1	ELP2_HUMAN	55250	ELP2	0.63
F199X_HUMAN	139231	FAM199X	AP2M1_HUMAN	1173	AP2M1	0.63
MSD2_HUMAN	79684	MSANTD2	HME1_HUMAN	2019	EN1	0.63
A20A1_HUMAN	84210	ANKRD20A1	PTN5_HUMAN	84867	PTPN5	0.63
AT7L2_HUMAN	127002	ATXN7L2	UBP51_HUMAN	158880	USP51	0.63
CA146_HUMAN	388649	C1orf146	SBSN_HUMAN	374897	SBSN	0.63
CH082_HUMAN	414919	C8orf82	NDUS4_HUMAN	4724	NDUFS4	0.63
CH082_HUMAN	414919	C8orf82	SF01_HUMAN	7536	SF1	0.63
CH082_HUMAN	414919	C8orf82	HNRDL_HUMAN	9987	HNRNPDL	0.63
CH082_HUMAN	414919	C8orf82	AFG32_HUMAN	10939	AFG3L2	0.63
CK071_HUMAN	54494	C11orf71	MAT1_HUMAN	4331	MNAT1	0.63
GDF5O_HUMAN	554250	GDF5OS	PSME3_HUMAN	10197	PSME3	0.63
PRA17_HUMAN	391004	PRAMEF17	AMRA1_HUMAN	55626	AMBRA1	0.63
TTC27_HUMAN	55622	TTC27	CJ076_HUMAN	79591	ARMH3	0.63
XP32_HUMAN	100129271	C1orf68	ANXA2_HUMAN	302	ANXA2	0.63
EBLN2_HUMAN	55096	EBLN2	SEGN_HUMAN	10590	SCGN	0.63
ANR22_HUMAN	118932	ANKRD22	CCR1_HUMAN	1230	CCR1	0.63
AT7L2_HUMAN	127002	ATXN7L2	LAMB1_HUMAN	3912	LAMB1	0.63
AT7L2_HUMAN	127002	ATXN7L2	KIF23_HUMAN	9493	KIF23	0.63
ATD3C_HUMAN	219293	ATAD3C	PTH1R_HUMAN	5745	PTH1R	0.63
CF132_HUMAN	647024	C6orf132	PERI_HUMAN	5630	PRPH	0.63
CH082_HUMAN	414919	C8orf82	SYAM_HUMAN	57505	AARS2	0.63
FA53A_HUMAN	152877	FAM53A	DX39A_HUMAN	10212	DDX39A	0.63
GL1AD_HUMAN	81488	POLR2M	SPR1B_HUMAN	6699	SPRR1B	0.63
GL1AD_HUMAN	81488	POLR2M	RMP_HUMAN	8725	URI1	0.63
IFFO2_HUMAN	126917	IFFO2	CCD96_HUMAN	257236	CCDC96	0.63
R13AX_HUMAN			NEK4_HUMAN	6787	NEK4	0.63
RL22L_HUMAN	200916	RPL22L1	FZR_HUMAN	51343	FZR1	0.63
TTC27_HUMAN	55622	TTC27	FXL12_HUMAN	54850	FBXL12	0.63
TTC27_HUMAN	55622	TTC27	TRI66_HUMAN	9866	TRIM66	0.63
YC029_HUMAN			RASK_HUMAN	3845	KRAS	0.63
ZMYM1_HUMAN	79830	ZMYM1	RNF4_HUMAN	6047	RNF4	0.63
ZMYM1_HUMAN	79830	ZMYM1	APEX1_HUMAN	328	APEX1	0.63
ANR22_HUMAN	118932	ANKRD22	CTR2_HUMAN	6542	SLC7A2	0.63
CA095_HUMAN	375057	STUM	DOLK_HUMAN	22845	DOLK	0.63
CC122_HUMAN	160857	CCDC122	PKN3_HUMAN	29941	PKN3	0.63
CH074_HUMAN	203076	C8orf74	TRI63_HUMAN	84676	TRIM63	0.63
CH082_HUMAN	414919	C8orf82	RNZ2_HUMAN	60528	ELAC2	0.63
CH082_HUMAN	414919	C8orf82	RM24_HUMAN	79590	MRPL24	0.63
CH082_HUMAN	414919	C8orf82	RM53_HUMAN	116540	MRPL53	0.63
CH082_HUMAN	414919	C8orf82	ERAL1_HUMAN	26284	ERAL1	0.63
GL1AD_HUMAN	81488	POLR2M	MYO9A_HUMAN	4649	MYO9A	0.63
GL1AD_HUMAN	81488	POLR2M	HSP72_HUMAN	3306	HSPA2	0.63
SHE_HUMAN	126669	SHE	FGFR1_HUMAN	2260	FGFR1	0.63
TTC27_HUMAN	55622	TTC27	TCPH_HUMAN	10574	CCT7	0.63
YT011_HUMAN			TRIP6_HUMAN	7205	TRIP6	0.63
ARMX5_HUMAN	64860	ARMCX5	EGFR_HUMAN	1956	EGFR	0.63
AT7L2_HUMAN	127002	ATXN7L2	SH3R1_HUMAN	57630	SH3RF1	0.63
ATD3C_HUMAN	219293	ATAD3C	MCM2_HUMAN	4171	MCM2	0.63
CH082_HUMAN	414919	C8orf82	ATX3_HUMAN	4287	ATXN3	0.63
D19P1_HUMAN	554236	DPY19L2P1	ESR2_HUMAN	2100	ESR2	0.63
GL1AD_HUMAN	81488	POLR2M	HSP7C_HUMAN	3312	HSPA8	0.63
GL1AD_HUMAN	81488	POLR2M	SYCE1_HUMAN	93426	SYCE1	0.63
MORN1_HUMAN	79906	MORN1	H2BFS_HUMAN	54145	H2BFS	0.63
RL22L_HUMAN	200916	RPL22L1	PTN6_HUMAN	5777	PTPN6	0.63
RL22L_HUMAN	200916	RPL22L1	CLUA1_HUMAN	23059	CLUAP1	0.63
TTC27_HUMAN	55622	TTC27	PPM1L_HUMAN	151742	PPM1L	0.63
XP32_HUMAN	100129271	C1orf68	CFTR_HUMAN	1080	CFTR	0.63
ZMYM1_HUMAN	79830	ZMYM1	HECD1_HUMAN	25831	HECTD1	0.63
EBLN2_HUMAN	55096	EBLN2	CT024_HUMAN	55969	RAB5IF	0.63
MSD2_HUMAN	79684	MSANTD2	PCGF6_HUMAN	84108	PCGF6	0.63
CA095_HUMAN	375057	STUM	PIEZ1_HUMAN	9780	PIEZO1	0.63
CD040_HUMAN	401137	PRR27	TCAF2_HUMAN	285966	TCAF2	0.63
CH082_HUMAN	414919	C8orf82	NDUA2_HUMAN	4695	NDUFA2	0.63
CH082_HUMAN	414919	C8orf82	RENT1_HUMAN	5976	UPF1	0.63
CH082_HUMAN	414919	C8orf82	RAVR1_HUMAN	125950	RAVER1	0.63
CH082_HUMAN	414919	C8orf82	TCPH_HUMAN	10574	CCT7	0.63
CH082_HUMAN	414919	C8orf82	RT18B_HUMAN	28973	MRPS18B	0.63
F120S_HUMAN	158293	FAM120AOS	T10B_HUMAN	26515	TIMM10B	0.63
N42L1_HUMAN	90634	N4BP2L1	PDLI7_HUMAN	9260	PDLIM7	0.63
TMM69_HUMAN	51249	TMEM69	CT043_HUMAN	51507	RTF2	0.63
TTC27_HUMAN	55622	TTC27	ZNHI2_HUMAN	741	ZNHIT2	0.63
ARMX5_HUMAN	64860	ARMCX5	MP2K2_HUMAN	5605	MAP2K2	0.63
AT7L2_HUMAN	127002	ATXN7L2	SP20H_HUMAN	55578	SUPT20H	0.63
ATD3C_HUMAN	219293	ATAD3C	PRC1_HUMAN	9055	PRC1	0.63
CH082_HUMAN	414919	C8orf82	MDHM_HUMAN	4191	MDH2	0.63
F120S_HUMAN	158293	FAM120AOS	ELAV1_HUMAN	1994	ELAVL1	0.63
GL1AD_HUMAN	81488	POLR2M	RPC5_HUMAN	55718	POLR3E	0.63
IER5L_HUMAN	389792	IER5L	DX39A_HUMAN	10212	DDX39A	0.63
PRAM8_HUMAN	391002	PRAMEF8	PRA12_HUMAN	390999	PRAMEF12	0.63
RL22L_HUMAN	200916	RPL22L1	RHG36_HUMAN	158763	ARHGAP36	0.63
SHE_HUMAN	126669	SHE	MYC_HUMAN	4609	MYC	0.63
TTC27_HUMAN	55622	TTC27	UPK2_HUMAN	7379	UPK2	0.63
XP32_HUMAN	100129271	C1orf68	CHM4C_HUMAN	92421	CHMP4C	0.63
ZMYM1_HUMAN	79830	ZMYM1	GLI4_HUMAN	2738	GLI4	0.63
MSD2_HUMAN	79684	MSANTD2	TYY1_HUMAN	7528	YY1	0.63
A20A1_HUMAN	84210	ANKRD20A1	CF174_HUMAN	387104	SOGA3	0.63
AT7L2_HUMAN	127002	ATXN7L2	UBP54_HUMAN	159195	USP54	0.63
CA146_HUMAN	388649	C1orf146	RBTN1_HUMAN	4004	LMO1	0.63
CH082_HUMAN	414919	C8orf82	NDUV2_HUMAN	4729	NDUFV2	0.63
CH082_HUMAN	414919	C8orf82	RT09_HUMAN	64965	MRPS9	0.63
CH082_HUMAN	414919	C8orf82	RT22_HUMAN	56945	MRPS22	0.63
CH082_HUMAN	414919	C8orf82	RT30_HUMAN	10884	MRPS30	0.63
CK071_HUMAN	54494	C11orf71	UBP34_HUMAN	9736	USP34	0.63
GL1AD_HUMAN	81488	POLR2M	RBM4B_HUMAN	83759	RBM4B	0.63
PRA17_HUMAN	391004	PRAMEF17	LRRC6_HUMAN	23639	LRRC6	0.63
TTC27_HUMAN	55622	TTC27	MK03_HUMAN	5595	MAPK3	0.63
XP32_HUMAN	100129271	C1orf68	ARGI1_HUMAN	383	ARG1	0.63
ANR22_HUMAN	118932	ANKRD22	MBNL1_HUMAN	4154	MBNL1	0.63
AT7L2_HUMAN	127002	ATXN7L2	MDFI_HUMAN	4188	MDFI	0.63
AT7L2_HUMAN	127002	ATXN7L2	KAD6_HUMAN	6880	TAF9	0.63
ATD3C_HUMAN	219293	ATAD3C	PKHM3_HUMAN	389072	PLEKHM3	0.63
CF132_HUMAN	647024	C6orf132	MARE3_HUMAN	22924	MAPRE3	0.63
CI153_HUMAN	389766	C9orf153	CF165_HUMAN	154313	CFAP206	0.63
FA53A_HUMAN	152877	FAM53A	VIR_HUMAN	25962	VIRMA	0.63
GL1AD_HUMAN	81488	POLR2M	RPC10_HUMAN	51728	POLR3K	0.63
GL1AD_HUMAN	81488	POLR2M	WWP1_HUMAN	11059	WWP1	0.63
IFFO2_HUMAN	126917	IFFO2	NIN_HUMAN	51199	NIN	0.63
RL22L_HUMAN	200916	RPL22L1	WWP2_HUMAN	11060	WWP2	0.63
TTC27_HUMAN	55622	TTC27	TRI14_HUMAN	9830	TRIM14	0.63
TTC27_HUMAN	55622	TTC27	VSIG4_HUMAN	11326	VSIG4	0.63
YC029_HUMAN			RBM8A_HUMAN	9939	RBM8A	0.63
ZMYM1_HUMAN	79830	ZMYM1	FNTA_HUMAN	2339	FNTA	0.63
F222A_HUMAN	84915	FAM222A	FBXW8_HUMAN	26259	FBXW8	0.63
ANR22_HUMAN	118932	ANKRD22	ESYT1_HUMAN	23344	ESYT1	0.63
CA095_HUMAN	375057	STUM	NDUS4_HUMAN	4724	NDUFS4	0.63
CD040_HUMAN	401137	PRR27	PSMG4_HUMAN	389362	PSMG4	0.63
CH082_HUMAN	414919	C8orf82	MMAB_HUMAN	326625	MMAB	0.63
CH082_HUMAN	414919	C8orf82	DHE3_HUMAN	2746	GLUD1	0.63
CH082_HUMAN	414919	C8orf82	PDCL3_HUMAN	79031	PDCL3	0.63
CH082_HUMAN	414919	C8orf82	BIG3_HUMAN	57221	ARFGEF3	0.63
CV043_HUMAN	51233	DRICH1	KC1G3_HUMAN	1456	CSNK1G3	0.63
GL1AD_HUMAN	81488	POLR2M	HIG1B_HUMAN	51751	HIGD1B	0.63
GL1AD_HUMAN	81488	POLR2M	CTDP1_HUMAN	9150	CTDP1	0.63
TMM69_HUMAN	51249	TMEM69	DNPEP_HUMAN	23549	DNPEP	0.63
TTC27_HUMAN	55622	TTC27	TCPG_HUMAN	7203	CCT3	0.63
ZMYM1_HUMAN	79830	ZMYM1	EF2_HUMAN	1938	EEF2	0.63
AT7L2_HUMAN	127002	ATXN7L2	K1H1_HUMAN	3881	KRT31	0.63
CB055_HUMAN	343990	KIAA1211L	RASH_HUMAN	3265	HRAS	0.63
GL1AD_HUMAN	81488	POLR2M	RAMP1_HUMAN	10267	RAMP1	0.63
MORN1_HUMAN	79906	MORN1	EP300_HUMAN	2033	EP300	0.63
RL22L_HUMAN	200916	RPL22L1	TP4A2_HUMAN	8073	PTP4A2	0.63
RL22L_HUMAN	200916	RPL22L1	UFL1_HUMAN	23376	UFL1	0.63
TMM69_HUMAN	51249	TMEM69	AQP6_HUMAN	363	AQP6	0.63
ZMYM1_HUMAN	79830	ZMYM1	CBX3_HUMAN	11335	CBX3	0.63
EBLN2_HUMAN	55096	EBLN2	FANCC_HUMAN	2176	FANCC	0.63
MSD2_HUMAN	79684	MSANTD2	MYOD1_HUMAN	4654	MYOD1	0.63
ASPH1_HUMAN	253982	ASPHD1	POMP_HUMAN	51371	POMP	0.63
CA095_HUMAN	375057	STUM	HSDL1_HUMAN	83693	HSDL1	0.63
CD040_HUMAN	401137	PRR27	CCG6_HUMAN	59285	CACNG6	0.63
CH082_HUMAN	414919	C8orf82	NDUA5_HUMAN	4698	NDUFA5	0.63
CH082_HUMAN	414919	C8orf82	FUBP1_HUMAN	8880	FUBP1	0.63
CH082_HUMAN	414919	C8orf82	RM50_HUMAN	54534	MRPL50	0.63
CH082_HUMAN	414919	C8orf82	TCPB_HUMAN	10576	CCT2	0.63
CH082_HUMAN	414919	C8orf82	SLIRP_HUMAN	81892	SLIRP	0.63
F120S_HUMAN	158293	FAM120AOS	PSMG3_HUMAN	84262	PSMG3	0.63
N42L1_HUMAN	90634	N4BP2L1	DCTN3_HUMAN	11258	DCTN3	0.63
TMM69_HUMAN	51249	TMEM69	P4R3A_HUMAN	55671	PPP4R3A	0.63
TTC27_HUMAN	55622	TTC27	EAPP_HUMAN	55837	EAPP	0.63
ARMX5_HUMAN	64860	ARMCX5	UPP1_HUMAN	7378	UPP1	0.63
AT7L2_HUMAN	127002	ATXN7L2	MYC_HUMAN	4609	MYC	0.63
ATD3C_HUMAN	219293	ATAD3C	KIF23_HUMAN	9493	KIF23	0.63
CC122_HUMAN	160857	CCDC122	S10A2_HUMAN	6273	S100A2	0.63
CH082_HUMAN	414919	C8orf82	CF203_HUMAN	51250	C6orf203	0.63
F120S_HUMAN	158293	FAM120AOS	TRI25_HUMAN	7706	TRIM25	0.63
GL1AD_HUMAN	81488	POLR2M	MED20_HUMAN	9477	MED20	0.63
PXDC1_HUMAN	57125	PLXDC1	LIN7A_HUMAN	8825	LIN7A	0.63
TTC27_HUMAN	55622	TTC27	NPM_HUMAN	4869	NPM1	0.63
TTC27_HUMAN	55622	TTC27	PTPR2_HUMAN	5799	PTPRN2	0.63
XP32_HUMAN	100129271	C1orf68	RECQ4_HUMAN	9401	RECQL4	0.63
ZMYM1_HUMAN	79830	ZMYM1	PAGE1_HUMAN	8712	PAGE1	0.63
F199X_HUMAN	139231	FAM199X	CE128_HUMAN	145508	CEP128	0.63
NXRD1_HUMAN	122945	NOXRED1	MPZL1_HUMAN	9019	MPZL1	0.63
A20A1_HUMAN	84210	ANKRD20A1	A20A4_HUMAN	728747	ANKRD20A4	0.63
AT7L2_HUMAN	127002	ATXN7L2	FSD2_HUMAN	123722	FSD2	0.63
CA146_HUMAN	388649	C1orf146	CST8_HUMAN	10047	CST8	0.63
CH082_HUMAN	414919	C8orf82	NDUS8_HUMAN	4728	NDUFS8	0.63
CH082_HUMAN	414919	C8orf82	RM41_HUMAN	64975	MRPL41	0.63
CH082_HUMAN	414919	C8orf82	4ET_HUMAN	56478	EIF4ENIF1	0.63
CH082_HUMAN	414919	C8orf82	CLU_HUMAN	23277	CLUH	0.63
CK071_HUMAN	54494	C11orf71	TPPP2_HUMAN	122664	TPPP2	0.63
GL1AD_HUMAN	81488	POLR2M	WDR89_HUMAN	112840	WDR89	0.63
XP32_HUMAN	100129271	C1orf68	SPB12_HUMAN	89777	SERPINB12	0.63
F199X_HUMAN	139231	FAM199X	DCR1B_HUMAN	64858	DCLRE1B	0.63
ANR22_HUMAN	118932	ANKRD22	SARAF_HUMAN	51669	SARAF	0.63
AT7L2_HUMAN	127002	ATXN7L2	P2R3A_HUMAN	5523	PPP2R3A	0.63
AT7L2_HUMAN	127002	ATXN7L2	HSF2B_HUMAN	11077	HSF2BP	0.63
ATD3C_HUMAN	219293	ATAD3C	AURKB_HUMAN	9212	AURKB	0.63
CF132_HUMAN	647024	C6orf132	VASP_HUMAN	7408	VASP	0.63
FNDC7_HUMAN	163479	FNDC7	DX39A_HUMAN	10212	DDX39A	0.63
GL1AD_HUMAN	81488	POLR2M	UXT_HUMAN	8409	UXT	0.63
IFFO2_HUMAN	126917	IFFO2	DYL1_HUMAN	8655	DYNLL1	0.63
TTC27_HUMAN	55622	TTC27	VIR_HUMAN	25962	VIRMA	0.63
YC029_HUMAN			P2R3C_HUMAN	55012	PPP2R3C	0.63
ZMYM1_HUMAN	79830	ZMYM1	TNR1B_HUMAN	7133	TNFRSF1B	0.63
F222A_HUMAN	84915	FAM222A	OBSL1_HUMAN	23363	OBSL1	0.63
ANR22_HUMAN	118932	ANKRD22	USO1_HUMAN	8615	USO1	0.63
CA095_HUMAN	375057	STUM	D19L1_HUMAN	23333	DPY19L1	0.63
CD040_HUMAN	401137	PRR27	UBS3B_HUMAN	84959	UBASH3B	0.63
CH082_HUMAN	414919	C8orf82	RBM33_HUMAN	155435	RBM33	0.63
CH082_HUMAN	414919	C8orf82	GLSK_HUMAN	2744	GLS	0.63
CH082_HUMAN	414919	C8orf82	ECSIT_HUMAN	51295	ECSIT	0.63
CH082_HUMAN	414919	C8orf82	SYVM_HUMAN	57176	VARS2	0.63
CH082_HUMAN	414919	C8orf82	NDUF4_HUMAN	29078	NDUFAF4	0.63
CV043_HUMAN	51233	DRICH1	ZN852_HUMAN			0.63
GL1AD_HUMAN	81488	POLR2M	DGKZ_HUMAN	8525	DGKZ	0.63
GL1AD_HUMAN	81488	POLR2M	KLH13_HUMAN	90293	KLHL13	0.63
TMM69_HUMAN	51249	TMEM69	CMTR1_HUMAN	23070	CMTR1	0.63
TTC27_HUMAN	55622	TTC27	TCPA_HUMAN	6950	TCP1	0.63
ZMYM1_HUMAN	79830	ZMYM1	DLG1_HUMAN	1739	DLG1	0.63
MSD2_HUMAN	79684	MSANTD2	ERCC3_HUMAN	2071	ERCC3	0.63
ARMX5_HUMAN	64860	ARMCX5	AGRIN_HUMAN	375790	AGRN	0.63
AT7L2_HUMAN	127002	ATXN7L2	TAF12_HUMAN	6883	TAF12	0.63
ATD3C_HUMAN	219293	ATAD3C	TRI25_HUMAN	7706	TRIM25	0.63
CB055_HUMAN	343990	KIAA1211L	PRC1_HUMAN	9055	PRC1	0.63
CH082_HUMAN	414919	C8orf82	U5S1_HUMAN	9343	EFTUD2	0.63
F102B_HUMAN	284611	FAM102B	ELAV1_HUMAN	1994	ELAVL1	0.63
GL1AD_HUMAN	81488	POLR2M	MED26_HUMAN	9441	MED26	0.63
RL22L_HUMAN	200916	RPL22L1	TNIP2_HUMAN	79155	TNIP2	0.63
RL22L_HUMAN	200916	RPL22L1	PO2F1_HUMAN	5451	POU2F1	0.63
TMM69_HUMAN	51249	TMEM69	TM14B_HUMAN	81853	TMEM14B	0.63
TTC27_HUMAN	55622	TTC27	P2RY8_HUMAN	286530	P2RY8	0.63
ZMYM1_HUMAN	79830	ZMYM1	GTD2B_HUMAN	389524	GTF2IRD2B	0.63
EBLN2_HUMAN	55096	EBLN2	ATG12_HUMAN	9140	ATG12	0.63
MSD2_HUMAN	79684	MSANTD2	CBX3_HUMAN	11335	CBX3	0.63
AT7L2_HUMAN	127002	ATXN7L2	GG6L9_HUMAN	440295, 728636	GOLGA6L9, GOLGA6L9	0.63
CA095_HUMAN	375057	STUM	APOB_HUMAN	338	APOB	0.63
CD040_HUMAN	401137	PRR27	ZZEF1_HUMAN	23140	ZZEF1	0.63
CH082_HUMAN	414919	C8orf82	NDUA7_HUMAN	4701	NDUFA7	0.63
CH082_HUMAN	414919	C8orf82	FUBP3_HUMAN	8939	FUBP3	0.63
CH082_HUMAN	414919	C8orf82	NFS1_HUMAN	9054	NFS1	0.63
CH082_HUMAN	414919	C8orf82	RM28_HUMAN	10573	MRPL28	0.63
CH082_HUMAN	414919	C8orf82	TDRD3_HUMAN	81550	TDRD3	0.63
F120S_HUMAN	158293	FAM120AOS	ACTBM_HUMAN	440915	POTEKP	0.63
TMM69_HUMAN	51249	TMEM69	IMPCT_HUMAN	55364	IMPACT	0.63
TTC27_HUMAN	55622	TTC27	DTBP1_HUMAN	84062	DTNBP1	0.63
AMERL_HUMAN	83607	AMMECR1L	PTN14_HUMAN	5784	PTPN14	0.63
ARMX5_HUMAN	64860	ARMCX5	INF2_HUMAN	64423	INF2	0.63
AT7L2_HUMAN	127002	ATXN7L2	PRDM6_HUMAN	93166	PRDM6	0.63
ATD3C_HUMAN	219293	ATAD3C	K1C17_HUMAN	3872	KRT17	0.63
CC122_HUMAN	160857	CCDC122	SYCE1_HUMAN	93426	SYCE1	0.63
CH082_HUMAN	414919	C8orf82	MRM1_HUMAN	79922	MRM1	0.63
F120S_HUMAN	158293	FAM120AOS	MDFI_HUMAN	4188	MDFI	0.63
GL1AD_HUMAN	81488	POLR2M	RPC8_HUMAN	171568	POLR3H	0.63
PXDC1_HUMAN	57125	PLXDC1	NRF1_HUMAN	4899	NRF1	0.63
SHE_HUMAN	126669	SHE	MOD5_HUMAN	54802	TRIT1	0.63
TTC27_HUMAN	55622	TTC27	EGFR_HUMAN	1956	EGFR	0.63
TTC27_HUMAN	55622	TTC27	DYRL1_HUMAN	200895	DHFR2	0.63
XP32_HUMAN	100129271	C1orf68	HDAC2_HUMAN	3066	HDAC2	0.63
ZMYM1_HUMAN	79830	ZMYM1	CD6_HUMAN	923	CD6	0.63
A20A1_HUMAN	84210	ANKRD20A1	TSSC1_HUMAN	7260	EIPR1	0.63
AT7L2_HUMAN	127002	ATXN7L2	UBP27_HUMAN	389856	USP27X	0.63
CA146_HUMAN	388649	C1orf146	T22D4_HUMAN	81628	TSC22D4	0.63
CH082_HUMAN	414919	C8orf82	NDUV3_HUMAN	4731	NDUFV3	0.63
CH082_HUMAN	414919	C8orf82	RT05_HUMAN	64969	MRPS5	0.63
CH082_HUMAN	414919	C8orf82	SYIM_HUMAN	55699	IARS2	0.63
CH082_HUMAN	414919	C8orf82	VWA8_HUMAN	23078	VWA8	0.63
CK071_HUMAN	54494	C11orf71	NACC2_HUMAN	138151	NACC2	0.63
GL1AD_HUMAN	81488	POLR2M	MYO3A_HUMAN	53904	MYO3A	0.63
RL22L_HUMAN	200916	RPL22L1	SODM_HUMAN	6648	SOD2	0.63
XP32_HUMAN	100129271	C1orf68	DSG1_HUMAN	1828	DSG1	0.63
ANR22_HUMAN	118932	ANKRD22	AATC_HUMAN	2805	GOT1	0.63
AT7L2_HUMAN	127002	ATXN7L2	CBX3_HUMAN	11335	CBX3	0.63
AT7L2_HUMAN	127002	ATXN7L2	KLF6_HUMAN	1316	KLF6	0.63
CA095_HUMAN	375057	STUM	TBB3_HUMAN	10381	TUBB3	0.63
CF132_HUMAN	647024	C6orf132	ACTB_HUMAN	60	ACTB	0.63
FNDC7_HUMAN	163479	FNDC7	SNIP1_HUMAN	79753	SNIP1	0.63
GL1AD_HUMAN	81488	POLR2M	RPA1_HUMAN	25885	POLR1A	0.63
GL1AD_HUMAN	81488	POLR2M	MED19_HUMAN	219541	MED19	0.63
IFFO2_HUMAN	126917	IFFO2	VIR_HUMAN	25962	VIRMA	0.63
RL22L_HUMAN	200916	RPL22L1	RAD21_HUMAN	5885	RAD21	0.63
RL22L_HUMAN	200916	RPL22L1	TIP_HUMAN	81533	ITFG1	0.63
TI23B_HUMAN	653252	TIMM23B	JUN_HUMAN	3725	JUN	0.63
TTC27_HUMAN	55622	TTC27	PKHA4_HUMAN	57664	PLEKHA4	0.63
YC029_HUMAN			NCBP2_HUMAN	22916	NCBP2	0.63
ZMYM1_HUMAN	79830	ZMYM1	TYY1_HUMAN	7528	YY1	0.63
F222A_HUMAN	84915	FAM222A	CCDC8_HUMAN	83987	CCDC8	0.63
ANR22_HUMAN	118932	ANKRD22	SNG2_HUMAN	9144	SYNGR2	0.63
CA095_HUMAN	375057	STUM	VPP2_HUMAN	23545	ATP6V0A2	0.63
CD040_HUMAN	401137	PRR27	PSMG3_HUMAN	84262	PSMG3	0.63
CH082_HUMAN	414919	C8orf82	HINT2_HUMAN	84681	HINT2	0.63
CH082_HUMAN	414919	C8orf82	GRSF1_HUMAN	2926	GRSF1	0.63
CH082_HUMAN	414919	C8orf82	TACO1_HUMAN	51204	TACO1	0.63
CH082_HUMAN	414919	C8orf82	K1967_HUMAN	57805	CCAR2	0.63
CH082_HUMAN	414919	C8orf82	RM22_HUMAN	29093	MRPL22	0.63
GL1AD_HUMAN	81488	POLR2M	APOD_HUMAN	347	APOD	0.63
TMM69_HUMAN	51249	TMEM69	KPYR_HUMAN	5313	PKLR	0.63
ZMYM1_HUMAN	79830	ZMYM1	ARHGQ_HUMAN	26084	ARHGEF26	0.63
A20A1_HUMAN	84210	ANKRD20A1	RANB9_HUMAN	10048	RANBP9	0.63
ARMX5_HUMAN	64860	ARMCX5	FRIL_HUMAN	2512	FTL	0.63
AT7L2_HUMAN	127002	ATXN7L2	TAF9B_HUMAN	51616	TAF9B	0.63
ATD3C_HUMAN	219293	ATAD3C	MEPCE_HUMAN	56257	MEPCE	0.63
CC025_HUMAN	90288	EFCAB12	FHL3_HUMAN	2275	FHL3	0.63
CH082_HUMAN	414919	C8orf82	TR61B_HUMAN	55006	TRMT61B	0.63
GL1AD_HUMAN	81488	POLR2M	FTM_HUMAN	23322	RPGRIP1L	0.63
GL1AD_HUMAN	81488	POLR2M	RPC1_HUMAN	11128	POLR3A	0.63
GL1AD_HUMAN	81488	POLR2M	RPAC1_HUMAN	9533	POLR1C	0.63
NBPFA_HUMAN	100132406	NBPF10	RNF17_HUMAN	56163	RNF17	0.63
RL22L_HUMAN	200916	RPL22L1	HEY1_HUMAN	23462	HEY1	0.63
RL22L_HUMAN	200916	RPL22L1	MYC_HUMAN	4609	MYC	0.63
TTC22_HUMAN	55001	TTC22	KIF23_HUMAN	9493	KIF23	0.63
TTC27_HUMAN	55622	TTC27	DDRGK_HUMAN	65992	DDRGK1	0.63
ZMYM1_HUMAN	79830	ZMYM1	CRCM_HUMAN	4163	MCC	0.63
EBLN2_HUMAN	55096	EBLN2	AAKB1_HUMAN	5564	PRKAB1	0.63
MSD2_HUMAN	79684	MSANTD2	PARP1_HUMAN	142	PARP1	0.63
AT7L2_HUMAN	127002	ATXN7L2	M21D2_HUMAN	151963	MB21D2	0.63
CA095_HUMAN	375057	STUM	CD032_HUMAN	132720	FAM241A	0.63
CD040_HUMAN	401137	PRR27	VWA8_HUMAN	23078	VWA8	0.63
CH082_HUMAN	414919	C8orf82	NDUA6_HUMAN	4700	NDUFA6	0.63
CH082_HUMAN	414919	C8orf82	RT23_HUMAN	51649	MRPS23	0.63
CH082_HUMAN	414919	C8orf82	VAMP3_HUMAN	9341	VAMP3	0.63
CH082_HUMAN	414919	C8orf82	TIM44_HUMAN	10469	TIMM44	0.63
CI050_HUMAN	375759	C9orf50	PP1G_HUMAN	5501	PPP1CC	0.63
F120S_HUMAN	158293	FAM120AOS	HERC1_HUMAN	8925	HERC1	0.63
TMM69_HUMAN	51249	TMEM69	TOPK_HUMAN	55872	PBK	0.63
XP32_HUMAN	100129271	C1orf68	TGM3_HUMAN	7053	TGM3	0.63
AMERL_HUMAN	83607	AMMECR1L	RAB31_HUMAN	11031	RAB31	0.63
ARMX5_HUMAN	64860	ARMCX5	KCC2D_HUMAN	817	CAMK2D	0.63
AT7L2_HUMAN	127002	ATXN7L2	ST65G_HUMAN	9913	SUPT7L	0.63
ATD3C_HUMAN	219293	ATAD3C	RDH13_HUMAN	112724	RDH13	0.63
CCYL2_HUMAN	414194	CCNYL2	NMRL1_HUMAN	57407	NMRAL1	0.63
CH082_HUMAN	414919	C8orf82	CLPP_HUMAN	8192	CLPP	0.63
F120S_HUMAN	158293	FAM120AOS	APEX1_HUMAN	328	APEX1	0.63
GL1AD_HUMAN	81488	POLR2M	MED22_HUMAN	6837	MED22	0.63
IFFO2_HUMAN	126917	IFFO2	DYL2_HUMAN	140735	DYNLL2	0.63
RL22L_HUMAN	200916	RPL22L1	SDCB2_HUMAN	27111	SDCBP2	0.63
SHE_HUMAN	126669	SHE	FHL3_HUMAN	2275	FHL3	0.63
TTC27_HUMAN	55622	TTC27	FBX6_HUMAN	26270	FBXO6	0.63
TTC27_HUMAN	55622	TTC27	KLK5_HUMAN	25818	KLK5	0.63
XP32_HUMAN	100129271	C1orf68	ZCH18_HUMAN	124245	ZC3H18	0.63
AT7L2_HUMAN	127002	ATXN7L2	TRRAP_HUMAN	8295	TRRAP	0.63
CA146_HUMAN	388649	C1orf146	SPA12_HUMAN	145264	SERPINA12	0.63
CH082_HUMAN	414919	C8orf82	NDKM_HUMAN	4833	NME4	0.63
CH082_HUMAN	414919	C8orf82	RT06_HUMAN	64968	MRPS6	0.63
CH082_HUMAN	414919	C8orf82	WDR33_HUMAN	55339	WDR33	0.63
CH082_HUMAN	414919	C8orf82	MAN1_HUMAN	23592	LEMD3	0.63
GL1AD_HUMAN	81488	POLR2M	SCMH1_HUMAN	22955	SCMH1	0.63
TTC27_HUMAN	55622	TTC27	CD2AP_HUMAN	23607	CD2AP	0.63
XP32_HUMAN	100129271	C1orf68	PLAK_HUMAN	3728	JUP	0.63
AR26L_HUMAN			MAGA6_HUMAN	4105	MAGEA6	0.63
AT7L2_HUMAN	127002	ATXN7L2	KAT2A_HUMAN	2648	KAT2A	0.63
CA129_HUMAN	80133	MROH9	RN123_HUMAN	63891	RNF123	0.63
CF132_HUMAN	647024	C6orf132	ACE2_HUMAN	59272	ACE2	0.63
CJ114_HUMAN	399726	CASC10	ELAV1_HUMAN	1994	ELAVL1	0.63
GL1AD_HUMAN	81488	POLR2M	RPA34_HUMAN	10849	CD3EAP	0.63
GL1AD_HUMAN	81488	POLR2M	MED7_HUMAN	9443	MED7	0.63
IFFO2_HUMAN	126917	IFFO2	PERI_HUMAN	5630	PRPH	0.63
RL22L_HUMAN	200916	RPL22L1	NR2C2_HUMAN	7182	NR2C2	0.63
TTC27_HUMAN	55622	TTC27	KC1A_HUMAN	1452	CSNK1A1	0.63
TTC27_HUMAN	55622	TTC27	1B07_HUMAN	3106	HLA-B	0.63
YC029_HUMAN			COX20_HUMAN	116228	COX20	0.63
DC122_HUMAN	340578	DCAF12L2	CBX6_HUMAN	23466	CBX6	0.63
F222A_HUMAN	84915	FAM222A	CUL9_HUMAN	23113	CUL9	0.63
ANR22_HUMAN	118932	ANKRD22	C102A_HUMAN	92922	CCDC102A	0.63
CA095_HUMAN	375057	STUM	TM245_HUMAN	23731	TMEM245	0.63
CD040_HUMAN	401137	PRR27	NUD12_HUMAN	83594	NUDT12	0.63
CH082_HUMAN	414919	C8orf82	PRC2B_HUMAN	84726	PRRC2B	0.63
CH082_HUMAN	414919	C8orf82	RM23_HUMAN	6150	MRPL23	0.63
CH082_HUMAN	414919	C8orf82	RT02_HUMAN	51116	MRPS2	0.63
CH082_HUMAN	414919	C8orf82	ROA3_HUMAN	220988	HNRNPA3	0.63
CH082_HUMAN	414919	C8orf82	RBM20_HUMAN	282996	RBM20	0.63
F120S_HUMAN	158293	FAM120AOS	P4R3B_HUMAN	57223	PPP4R3B	0.63
GL1AD_HUMAN	81488	POLR2M	PRS7_HUMAN	5701	PSMC2	0.63
LCN12_HUMAN	286256	LCN12	GRP78_HUMAN	3309	HSPA5	0.63
TMM69_HUMAN	51249	TMEM69	PP2AA_HUMAN	5515	PPP2CA	0.63
ZMYM1_HUMAN	79830	ZMYM1	DTNB_HUMAN	1838	DTNB	0.63
ARMX5_HUMAN	64860	ARMCX5	UBXN6_HUMAN	80700	UBXN6	0.63
AT7L2_HUMAN	127002	ATXN7L2	PP16A_HUMAN	84988	PPP1R16A	0.63
CH082_HUMAN	414919	C8orf82	PDK1_HUMAN	5163	PDK1	0.63
GL1AD_HUMAN	81488	POLR2M	XPO1_HUMAN	7514	XPO1	0.63
GL1AD_HUMAN	81488	POLR2M	RPAC2_HUMAN	51082	POLR1D	0.63
GL1AD_HUMAN	81488	POLR2M	RPC4_HUMAN	661	POLR3D	0.63
RL22L_HUMAN	200916	RPL22L1	U5S1_HUMAN	9343	EFTUD2	0.63
RL22L_HUMAN	200916	RPL22L1	RC3H1_HUMAN	149041	RC3H1	0.63
TTC27_HUMAN	55622	TTC27	NR2C2_HUMAN	7182	NR2C2	0.63
XP32_HUMAN	100129271	C1orf68	LRRK2_HUMAN	120892	LRRK2	0.63
ZMYM1_HUMAN	79830	ZMYM1	PIAS4_HUMAN	51588	PIAS4	0.63
MSD2_HUMAN	79684	MSANTD2	FEV_HUMAN	54738	FEV	0.63
AT7L2_HUMAN	127002	ATXN7L2		100130827	SBK3	0.63
CA095_HUMAN	375057	STUM	GPC5B_HUMAN	51704	GPRC5B	0.63
CD040_HUMAN	401137	PRR27	PREP_HUMAN	10531	PITRM1	0.63
CH082_HUMAN	414919	C8orf82	NDUA9_HUMAN	4704	NDUFA9	0.63
CH082_HUMAN	414919	C8orf82	RT33_HUMAN	51650	MRPS33	0.63
CH082_HUMAN	414919	C8orf82	QKI_HUMAN	9444	QKI	0.63
CH082_HUMAN	414919	C8orf82	ZNT9_HUMAN	10463	SLC30A9	0.63
CI057_HUMAN	138240	C9orf57	GPSM3_HUMAN	63940	GPSM3	0.63
F120S_HUMAN	158293	FAM120AOS	VPRBP_HUMAN	9730	DCAF1	0.63
TMM69_HUMAN	51249	TMEM69	KLK3_HUMAN	354	KLK3	0.63
XP32_HUMAN	100129271	C1orf68	TRY3_HUMAN	5646	PRSS3	0.63
AMERL_HUMAN	83607	AMMECR1L	MTSSL_HUMAN	92154	MTSS2	0.63
ARMX5_HUMAN	64860	ARMCX5	ST1C4_HUMAN	27233	SULT1C4	0.63
AT7L2_HUMAN	127002	ATXN7L2	BAG3_HUMAN	9531	BAG3	0.63
ATD3C_HUMAN	219293	ATAD3C	MAGA3_HUMAN	4102	MAGEA3	0.63
CD040_HUMAN	401137	PRR27	TIM10_HUMAN	26519	TIMM10	0.63
CH082_HUMAN	414919	C8orf82	TRAP1_HUMAN	10131	TRAP1	0.63
F180B_HUMAN	399888	FAM180B	CKLF2_HUMAN	146225	CMTM2	0.63
GL1AD_HUMAN	81488	POLR2M	RPAP3_HUMAN	79657	RPAP3	0.63
GL1AD_HUMAN	81488	POLR2M	MED17_HUMAN	9440	MED17	0.63
IFFO2_HUMAN	126917	IFFO2	ASPP1_HUMAN	23368	PPP1R13B	0.63
PXDC1_HUMAN	57125	PLXDC1	RBG1L_HUMAN	9910	RABGAP1L	0.63
TTC27_HUMAN	55622	TTC27	CSTF1_HUMAN	1477	CSTF1	0.63
TTC27_HUMAN	55622	TTC27	ILVBL_HUMAN	10994	ILVBL	0.63
XP32_HUMAN	100129271	C1orf68	ZA2G_HUMAN	563	AZGP1	0.63
ZMYM1_HUMAN	79830	ZMYM1	ZN460_HUMAN	10794	ZNF460	0.63
AT7L2_HUMAN	127002	ATXN7L2	CI169_HUMAN	375791	CYSRT1	0.63
CH082_HUMAN	414919	C8orf82	ODO1_HUMAN	4967	OGDH	0.63
CH082_HUMAN	414919	C8orf82	RT29_HUMAN	7818	DAP3	0.63
CH082_HUMAN	414919	C8orf82	PSPC1_HUMAN	55269	PSPC1	0.63
CH082_HUMAN	414919	C8orf82	SYLM_HUMAN	23395	LARS2	0.63
GL1AD_HUMAN	81488	POLR2M	ZN410_HUMAN	57862	ZNF410	0.63
TTC27_HUMAN	55622	TTC27	GFPT1_HUMAN	2673	GFPT1	0.63
AR26L_HUMAN			STAT3_HUMAN	6774	STAT3	0.63
AT7L2_HUMAN	127002	ATXN7L2	NXF1_HUMAN	10482	NXF1	0.63
AT7L2_HUMAN	127002	ATXN7L2	CBX1_HUMAN	10951	CBX1	0.63
CA129_HUMAN	80133	MROH9	LGUL_HUMAN	2739	GLO1	0.63
CF132_HUMAN	647024	C6orf132	PROF1_HUMAN	5216	PFN1	0.63
CJ114_HUMAN	399726	CASC10	HNRH1_HUMAN	3187	HNRNPH1	0.63
GDF5O_HUMAN	554250	GDF5OS	RHBD2_HUMAN	57414	RHBDD2	0.63
GL1AD_HUMAN	81488	POLR2M	RPA49_HUMAN	64425	POLR1E	0.63
GL1AD_HUMAN	81488	POLR2M	RPA12_HUMAN	30834	ZNRD1	0.63
LC1L1_HUMAN	286310	LCN1P1	NALP7_HUMAN	199713	NLRP7	0.63
RL22L_HUMAN	200916	RPL22L1	PKHG4_HUMAN	25894	PLEKHG4	0.63
TTC27_HUMAN	55622	TTC27	TRI25_HUMAN	7706	TRIM25	0.63
TTC27_HUMAN	55622	TTC27	MFSD4_HUMAN	148808	MFSD4A	0.63
GAG2A_HUMAN	729447	GAGE2A	GNMT_HUMAN	27232	GNMT	0.63
ANR22_HUMAN	118932	ANKRD22	AP4A_HUMAN	318	NUDT2	0.63
CA095_HUMAN	375057	STUM	GLPK_HUMAN	2710	GK	0.63
CD040_HUMAN	401137	PRR27	IDE_HUMAN	3416	IDE	0.63
CH082_HUMAN	414919	C8orf82	PDIP3_HUMAN	84271	POLDIP3	0.63
CH082_HUMAN	414919	C8orf82	RM12_HUMAN	6182	MRPL12	0.63
CH082_HUMAN	414919	C8orf82	RT07_HUMAN	51081	MRPS7	0.63
CH082_HUMAN	414919	C8orf82	BEND3_HUMAN	57673	BEND3	0.63
CH082_HUMAN	414919	C8orf82	CPSF1_HUMAN	29894	CPSF1	0.63
F120S_HUMAN	158293	FAM120AOS	PSMG4_HUMAN	389362	PSMG4	0.63
LRC66_HUMAN	339977	LRRC66	A4_HUMAN	351	APP	0.63
TMM69_HUMAN	51249	TMEM69	S10A2_HUMAN	6273	S100A2	0.63
ZMYM1_HUMAN	79830	ZMYM1	ABLM1_HUMAN	3983	ABLIM1	0.63
A20A1_HUMAN	84210	ANKRD20A1	BMI1_HUMAN	648	BMI1	0.63
ARMX5_HUMAN	64860	ARMCX5	F119B_HUMAN	25895	EEF1AKMT3	0.63
AT7L2_HUMAN	127002	ATXN7L2	ATX7_HUMAN	6314	ATXN7	0.63
ATD3C_HUMAN	219293	ATAD3C	ODO2_HUMAN	1743	DLST	0.63
CH082_HUMAN	414919	C8orf82	CH60_HUMAN	3329	HSPD1	0.63
GL1AD_HUMAN	81488	POLR2M	MED9_HUMAN	55090	MED9	0.63
OGRL1_HUMAN	79627	OGFRL1	SBP1_HUMAN	8991	SELENBP1	0.63
RL22L_HUMAN	200916	RPL22L1	STAR8_HUMAN	9754	STARD8	0.63
TTC27_HUMAN	55622	TTC27	KLK15_HUMAN	55554	KLK15	0.63
XP32_HUMAN	100129271	C1orf68	DSC1_HUMAN	1823	DSC1	0.63
ZMYM1_HUMAN	79830	ZMYM1	TMM74_HUMAN	157753	TMEM74	0.63
MSD2_HUMAN	79684	MSANTD2	SP7_HUMAN	121340	SP7	0.63
AT7L2_HUMAN	127002	ATXN7L2	TAF6L_HUMAN	10629	TAF6L	0.63
CA095_HUMAN	375057	STUM	CTL2_HUMAN	57153	SLC44A2	0.63
CD040_HUMAN	401137	PRR27	ANR40_HUMAN	91369	ANKRD40	0.63
CH082_HUMAN	414919	C8orf82	NDUS1_HUMAN	4719	NDUFS1	0.63
CH082_HUMAN	414919	C8orf82	ZFR_HUMAN	51663	ZFR	0.63
CH082_HUMAN	414919	C8orf82	BCS1_HUMAN	617	BCS1L	0.63
CH082_HUMAN	414919	C8orf82	ATP5H_HUMAN	10476	ATP5PD	0.63
CI057_HUMAN	138240	C9orf57	PITX1_HUMAN	5307	PITX1	0.63
F120S_HUMAN	158293	FAM120AOS	MICA1_HUMAN	64780	MICAL1	0.63
TMM69_HUMAN	51249	TMEM69	CT027_HUMAN	54976	C20orf27	0.63
XP32_HUMAN	100129271	C1orf68	NELFE_HUMAN	7936	NELFE	0.63
ANR22_HUMAN	118932	ANKRD22	CREST_HUMAN	26039	SS18L1	0.63
ARMX5_HUMAN	64860	ARMCX5	TNR1B_HUMAN	7133	TNFRSF1B	0.63
ATD3C_HUMAN	219293	ATAD3C	CUL7_HUMAN	9820	CUL7	0.63
CF122_HUMAN	401288	LINC00242	KR107_HUMAN	386675	KRTAP10-7	0.63
CH082_HUMAN	414919	C8orf82	ICT1_HUMAN	3396	MRPL58	0.63
S31A3_HUMAN	727830	SPATA31A3	TF65_HUMAN	5970	RELA	0.63
GL1AD_HUMAN	81488	POLR2M	MED14_HUMAN	9282	MED14	0.63
GL1AD_HUMAN	81488	POLR2M	S10A2_HUMAN	6273	S100A2	0.63
IFFO2_HUMAN	126917	IFFO2	GFAP_HUMAN	2670	GFAP	0.63
PXDC1_HUMAN	57125	PLXDC1	LIN7C_HUMAN	55327	LIN7C	0.63
RL22L_HUMAN	200916	RPL22L1	TRIO_HUMAN	7204	TRIO	0.63
TTC27_HUMAN	55622	TTC27	NTRK1_HUMAN	4914	NTRK1	0.63
TTC27_HUMAN	55622	TTC27	ASXL1_HUMAN	171023	ASXL1	0.63
XP32_HUMAN	100129271	C1orf68	FILA2_HUMAN	388698	FLG2	0.63
ZMYM1_HUMAN	79830	ZMYM1	MYC_HUMAN	4609	MYC	0.63
F199X_HUMAN	139231	FAM199X	RECQ4_HUMAN	9401	RECQL4	0.63
AT7L2_HUMAN	127002	ATXN7L2	ZN526_HUMAN	116115	ZNF526	0.63
CA228_HUMAN	339541	ARMH1	CAH1_HUMAN	759	CA1	0.63
CH082_HUMAN	414919	C8orf82	LETM1_HUMAN	3954	LETM1	0.63
CH082_HUMAN	414919	C8orf82	RT24_HUMAN	64951	MRPS24	0.63
CH082_HUMAN	414919	C8orf82	GATA_HUMAN	55278	QRSL1	0.63
CH082_HUMAN	414919	C8orf82	RM46_HUMAN	26589	MRPL46	0.63
GL1AD_HUMAN	81488	POLR2M	CE126_HUMAN	57562	CEP126	0.63
RL22L_HUMAN	200916	RPL22L1	MDM2_HUMAN	4193	MDM2	0.63
ARMX5_HUMAN	64860	ARMCX5	DCP2_HUMAN	167227	DCP2	0.63
AT7L2_HUMAN	127002	ATXN7L2	ENY2_HUMAN	56943	ENY2	0.63
CA133_HUMAN	574036	SERTAD4-AS1	TNIP2_HUMAN	79155	TNIP2	0.63
CF132_HUMAN	647024	C6orf132	BAIP2_HUMAN	10458	BAIAP2	0.63
CJ122_HUMAN	387718	TEX36	PP1G_HUMAN	5501	PPP1CC	0.63
GL1AD_HUMAN	81488	POLR2M	THAP1_HUMAN	55145	THAP1	0.63
GL1AD_HUMAN	81488	POLR2M	RPA2_HUMAN	84172	POLR1B	0.63
GL1AD_HUMAN	81488	POLR2M	MED10_HUMAN	84246	MED10	0.63
LCN12_HUMAN	286256	LCN12	MYC_HUMAN	4609	MYC	0.63
RL22L_HUMAN	200916	RPL22L1	KS6B2_HUMAN	6199	RPS6KB2	0.63
RL22L_HUMAN	200916	RPL22L1	KIF14_HUMAN	9928	KIF14	0.63
TTC27_HUMAN	55622	TTC27	EGLN3_HUMAN	112399	EGLN3	0.63
TTC27_HUMAN	55622	TTC27	CTBP2_HUMAN	1488	CTBP2	0.63
YC029_HUMAN			RHBD2_HUMAN	57414	RHBDD2	0.63
GAG2A_HUMAN	729447	GAGE2A	GMCL1_HUMAN	64395	GMCL1	0.63
ANR22_HUMAN	118932	ANKRD22	HEM2_HUMAN	210	ALAD	0.63
CA095_HUMAN	375057	STUM	SOAT1_HUMAN	6646	SOAT1	0.63
CD040_HUMAN	401137	PRR27	HECD3_HUMAN	79654	HECTD3	0.63
CH082_HUMAN	414919	C8orf82	RM45_HUMAN	84311	MRPL45	0.63
CH082_HUMAN	414919	C8orf82	RT14_HUMAN	63931	MRPS14	0.63
CH082_HUMAN	414919	C8orf82	TIM16_HUMAN	51025	PAM16	0.63
CH082_HUMAN	414919	C8orf82	ACOT1_HUMAN	641371	ACOT1	0.63
CH082_HUMAN	414919	C8orf82	P5CR2_HUMAN	29920	PYCR2	0.63
F120S_HUMAN	158293	FAM120AOS	ACTA_HUMAN	59	ACTA2	0.63
MORN1_HUMAN	79906	MORN1	AP2A_HUMAN	7020	TFAP2A	0.63
TMM69_HUMAN	51249	TMEM69	PRTN3_HUMAN	5657	PRTN3	0.63
ZMYM1_HUMAN	79830	ZMYM1	SNTB2_HUMAN	6645	SNTB2	0.63
A20A1_HUMAN	84210	ANKRD20A1	DYL2_HUMAN	140735	DYNLL2	0.63
ARMX5_HUMAN	64860	ARMCX5	CRBB3_HUMAN	1417	CRYBB3	0.63
AT7L2_HUMAN	127002	ATXN7L2	SH3R2_HUMAN	153769	SH3RF2	0.63
ATD3C_HUMAN	219293	ATAD3C	SDHF3_HUMAN	57001	SDHAF3	0.63
GL1AD_HUMAN	81488	POLR2M	ZNHI2_HUMAN	741	ZNHIT2	0.63
GL1AD_HUMAN	81488	POLR2M	ARMC5_HUMAN	79798	ARMC5	0.63
RL22L_HUMAN	200916	RPL22L1	KSR1_HUMAN	8844	KSR1	0.63
TTC27_HUMAN	55622	TTC27	TMEM9_HUMAN	252839	TMEM9	0.63
XP32_HUMAN	100129271	C1orf68	NALP7_HUMAN	199713	NLRP7	0.63
ZMYM1_HUMAN	79830	ZMYM1	ZKSC8_HUMAN	7745	ZKSCAN8	0.63
F199X_HUMAN	139231	FAM199X	ELAV1_HUMAN	1994	ELAVL1	0.63
MSD2_HUMAN	79684	MSANTD2	NFIX_HUMAN	4784	NFIX	0.63
AT7L2_HUMAN	127002	ATXN7L2	KCTD7_HUMAN	154881	KCTD7	0.63
CA095_HUMAN	375057	STUM	F210B_HUMAN	116151	FAM210B	0.63
CH082_HUMAN	414919	C8orf82	NDUV1_HUMAN	4723	NDUFV1	0.63
CH082_HUMAN	414919	C8orf82	RT17_HUMAN	51373	MRPS17	0.63
CH082_HUMAN	414919	C8orf82	ATPO_HUMAN	539	ATP5PO	0.63
CH082_HUMAN	414919	C8orf82	RT31_HUMAN	10240	MRPS31	0.63
F120S_HUMAN	158293	FAM120AOS	P4R3A_HUMAN	55671	PPP4R3A	0.63
TMM69_HUMAN	51249	TMEM69	EGLN3_HUMAN	112399	EGLN3	0.63
XP32_HUMAN	100129271	C1orf68	KPRP_HUMAN	448834	KPRP	0.63
ARMX5_HUMAN	64860	ARMCX5	DX39A_HUMAN	10212	DDX39A	0.63
AT7L2_HUMAN	127002	ATXN7L2	SRB4D_HUMAN	136853	SSC4D	0.63
ATD3C_HUMAN	219293	ATAD3C	KI20A_HUMAN	10112	KIF20A	0.63
CF132_HUMAN	647024	C6orf132	CADH1_HUMAN	999	CDH1	0.63
CH082_HUMAN	414919	C8orf82	CISY_HUMAN	1431	CS	0.63
NTM2D_HUMAN	728130	NUTM2D	HNRH1_HUMAN	3187	HNRNPH1	0.63
GL1AD_HUMAN	81488	POLR2M	MED30_HUMAN	90390	MED30	0.63
GL1AD_HUMAN	81488	POLR2M	HS71B_HUMAN	3303, 3304	HSPA1A, HSPA1B	0.63
IFFO2_HUMAN	126917	IFFO2	HNRH1_HUMAN	3187	HNRNPH1	0.63
PXDC1_HUMAN	57125	PLXDC1	C5AR2_HUMAN	27202	C5AR2	0.63
RL22L_HUMAN	200916	RPL22L1	KIF23_HUMAN	9493	KIF23	0.63
T200B_HUMAN	399474	TMEM200B	TAGL_HUMAN	6876	TAGLN	0.63
TTC27_HUMAN	55622	TTC27	ASNS_HUMAN	440	ASNS	0.63
TTC27_HUMAN	55622	TTC27	CSN5_HUMAN	10987	COPS5	0.63
XP32_HUMAN	100129271	C1orf68	S10AE_HUMAN	57402	S100A14	0.63
ZMYM1_HUMAN	79830	ZMYM1	ESR2_HUMAN	2100	ESR2	0.63
ZMYM1_HUMAN	79830	ZMYM1	HDGR2_HUMAN	84717	HDGFL2	0.63
F199X_HUMAN	139231	FAM199X		283768	GOLGA8G	0.63
AT7L2_HUMAN	127002	ATXN7L2	BANP_HUMAN	54971	BANP	0.63
CA228_HUMAN	339541	ARMH1	TUSC2_HUMAN	11334	TUSC2	0.63
CH074_HUMAN	203076	C8orf74	MBRL_HUMAN	91304	TMEM259	0.63
CH082_HUMAN	414919	C8orf82	ROA2_HUMAN	3181	HNRNPA2B1	0.63
CH082_HUMAN	414919	C8orf82	RT26_HUMAN	64949	MRPS26	0.63
CH082_HUMAN	414919	C8orf82	RT10_HUMAN	55173	MRPS10	0.63
CH082_HUMAN	414919	C8orf82	MIMIT_HUMAN	91942	NDUFAF2	0.63
GL1AD_HUMAN	81488	POLR2M	RL7A_HUMAN	6130	RPL7A	0.63
TTC27_HUMAN	55622	TTC27	TCPE_HUMAN	22948	CCT5	0.63
YT011_HUMAN			TRAF1_HUMAN	7185	TRAF1	0.63
CA228_HUMAN	339541	ARMH1	TRI25_HUMAN	7706	TRIM25	0.63
CF132_HUMAN	647024	C6orf132	CTRO_HUMAN	11113	CIT	0.63
CJ122_HUMAN	387718	TEX36	IRF3_HUMAN	3661	IRF3	0.63
GL1AD_HUMAN	81488	POLR2M	ARP3_HUMAN	10096	ACTR3	0.63
GL1AD_HUMAN	81488	POLR2M	RPB1C_HUMAN	548644	POLR2J3	0.63
LCN12_HUMAN	286256	LCN12	REST_HUMAN	5978	REST	0.63
RL22L_HUMAN	200916	RPL22L1	MCM2_HUMAN	4171	MCM2	0.63
RL22L_HUMAN	200916	RPL22L1	PKHG1_HUMAN	57480	PLEKHG1	0.63
TTC27_HUMAN	55622	TTC27	FAF2_HUMAN	23197	FAF2	0.63
TTC27_HUMAN	55622	TTC27	OPALI_HUMAN	93377	OPALIN	0.63
YT011_HUMAN			TAD2A_HUMAN	6871	TADA2A	0.63
DC122_HUMAN	340578	DCAF12L2	GCR_HUMAN	2908	NR3C1	0.63
ANR22_HUMAN	118932	ANKRD22	HOOK3_HUMAN	84376	HOOK3	0.63
CA095_HUMAN	375057	STUM	PLS1_HUMAN	5359	PLSCR1	0.63
CD040_HUMAN	401137	PRR27	GNPTA_HUMAN	79158	GNPTAB	0.63
CH082_HUMAN	414919	C8orf82	ODO2_HUMAN	1743	DLST	0.63
CH082_HUMAN	414919	C8orf82	GLYM_HUMAN	6472	SHMT2	0.63
CH082_HUMAN	414919	C8orf82	RT16_HUMAN	51021	MRPS16	0.63
CH082_HUMAN	414919	C8orf82	IF2B2_HUMAN	10644	IGF2BP2	0.63
CH082_HUMAN	414919	C8orf82	RT36_HUMAN	92259	MRPS36	0.63
F120S_HUMAN	158293	FAM120AOS	AHNK2_HUMAN	113146	AHNAK2	0.63
N42L1_HUMAN	90634	N4BP2L1	DCTN5_HUMAN	84516	DCTN5	0.63
TMM69_HUMAN	51249	TMEM69	TPP2_HUMAN	7174	TPP2	0.63
ZMYM1_HUMAN	79830	ZMYM1	LIN7C_HUMAN	55327	LIN7C	0.63
A20A3_HUMAN	441425	ANKRD20A3	RN123_HUMAN	63891	RNF123	0.63
ARMX5_HUMAN	64860	ARMCX5	DHDH_HUMAN	27294	DHDH	0.63
AT7L2_HUMAN	127002	ATXN7L2	RBPMS_HUMAN	11030	RBPMS	0.63
CC122_HUMAN	160857	CCDC122	NCK5L_HUMAN	57701	NCKAP5L	0.63
CH082_HUMAN	414919	C8orf82	EXD2_HUMAN	55218	EXD2	0.63
F102B_HUMAN	284611	FAM102B	TRI25_HUMAN	7706	TRIM25	0.63
GL1AD_HUMAN	81488	POLR2M	CCD68_HUMAN	80323	CCDC68	0.63
TTC41_HUMAN			SPTN1_HUMAN	6709	SPTAN1	0.63
PGBD2_HUMAN	267002	PGBD2	FAXC_HUMAN	84553	FAXC	0.63
SAM13_HUMAN	148418	SAMD13	HNRPL_HUMAN	3191	HNRNPL	0.63
TTC27_HUMAN	55622	TTC27	GRAH_HUMAN	2999	GZMH	0.63
XP32_HUMAN	100129271	C1orf68	DX39B_HUMAN	7919	DDX39B	0.63
ZMYM1_HUMAN	79830	ZMYM1	CTRL_HUMAN	1506	CTRL	0.63
MSD2_HUMAN	79684	MSANTD2	PAX6_HUMAN	5080	PAX6	0.63
AT7L2_HUMAN	127002	ATXN7L2	TAF5L_HUMAN	27097	TAF5L	0.63
CA095_HUMAN	375057	STUM	CX6B1_HUMAN	1340	COX6B1	0.63
CH082_HUMAN	414919	C8orf82	NDUS3_HUMAN	4722	NDUFS3	0.63
CH082_HUMAN	414919	C8orf82	RT34_HUMAN	65993	MRPS34	0.63
CH082_HUMAN	414919	C8orf82	AT5F1_HUMAN	515	ATP5PB	0.63
CH082_HUMAN	414919	C8orf82	TXND9_HUMAN	10190	TXNDC9	0.63
CJ122_HUMAN	387718	TEX36	EFCB2_HUMAN	84288	EFCAB2	0.63
XP32_HUMAN	100129271	C1orf68	CASPE_HUMAN	23581	CASP14	0.63
DC122_HUMAN	340578	DCAF12L2	RCOR2_HUMAN	283248	RCOR2	0.63
ANR22_HUMAN	118932	ANKRD22	CR021_HUMAN	83608	C18orf21	0.63
AT7L2_HUMAN	127002	ATXN7L2	SUPT3_HUMAN	8464	SUPT3H	0.63
ATD3C_HUMAN	219293	ATAD3C	PKHA4_HUMAN	57664	PLEKHA4	0.63
CH082_HUMAN	414919	C8orf82	C1QBP_HUMAN	708	C1QBP	0.63
NTM2D_HUMAN	728130	NUTM2D	APEX1_HUMAN	328	APEX1	0.63
GL1AD_HUMAN	81488	POLR2M	PHRF1_HUMAN	57661	PHRF1	0.63
GL1AD_HUMAN	81488	POLR2M	RPC9_HUMAN	27297	CRCP	0.63
IFFO2_HUMAN	126917	IFFO2	LURA1_HUMAN	541468	LURAP1	0.63
PXDC1_HUMAN	57125	PLXDC1	PSDE_HUMAN	10213	PSMD14	0.63
RL22L_HUMAN	200916	RPL22L1	DOCK4_HUMAN	9732	DOCK4	0.63
TCRGL_HUMAN	256536	TCERG1L	TCRG1_HUMAN	10915	TCERG1	0.63
TTC27_HUMAN	55622	TTC27	UFD1_HUMAN	7353	UFD1	0.63
TTC27_HUMAN	55622	TTC27	S1PR4_HUMAN	8698	S1PR4	0.63
XP32_HUMAN	100129271	C1orf68	DESP_HUMAN	1832	DSP	0.63
ZMYM1_HUMAN	79830	ZMYM1	ZN131_HUMAN	7690	ZNF131	0.63
ZMYM1_HUMAN	79830	ZMYM1	ZN691_HUMAN	51058	ZNF691	0.63
F199X_HUMAN	139231	FAM199X	CU058_HUMAN	54058	C21orf58	0.63
ATD3C_HUMAN	219293	ATAD3C	BRD1_HUMAN	23774	BRD1	0.63
CA228_HUMAN	339541	ARMH1	HBB_HUMAN	3043	HBB	0.63
CH074_HUMAN	203076	C8orf74	ZN655_HUMAN	79027	ZNF655	0.63
CH082_HUMAN	414919	C8orf82	HNRPL_HUMAN	3191	HNRNPL	0.63
CH082_HUMAN	414919	C8orf82	ATPF1_HUMAN	64756	ATPAF1	0.63
CH082_HUMAN	414919	C8orf82	CQ080_HUMAN	55028	C17orf80	0.63
CH082_HUMAN	414919	C8orf82	HNRL1_HUMAN	11100	HNRNPUL1	0.63
CV043_HUMAN	51233	DRICH1	SRP14_HUMAN	6727	SRP14	0.63
GL1AD_HUMAN	81488	POLR2M	ANKH1_HUMAN	404734, 54882	ANKHD1-EIF4EBP3, ANKHD1	0.63
YT011_HUMAN			MDFI_HUMAN	4188	MDFI	0.63
CB055_HUMAN	343990	KIAA1211L	ESR2_HUMAN	2100	ESR2	0.63
CF132_HUMAN	647024	C6orf132	DCPS_HUMAN	28960	DCPS	0.63
CK071_HUMAN	54494	C11orf71	DKKL1_HUMAN	27120	DKKL1	0.63
GL1AD_HUMAN	81488	POLR2M	CEBPG_HUMAN	1054	CEBPG	0.63
GL1AD_HUMAN	81488	POLR2M	F168A_HUMAN	23201	FAM168A	0.63
GL1AD_HUMAN	81488	POLR2M	MED1_HUMAN	5469	MED1	0.63
LRC66_HUMAN	339977	LRRC66	TF65_HUMAN	5970	RELA	0.63
RL22L_HUMAN	200916	RPL22L1	LDHD_HUMAN	197257	LDHD	0.63
RL22L_HUMAN	200916	RPL22L1	RHGXX_HUMAN	158763	ARHGAP36	0.63
TI23B_HUMAN	653252	TIMM23B	LRRK2_HUMAN	120892	LRRK2	0.63
TTC27_HUMAN	55622	TTC27	VIPR1_HUMAN	7433	VIPR1	0.63
YT011_HUMAN			K1C40_HUMAN	125115	KRT40	0.63
ANR22_HUMAN	118932	ANKRD22	LAP4B_HUMAN	55353	LAPTM4B	0.63
CA095_HUMAN	375057	STUM	TSN6_HUMAN	7105	TSPAN6	0.63
CD040_HUMAN	401137	PRR27	SQSTM_HUMAN	8878	SQSTM1	0.63
CH082_HUMAN	414919	C8orf82	ECHM_HUMAN	1892	ECHS1	0.63
CH082_HUMAN	414919	C8orf82	SFPQ_HUMAN	6421	SFPQ	0.63
CH082_HUMAN	414919	C8orf82	RT18C_HUMAN	51023	MRPS18C	0.63
CH082_HUMAN	414919	C8orf82	IF2B1_HUMAN	10642	IGF2BP1	0.63
CH082_HUMAN	414919	C8orf82	RM21_HUMAN	219927	MRPL21	0.63
F120S_HUMAN	158293	FAM120AOS	PASK_HUMAN	23178	PASK	0.63
GL1AD_HUMAN	81488	POLR2M	FABD_HUMAN	27349	MCAT	0.63
N42L1_HUMAN	90634	N4BP2L1	DCTN4_HUMAN	51164	DCTN4	0.63
TMM69_HUMAN	51249	TMEM69	TPK1_HUMAN	27010	TPK1	0.63
TTC27_HUMAN	55622	TTC27	TCPZ_HUMAN	908	CCT6A	0.63
ZMYM1_HUMAN	79830	ZMYM1	IMA5_HUMAN	3836	KPNA1	0.63
ARMX5_HUMAN	64860	ARMCX5	RN214_HUMAN	257160	RNF214	0.63
AT7L2_HUMAN	127002	ATXN7L2	H4_HUMAN	121504, 554313, 8294, 8359, 8360, 8361, 8362, 8363, 8364, 8365, 8366, 8367, 8368, 8370	HIST4H4, HIST2H4B, HIST1H4I, HIST1H4A, HIST1H4D, HIST1H4F, HIST1H4K, HIST1H4J, HIST1H4C, HIST1H4H, HIST1H4B, HIST1H4E, HIST1H4L, HIST2H4A	0.63
CH082_HUMAN	414919	C8orf82	TFAM_HUMAN	7019	TFAM	0.63
F102B_HUMAN	284611	FAM102B	ESR2_HUMAN	2100	ESR2	0.63
GL1AD_HUMAN	81488	POLR2M	SFR15_HUMAN	57466	SCAF4	0.63
MF14C_HUMAN	84278	MFSD14C	RHBD2_HUMAN	57414	RHBDD2	0.63
PGBD2_HUMAN	267002	PGBD2	FRIL_HUMAN	2512	FTL	0.63
SAM13_HUMAN	148418	SAMD13	SAMD1_HUMAN	90378	SAMD1	0.63
TTC27_HUMAN	55622	TTC27	BRF2_HUMAN	55290	BRF2	0.63
TTC27_HUMAN	55622	TTC27	LMBRL_HUMAN	55716	LMBR1L	0.63
XP32_HUMAN	100129271	C1orf68	UCHL1_HUMAN	7345	UCHL1	0.63
ZMYM1_HUMAN	79830	ZMYM1	RASA2_HUMAN	5922	RASA2	0.63
MSD2_HUMAN	79684	MSANTD2	KLF8_HUMAN	11279	KLF8	0.63
A20A1_HUMAN	84210	ANKRD20A1	PZRN3_HUMAN	23024	PDZRN3	0.63
AT7L2_HUMAN	127002	ATXN7L2	PACN3_HUMAN	29763	PACSIN3	0.63
CA146_HUMAN	388649	C1orf146	CDSN_HUMAN	1041	CDSN	0.63
CH082_HUMAN	414919	C8orf82	NDUS2_HUMAN	4720	NDUFS2	0.63
CH082_HUMAN	414919	C8orf82	THIL_HUMAN	38	ACAT1	0.63
CH082_HUMAN	414919	C8orf82	ATPB_HUMAN	506	ATP5F1B	0.63
CH082_HUMAN	414919	C8orf82	LPPRC_HUMAN	10128	LRPPRC	0.63
CK071_HUMAN	54494	C11orf71	GPC5B_HUMAN	51704	GPRC5B	0.63
GDF5O_HUMAN	554250	GDF5OS	F192A_HUMAN	80011	FAM192A	0.63
PRA17_HUMAN	391004	PRAMEF17	TPPC5_HUMAN	126003	TRAPPC5	0.63
TTC27_HUMAN	55622	TTC27	TXLNA_HUMAN	200081	TXLNA	0.63
XP32_HUMAN	100129271	C1orf68	BLMH_HUMAN	642	BLMH	0.63
DC122_HUMAN	340578	DCAF12L2	PFD2_HUMAN	5202	PFDN2	0.63
ANR22_HUMAN	118932	ANKRD22	CC032_HUMAN	51066	SSUH2	0.63
AT7L2_HUMAN	127002	ATXN7L2	TADA3_HUMAN	10474	TADA3	0.63
ATD3C_HUMAN	219293	ATAD3C	PLCD4_HUMAN	84812	PLCD4	0.63
CH082_HUMAN	414919	C8orf82	EFTS_HUMAN	10102	TSFM	0.63
NTM2G_HUMAN	441457	NUTM2G	VIR_HUMAN	25962	VIRMA	0.63
GL1AD_HUMAN	81488	POLR2M	PFD2_HUMAN	5202	PFDN2	0.63
GL1AD_HUMAN	81488	POLR2M	FEM1A_HUMAN	55527	FEM1A	0.63
IFFO2_HUMAN	126917	IFFO2	MAGA9_HUMAN	4108, 728269	MAGEA9, MAGEA9B	0.63
PXDC1_HUMAN	57125	PLXDC1	GPR35_HUMAN	2859	GPR35	0.63
RL22L_HUMAN	200916	RPL22L1	ARHGG_HUMAN	27237	ARHGEF16	0.63
TDR10_HUMAN	126668	TDRD10	PPM1L_HUMAN	151742	PPM1L	0.63
TTC27_HUMAN	55622	TTC27	CSTF2_HUMAN	1478	CSTF2	0.63
TTC27_HUMAN	55622	TTC27	SENP2_HUMAN	59343	SENP2	0.63
XP32_HUMAN	100129271	C1orf68	ESR1_HUMAN	2099	ESR1	0.63
ZMYM1_HUMAN	79830	ZMYM1	TE2IP_HUMAN	54386	TERF2IP	0.63
F199X_HUMAN	139231	FAM199X	KCNE3_HUMAN	10008	KCNE3	0.63
CA228_HUMAN	339541	ARMH1	HBA_HUMAN	3039, 3040	HBA1, HBA2	0.63
CH074_HUMAN	203076	C8orf74	TRI54_HUMAN	57159	TRIM54	0.63
CH082_HUMAN	414919	C8orf82	HNRPK_HUMAN	3190	HNRNPK	0.63
CH082_HUMAN	414919	C8orf82	RM44_HUMAN	65080	MRPL44	0.63
CH082_HUMAN	414919	C8orf82	PTCD3_HUMAN	55037	PTCD3	0.63
CH082_HUMAN	414919	C8orf82	CPSF6_HUMAN	11052	CPSF6	0.63
CV043_HUMAN	51233	DRICH1	MYOZ2_HUMAN	51778	MYOZ2	0.63
GL1AD_HUMAN	81488	POLR2M	QCR8_HUMAN	27089	UQCRQ	0.63
GL1AD_HUMAN	81488	POLR2M	UBR2_HUMAN	23304	UBR2	0.63
SHE_HUMAN	126669	SHE	ABL1_HUMAN	25	ABL1	0.63
TTC27_HUMAN	55622	TTC27	TCPB_HUMAN	10576	CCT2	0.63
YT011_HUMAN			PSA3_HUMAN	5684	PSMA3	0.63
GL1AD_HUMAN	81488	POLR2M	BRCA1_HUMAN	672	BRCA1	0.63
GL1AD_HUMAN	81488	POLR2M	MED27_HUMAN	9442	MED27	0.63
GL1AD_HUMAN	81488	POLR2M	MED4_HUMAN	29079	MED4	0.63
RL22L_HUMAN	200916	RPL22L1	VAV_HUMAN	7409	VAV1	0.63
TI23B_HUMAN	653252	TIMM23B	MOT11_HUMAN	162515	SLC16A11	0.63
TTC27_HUMAN	55622	TTC27	CFTR_HUMAN	1080	CFTR	0.63
XP32_HUMAN	100129271	C1orf68	ROA1_HUMAN	3178	HNRNPA1	0.63
ZMYM1_HUMAN	79830	ZMYM1	RN146_HUMAN	81847	RNF146	0.63
IFT1B_HUMAN	439996	IFIT1B	CRY1_HUMAN	1407	CRY1	0.63
ANR22_HUMAN	118932	ANKRD22	HTR5B_HUMAN	54497	HEATR5B	0.63
CA095_HUMAN	375057	STUM	REEP5_HUMAN	7905	REEP5	0.63
CD040_HUMAN	401137	PRR27	LONM_HUMAN	9361	LONP1	0.63
CH082_HUMAN	414919	C8orf82	MOV10_HUMAN	4343	MOV10	0.63
CH082_HUMAN	414919	C8orf82	RT25_HUMAN	64432	MRPS25	0.63
CH082_HUMAN	414919	C8orf82	NDUS7_HUMAN	374291	NDUFS7	0.63
CH082_HUMAN	414919	C8orf82	IF2B3_HUMAN	10643	IGF2BP3	0.63
CH082_HUMAN	414919	C8orf82	RT28_HUMAN	28957	MRPS28	0.63
F120S_HUMAN	158293	FAM120AOS	TP4AP_HUMAN	26133	TRPC4AP	0.63
N42L1_HUMAN	90634	N4BP2L1	ARP10_HUMAN	55860	ACTR10	0.63
TMM69_HUMAN	51249	TMEM69	ACOX3_HUMAN	8310	ACOX3	0.63
TTC27_HUMAN	55622	TTC27	TSSC4_HUMAN	10078	TSSC4	0.63
AMERL_HUMAN	83607	AMMECR1L	ELAV1_HUMAN	1994	ELAVL1	0.63
ARMX5_HUMAN	64860	ARMCX5	TEBP_HUMAN	10728	PTGES3	0.63
AT7L2_HUMAN	127002	ATXN7L2	HSPB8_HUMAN	26353	HSPB8	0.63
ATD3C_HUMAN	219293	ATAD3C	ABHDB_HUMAN	83451	ABHD11	0.63
CH082_HUMAN	414919	C8orf82	EFGM_HUMAN	85476	GFM1	0.63
F102B_HUMAN	284611	FAM102B	REQU_HUMAN	5977	DPF2	0.63
GL1AD_HUMAN	81488	POLR2M	MCE1_HUMAN	8732	RNGTT	0.63
IER5L_HUMAN	389792	IER5L	2ABB_HUMAN	5521	PPP2R2B	0.63
SAM13_HUMAN	148418	SAMD13	SMBT1_HUMAN	51460	SFMBT1	0.63
TTC27_HUMAN	55622	TTC27	T22D1_HUMAN	8848	TSC22D1	0.63
TTC27_HUMAN	55622	TTC27	CTDP1_HUMAN	9150	CTDP1	0.63
XP32_HUMAN	100129271	C1orf68	BIRC3_HUMAN	330	BIRC3	0.63
ZMYM1_HUMAN	79830	ZMYM1	CSTN2_HUMAN	64084	CLSTN2	0.63
MSD2_HUMAN	79684	MSANTD2	SOX5_HUMAN	6660	SOX5	0.63
A20A1_HUMAN	84210	ANKRD20A1	A20A2_HUMAN	441430	ANKRD20A2	0.63
AT7L2_HUMAN	127002	ATXN7L2	TAD2B_HUMAN	93624	TADA2B	0.63
CA146_HUMAN	388649	C1orf146	PLBL1_HUMAN	79887	PLBD1	0.63
CH082_HUMAN	414919	C8orf82	NDUS6_HUMAN	4726	NDUFS6	0.63
CH082_HUMAN	414919	C8orf82	CSKP_HUMAN	8573	CASK	0.63
CH082_HUMAN	414919	C8orf82	MATR3_HUMAN	9782	MATR3	0.63
CH082_HUMAN	414919	C8orf82	ACOT2_HUMAN	10965	ACOT2	0.63
GDF5O_HUMAN	554250	GDF5OS	GLP3L_HUMAN	55204	GOLPH3L	0.63
PRA17_HUMAN	391004	PRAMEF17	DDA1_HUMAN	79016	DDA1	0.63
TTC27_HUMAN	55622	TTC27	NMD3_HUMAN	51068	NMD3	0.63
XP32_HUMAN	100129271	C1orf68	CATA_HUMAN	847	CAT	0.63
EBLN2_HUMAN	55096	EBLN2	GNA13_HUMAN	10672	GNA13	0.63
ANR22_HUMAN	118932	ANKRD22	2ABB_HUMAN	5521	PPP2R2B	0.63
ASPH1_HUMAN	253982	ASPHD1	HNRH1_HUMAN	3187	HNRNPH1	0.63
AT7L2_HUMAN	127002	ATXN7L2	CTIF_HUMAN	9811	CTIF	0.63
ATD3C_HUMAN	219293	ATAD3C	KIF14_HUMAN	9928	KIF14	0.63
CF132_HUMAN	647024	C6orf132	RADI_HUMAN	5962	RDX	0.63
CH082_HUMAN	414919	C8orf82	APEX1_HUMAN	328	APEX1	0.63
FA53A_HUMAN	152877	FAM53A	HNRPL_HUMAN	3191	HNRNPL	0.63
GL1AD_HUMAN	81488	POLR2M	SDC3_HUMAN	9672	SDC3	0.63
GL1AD_HUMAN	81488	POLR2M	MED6_HUMAN	10001	MED6	0.63
IFFO2_HUMAN	126917	IFFO2	RNF41_HUMAN	10193	RNF41	0.63
R13AX_HUMAN			ESR2_HUMAN	2100	ESR2	0.63
RL22L_HUMAN	200916	RPL22L1	NPC1_HUMAN	4864	NPC1	0.63
TDR10_HUMAN	126668	TDRD10	AGR2_HUMAN	10551	AGR2	0.63
TTC27_HUMAN	55622	TTC27	DHX15_HUMAN	1665	DHX15	0.63
TTC27_HUMAN	55622	TTC27	HUMMR_HUMAN	84709	MGARP	0.63
XP32_HUMAN	100129271	C1orf68	NFX1_HUMAN	4799	NFX1	0.63
ZMYM1_HUMAN	79830	ZMYM1	DDX58_HUMAN	23586	DDX58	0.63
ANR22_HUMAN	118932	ANKRD22	DYN1_HUMAN	1759	DNM1	0.63
CA095_HUMAN	375057	STUM	ZDH24_HUMAN	254359	ZDHHC24	0.63
CB055_HUMAN	343990	KIAA1211L	ZN622_HUMAN	90441	ZNF622	0.63
CH074_HUMAN	203076	C8orf74	TRI55_HUMAN	84675	TRIM55	0.63
CH082_HUMAN	414919	C8orf82	RT35_HUMAN	60488	MRPS35	0.63
CH082_HUMAN	414919	C8orf82	SYCM_HUMAN	79587	CARS2	0.63
CH082_HUMAN	414919	C8orf82	NDUAC_HUMAN	55967	NDUFA12	0.63
CH082_HUMAN	414919	C8orf82	NDUF3_HUMAN	25915	NDUFAF3	0.63
GL1AD_HUMAN	81488	POLR2M	AHSP_HUMAN	51327	AHSP	0.63
SHE_HUMAN	126669	SHE	DOK3_HUMAN	79930	DOK3	0.63
TTC27_HUMAN	55622	TTC27	TCPD_HUMAN	10575	CCT4	0.63
YT011_HUMAN			GASP2_HUMAN	114928	GPRASP2	0.63
AT7L2_HUMAN	127002	ATXN7L2	IKZF3_HUMAN	22806	IKZF3	0.63
ATD3C_HUMAN	219293	ATAD3C	PAR6B_HUMAN	84612	PARD6B	0.63
CB055_HUMAN	343990	KIAA1211L	A4_HUMAN	351	APP	0.63
CH082_HUMAN	414919	C8orf82	MCM2_HUMAN	4171	MCM2	0.63
CL060_HUMAN	144608	C12orf60	ERP27_HUMAN	121506	ERP27	0.63
GL1AD_HUMAN	81488	POLR2M	MED8_HUMAN	112950	MED8	0.63
GL1AD_HUMAN	81488	POLR2M	SFR19_HUMAN	58506	SCAF1	0.63
MORN1_HUMAN	79906	MORN1	HNRPL_HUMAN	3191	HNRNPL	0.63
RL22L_HUMAN	200916	RPL22L1	UNK_HUMAN	85451	UNK	0.63
RL22L_HUMAN	200916	RPL22L1	CGAS_HUMAN	115004	CGAS	0.63
XP32_HUMAN	100129271	C1orf68	CYLD_HUMAN	1540	CYLD	0.63
MSD2_HUMAN	79684	MSANTD2	STRN4_HUMAN	29888	STRN4	0.63
