didn't find E5RIB1 in the database, skipped it
didn't find E5RIC7 in the database, skipped it
didn't find E5RIF9 in the database, skipped it
didn't find E5RII2 in the database, skipped it
didn't find E5RIJ0 in the database, skipped it
didn't find E5RIW3 in the database, skipped it
didn't find E5RIX2 in the database, skipped it
didn't find E5RJ41 in the database, skipped it
didn't find E5RJD8 in the database, skipped it
didn't find E5RJF6 in the database, skipped it
didn't find E5RJH0 in the database, skipped it
didn't find E5RJI8 in the database, skipped it
didn't find E7EM57 in the database, skipped it
didn't find E7EM72 in the database, skipped it
didn't find E7EM81 in the database, skipped it
didn't find E7EMA0 in the database, skipped it
didn't find E7EMM4 in the database, skipped it
didn't find E7EMP6 in the database, skipped it
didn't find E7EMR6 in the database, skipped it
didn't find E7EMS6 in the database, skipped it
didn't find E7EMV2 in the database, skipped it
didn't find E7EMW7 in the database, skipped it
didn't find E7EN07 in the database, skipped it
didn't find E7EN87 in the database, skipped it
didn't find E7ENB7 in the database, skipped it
didn't find E7END4 in the database, skipped it
didn't find E7END6 in the database, skipped it
didn't find E7ENE1 in the database, skipped it
didn't find E7ENK3 in the database, skipped it
didn't find E7ENL9 in the database, skipped it
didn't find E7ENM8 in the database, skipped it
didn't find E7ENR6 in the database, skipped it
didn't find E7ENX8 in the database, skipped it
didn't find E7EPB1 in the database, skipped it
didn't find E7EPD8 in the database, skipped it
didn't find E7EPE2 in the database, skipped it
didn't find E7EPH4 in the database, skipped it
didn't find E7EPK1 in the database, skipped it
didn't find E7EPP6 in the database, skipped it
didn't find E7EPP8 in the database, skipped it
didn't find E7EPV7 in the database, skipped it
didn't find E7EPZ8 in the database, skipped it
didn't find E7EQ30 in the database, skipped it
didn't find E7EQ69 in the database, skipped it
didn't find E7EQ78 in the database, skipped it
didn't find E7EQB2 in the database, skipped it
didn't find E7EQB3 in the database, skipped it
didn't find E7EQI3 in the database, skipped it
didn't find E7EQL6 in the database, skipped it
didn't find E7EQM5 in the database, skipped it
didn't find E7EQN8 in the database, skipped it
didn't find E7EQS8 in the database, skipped it
didn't find E7EQW4 in the database, skipped it
didn't find E7EQZ4 in the database, skipped it
didn't find E7ER44 in the database, skipped it
didn't find E7ERD7 in the database, skipped it
didn't find E7ERT7 in the database, skipped it
didn't find E7ERZ9 in the database, skipped it
didn't find E7ES33 in the database, skipped it
didn't find E7ESA7 in the database, skipped it
didn't find E7ESC7 in the database, skipped it
didn't find E7ESD5 in the database, skipped it
didn't find E7ESF4 in the database, skipped it
didn't find E7ESH4 in the database, skipped it
didn't find E7ESI2 in the database, skipped it
didn't find E7ESJ2 in the database, skipped it
didn't find E7ESJ6 in the database, skipped it
didn't find E7ESP9 in the database, skipped it
didn't find E7ESS1 in the database, skipped it
didn't find E7ET07 in the database, skipped it
didn't find E7ET55 in the database, skipped it
didn't find E7ET67 in the database, skipped it
didn't find E7ET89 in the database, skipped it
didn't find E7ETB4 in the database, skipped it
didn't find E7ETC2 in the database, skipped it
didn't find E7ETE2 in the database, skipped it
didn't find E7ETK5 in the database, skipped it
didn't find E7ETM2 in the database, skipped it
didn't find E7ETN2 in the database, skipped it
didn't find E7ETR0 in the database, skipped it
didn't find E7EU96 in the database, skipped it
didn't find E7EUD1 in the database, skipped it
didn't find E7EUI6 in the database, skipped it
didn't find E7EUI8 in the database, skipped it
didn't find E7EUK8 in the database, skipped it
didn't find E7EUM2 in the database, skipped it
didn't find E7EUU8 in the database, skipped it
didn't find E7EUV6 in the database, skipped it
didn't find E7EV41 in the database, skipped it
didn't find E7EVC0 in the database, skipped it
didn't find E7EVE9 in the database, skipped it
didn't find E7EVL1 in the database, skipped it
didn't find E7EW16 in the database, skipped it
didn't find E7EW22 in the database, skipped it
didn't find E7EWI4 in the database, skipped it
didn't find E7EWP0 in the database, skipped it
didn't find E7EWQ4 in the database, skipped it
didn't find E7EWX6 in the database, skipped it
didn't find E7EX47 in the database, skipped it
didn't find E7EX90 in the database, skipped it
didn't find E9PAL7 in the database, skipped it
didn't find E9PAM4 in the database, skipped it
didn't find E9PB15 in the database, skipped it
didn't find E9PB98 in the database, skipped it
didn't find E9PBI2 in the database, skipped it
didn't find E9PBP6 in the database, skipped it
didn't find E9PBQ7 in the database, skipped it
didn't find E9PC45 in the database, skipped it
didn't find E9PC49 in the database, skipped it
didn't find E9PCA1 in the database, skipped it
didn't find E9PCN2 in the database, skipped it
didn't find E9PCR7 in the database, skipped it
didn't find E9PCY5 in the database, skipped it
didn't find E9PCY9 in the database, skipped it
didn't find E9PD37 in the database, skipped it
didn't find E9PD53 in the database, skipped it
didn't find E9PD61 in the database, skipped it
didn't find E9PD92 in the database, skipped it
didn't find E9PDF2 in the database, skipped it
didn't find E9PDI6 in the database, skipped it
didn't find E9PE82 in the database, skipped it
didn't find E9PEE8 in the database, skipped it
didn't find E9PEJ4 in the database, skipped it
didn't find E9PEJ6 in the database, skipped it
didn't find E9PEK4 in the database, skipped it
didn't find E9PEP6 in the database, skipped it
didn't find E9PEQ6 in the database, skipped it
didn't find E9PES4 in the database, skipped it
didn't find E9PEW0 in the database, skipped it
didn't find E9PEW5 in the database, skipped it
didn't find E9PEX6 in the database, skipped it
didn't find E9PF17 in the database, skipped it
didn't find E9PFG7 in the database, skipped it
didn't find E9PFI5 in the database, skipped it
didn't find E9PFT5 in the database, skipped it
didn't find E9PFW2 in the database, skipped it
didn't find E9PFX5 in the database, skipped it
didn't find E9PFX6 in the database, skipped it
didn't find E9PG18 in the database, skipped it
didn't find E9PGC5 in the database, skipped it
didn't find E9PGR3 in the database, skipped it
didn't find E9PGT1 in the database, skipped it
didn't find E9PHB6 in the database, skipped it
didn't find E9PHT6 in the database, skipped it
didn't find E9PI21 in the database, skipped it
didn't find E9PIA8 in the database, skipped it
didn't find E9PIF2 in the database, skipped it
didn't find E9PIF4 in the database, skipped it
didn't find E9PII7 in the database, skipped it
didn't find E9PIN9 in the database, skipped it
didn't find E9PIR7 in the database, skipped it
didn't find E9PIT3 in the database, skipped it
didn't find E9PIT5 in the database, skipped it
didn't find E9PIY6 in the database, skipped it
didn't find E9PJF4 in the database, skipped it
didn't find E9PK14 in the database, skipped it
didn't find E9PK47 in the database, skipped it
didn't find E9PK67 in the database, skipped it
didn't find E9PK80 in the database, skipped it
didn't find E9PK81 in the database, skipped it
didn't find E9PKC6 in the database, skipped it
didn't find E9PKH9 in the database, skipped it
didn't find E9PKR3 in the database, skipped it
didn't find E9PKT9 in the database, skipped it
didn't find E9PKY5 in the database, skipped it
didn't find E9PL09 in the database, skipped it
didn't find E9PL35 in the database, skipped it
didn't find E9PLI6 in the database, skipped it
didn't find E9PLK3 in the database, skipped it
didn't find E9PLN6 in the database, skipped it
didn't find E9PLS9 in the database, skipped it
didn't find E9PLZ9 in the database, skipped it
didn't find E9PM19 in the database, skipped it
didn't find E9PM53 in the database, skipped it
didn't find E9PMG4 in the database, skipped it
didn't find E9PMI6 in the database, skipped it
didn't find E9PML7 in the database, skipped it
didn't find E9PMP8 in the database, skipped it
didn't find E9PMS7 in the database, skipped it
didn't find E9PN48 in the database, skipped it
didn't find E9PN78 in the database, skipped it
didn't find E9PNA1 in the database, skipped it
didn't find E9PNI7 in the database, skipped it
didn't find E9PNL8 in the database, skipped it
didn't find E9PNM1 in the database, skipped it
didn't find E9PNN6 in the database, skipped it
didn't find E9PNW8 in the database, skipped it
didn't find E9PP79 in the database, skipped it
didn't find E9PPG8 in the database, skipped it
didn't find E9PPM8 in the database, skipped it
didn't find E9PPW7 in the database, skipped it
didn't find E9PPZ0 in the database, skipped it
didn't find E9PQ50 in the database, skipped it
didn't find E9PQ53 in the database, skipped it
didn't find E9PQ56 in the database, skipped it
didn't find E9PQ80 in the database, skipped it
didn't find E9PQI5 in the database, skipped it
didn't find E9PR05 in the database, skipped it
didn't find E9PR08 in the database, skipped it
didn't find E9PR49 in the database, skipped it
didn't find E9PRH7 in the database, skipped it
didn't find E9PRI1 in the database, skipped it
didn't find E9PRT6 in the database, skipped it
didn't find E9PRV7 in the database, skipped it
didn't find E9PRY8 in the database, skipped it
didn't find E9PS09 in the database, skipped it
didn't find E9PS11 in the database, skipped it
didn't find E9PS18 in the database, skipped it
didn't find E9PS30 in the database, skipped it
didn't find E9PS76 in the database, skipped it
didn't find E9PSH8 in the database, skipped it
didn't find F1DAM0 in the database, skipped it
didn't find F2Z2P2 in the database, skipped it
didn't find F2Z2R5 in the database, skipped it
didn't find F2Z2W7 in the database, skipped it
didn't find F2Z2W8 in the database, skipped it
didn't find F2Z2Y1 in the database, skipped it
didn't find F2Z2Y4 in the database, skipped it
didn't find F2Z3N2 in the database, skipped it
didn't find F5GWH7 in the database, skipped it
didn't find F5GWR7 in the database, skipped it
didn't find F5GWX5 in the database, skipped it
didn't find F5GX19 in the database, skipped it
didn't find F5GX28 in the database, skipped it
didn't find F5GX51 in the database, skipped it
didn't find F5GX71 in the database, skipped it
didn't find F5GXE6 in the database, skipped it
didn't find F5GXF0 in the database, skipped it
didn't find F5GXJ1 in the database, skipped it
didn't find F5GXP8 in the database, skipped it
didn't find F5GY28 in the database, skipped it
didn't find F5GY56 in the database, skipped it
didn't find F5GYW0 in the database, skipped it
didn't find F5GYZ5 in the database, skipped it
didn't find F5GZ08 in the database, skipped it
didn't find F5GZ28 in the database, skipped it
didn't find F5GZ52 in the database, skipped it
didn't find F5GZD9 in the database, skipped it
didn't find F5GZY1 in the database, skipped it
didn't find F5H029 in the database, skipped it
didn't find F5H039 in the database, skipped it
didn't find F5H076 in the database, skipped it
didn't find F5H127 in the database, skipped it
didn't find F5H1B7 in the database, skipped it
didn't find F5H1D6 in the database, skipped it
didn't find F5H1Q2 in the database, skipped it
didn't find F5H1T4 in the database, skipped it
didn't find F5H211 in the database, skipped it
didn't find F5H245 in the database, skipped it
didn't find F5H2D0 in the database, skipped it
didn't find F5H2F4 in the database, skipped it
didn't find F5H2I0 in the database, skipped it
didn't find F5H3M2 in the database, skipped it
didn't find F5H3Y3 in the database, skipped it
didn't find F5H442 in the database, skipped it
didn't find F5H479 in the database, skipped it
didn't find F5H483 in the database, skipped it
didn't find F5H485 in the database, skipped it
didn't find F5H4R2 in the database, skipped it
didn't find F5H4U6 in the database, skipped it
didn't find F5H522 in the database, skipped it
didn't find F5H527 in the database, skipped it
didn't find F5H543 in the database, skipped it
didn't find F5H5D3 in the database, skipped it
didn't find F5H5J8 in the database, skipped it
didn't find F5H5N1 in the database, skipped it
didn't find F5H5Q3 in the database, skipped it
didn't find F5H638 in the database, skipped it
didn't find F5H658 in the database, skipped it
didn't find F5H6G9 in the database, skipped it
didn't find F5H6V7 in the database, skipped it
didn't find F5H7E4 in the database, skipped it
didn't find F5H7J9 in the database, skipped it
didn't find F5H7N8 in the database, skipped it
didn't find F5H875 in the database, skipped it
didn't find F6Q6H0 in the database, skipped it
didn't find F6S4E6 in the database, skipped it
didn't find F6S6P2 in the database, skipped it
didn't find F6S8N6 in the database, skipped it
didn't find F6S8Q4 in the database, skipped it
didn't find F6SA91 in the database, skipped it
didn't find F6TRA5 in the database, skipped it
didn't find F6U0I4 in the database, skipped it
didn't find F6U4U2 in the database, skipped it
didn't find F6V107 in the database, skipped it
didn't find F6V242 in the database, skipped it
didn't find F6VDE0 in the database, skipped it
didn't find F6VN83 in the database, skipped it
didn't find F6WLT2 in the database, skipped it
didn't find F6WVI0 in the database, skipped it
didn't find F6Y2X3 in the database, skipped it
didn't find F6YB23 in the database, skipped it
didn't find F8VNT5 in the database, skipped it
didn't find F8VPA6 in the database, skipped it
didn't find F8VPL3 in the database, skipped it
didn't find F8VQQ4 in the database, skipped it
didn't find F8VR82 in the database, skipped it
didn't find F8VR88 in the database, skipped it
didn't find F8VRH6 in the database, skipped it
didn't find F8VRR3 in the database, skipped it
didn't find F8VSL3 in the database, skipped it
didn't find F8VTS6 in the database, skipped it
didn't find F8VU68 in the database, skipped it
didn't find F8VUA2 in the database, skipped it
didn't find F8VUA6 in the database, skipped it
didn't find F8VUJ9 in the database, skipped it
didn't find F8VVM2 in the database, skipped it
didn't find F8VVT7 in the database, skipped it
didn't find F8VW18 in the database, skipped it
didn't find F8VW29 in the database, skipped it
didn't find F8VWQ0 in the database, skipped it
didn't find F8VWR4 in the database, skipped it
didn't find F8VX10 in the database, skipped it
didn't find F8VXI8 in the database, skipped it
didn't find F8VXS0 in the database, skipped it
didn't find F8VZ52 in the database, skipped it
didn't find F8VZN8 in the database, skipped it
didn't find F8W0R1 in the database, skipped it
didn't find F8W0S2 in the database, skipped it
didn't find F8W1B3 in the database, skipped it
didn't find F8W1F5 in the database, skipped it
didn't find F8W6N3 in the database, skipped it
didn't find F8W733 in the database, skipped it
didn't find F8W7U8 in the database, skipped it
didn't find F8W8C2 in the database, skipped it
didn't find F8W8F5 in the database, skipped it
didn't find F8W8W4 in the database, skipped it
didn't find F8W9A8 in the database, skipped it
didn't find F8W9J4 in the database, skipped it
didn't find F8W9K7 in the database, skipped it
didn't find F8W9R5 in the database, skipped it
didn't find F8W9U3 in the database, skipped it
didn't find F8W9W0 in the database, skipped it
didn't find F8W9Z1 in the database, skipped it
didn't find F8WA11 in the database, skipped it
didn't find F8WA39 in the database, skipped it
didn't find F8WAV5 in the database, skipped it
didn't find F8WB53 in the database, skipped it
didn't find F8WBA3 in the database, skipped it
didn't find F8WBE6 in the database, skipped it
didn't find F8WC68 in the database, skipped it
didn't find F8WC69 in the database, skipped it
didn't find F8WCE5 in the database, skipped it
didn't find F8WCR4 in the database, skipped it
didn't find F8WDU6 in the database, skipped it
didn't find F8WE65 in the database, skipped it
didn't find G3V0E4 in the database, skipped it
didn't find G3V0I5 in the database, skipped it
didn't find G3V0I8 in the database, skipped it
didn't find G3V111 in the database, skipped it
didn't find G3V150 in the database, skipped it
didn't find G3V164 in the database, skipped it
didn't find G3V167 in the database, skipped it
didn't find G3V180 in the database, skipped it
didn't find G3V186 in the database, skipped it
didn't find G3V1D3 in the database, skipped it
didn't find G3V1Q4 in the database, skipped it
didn't find G3V1W8 in the database, skipped it
didn't find G3V1X1 in the database, skipped it
didn't find G3V256 in the database, skipped it
didn't find G3V2A3 in the database, skipped it
didn't find G3V2F4 in the database, skipped it
didn't find G3V2G1 in the database, skipped it
didn't find G3V2G7 in the database, skipped it
didn't find G3V2P5 in the database, skipped it
didn't find G3V323 in the database, skipped it
didn't find G3V328 in the database, skipped it
didn't find G3V359 in the database, skipped it
didn't find G3V3C7 in the database, skipped it
didn't find G3V3R6 in the database, skipped it
didn't find G3V3R7 in the database, skipped it
didn't find G3V3Z0 in the database, skipped it
didn't find G3V461 in the database, skipped it
didn't find G3V480 in the database, skipped it
didn't find G3V4F7 in the database, skipped it
didn't find G3V4J6 in the database, skipped it
didn't find G3V4N7 in the database, skipped it
didn't find G3V4P4 in the database, skipped it
didn't find G3V4T8 in the database, skipped it
didn't find G3V4U9 in the database, skipped it
didn't find G3V5D9 in the database, skipped it
didn't find G3V5I6 in the database, skipped it
didn't find G3V5M0 in the database, skipped it
didn't find G3V5M2 in the database, skipped it
didn't find G3V5T9 in the database, skipped it
didn't find G3XA89 in the database, skipped it
didn't find G3XAH6 in the database, skipped it
didn't find G3XAK1 in the database, skipped it
didn't find G3XAK4 in the database, skipped it
didn't find G3XAM7 in the database, skipped it
didn't find G5E953 in the database, skipped it
didn't find G5E971 in the database, skipped it
didn't find G5E9A6 in the database, skipped it
didn't find G5E9D5 in the database, skipped it
didn't find G5E9G0 in the database, skipped it
didn't find G5E9L9 in the database, skipped it
didn't find G5E9R7 in the database, skipped it


uniprot id 1	entrez gene id 1	gene name 1	uniprot id 2	entrez gene id 2	gene name 2	score
APRIO_HUMAN	5621	PRNP	APRIO_HUMAN	5621	PRNP	0.97
APRIO_HUMAN	5621	PRNP	STIP1_HUMAN	10963	STIP1	0.96
APRIO_HUMAN	5621	PRNP	NCAM1_HUMAN	4684	NCAM1	0.95
APRIO_HUMAN	5621	PRNP	GRB2_HUMAN	2885	GRB2	0.92
APRIO_HUMAN	5621	PRNP	CLUS_HUMAN	1191	CLU	0.92
APRIO_HUMAN	5621	PRNP	A4_HUMAN	351	APP	0.90
APRIO_HUMAN	5621	PRNP	FHL1_HUMAN	2273	FHL1	0.84
APRIO_HUMAN	5621	PRNP	AGO1_HUMAN	26523	AGO1	0.84
APRIO_HUMAN	5621	PRNP	VATB2_HUMAN	526	ATP6V1B2	0.82
APRIO_HUMAN	5621	PRNP	SYNPO_HUMAN	11346	SYNPO	0.82
APRIO_HUMAN	5621	PRNP	PDIA1_HUMAN	5034	P4HB	0.82
APRIO_HUMAN	5621	PRNP	MAG_HUMAN	4099	MAG	0.82
APRIO_HUMAN	5621	PRNP	L1CAM_HUMAN	3897	L1CAM	0.82
APRIO_HUMAN	5621	PRNP	APLP1_HUMAN	333	APLP1	0.82
APRIO_HUMAN	5621	PRNP	FZD7_HUMAN	8324	FZD7	0.79
APRIO_HUMAN	5621	PRNP	PAR2_HUMAN	2150	F2RL1	0.79
APRIO_HUMAN	5621	PRNP	ADRB2_HUMAN	154	ADRB2	0.78
APRIO_HUMAN	5621	PRNP	HXA1_HUMAN	3198	HOXA1	0.78
APRIO_HUMAN	5621	PRNP	CH60_HUMAN	3329	HSPD1	0.78
APRIO_HUMAN	5621	PRNP	FA64A_HUMAN	54478	PIMREG	0.78
APRIO_HUMAN	5621	PRNP	HD_HUMAN	3064	HTT	0.78
APRIO_HUMAN	5621	PRNP	CCR1_HUMAN	1230	CCR1	0.78
APRIO_HUMAN	5621	PRNP	3MG_HUMAN	4350	MPG	0.78
APRIO_HUMAN	5621	PRNP	PTAFR_HUMAN	5724	PTAFR	0.78
APRIO_HUMAN	5621	PRNP	PLK3_HUMAN	1263	PLK3	0.78
APRIO_HUMAN	5621	PRNP	GRP78_HUMAN	3309	HSPA5	0.76
APRIO_HUMAN	5621	PRNP	CSK21_HUMAN	1457	CSNK2A1	0.75
APRIO_HUMAN	5621	PRNP	HAX1_HUMAN	10456	HAX1	0.75
APRIO_HUMAN	5621	PRNP	CSTN1_HUMAN	22883	CLSTN1	0.75
APRIO_HUMAN	5621	PRNP	RSSA_HUMAN	3921	RPSA	0.73
APRIO_HUMAN	5621	PRNP	PABP1_HUMAN	26986	PABPC1	0.73
APRIO_HUMAN	5621	PRNP	KPCD1_HUMAN	5587	PRKD1	0.72
APRIO_HUMAN	5621	PRNP	CRYAB_HUMAN	1410	CRYAB	0.70
APRIO_HUMAN	5621	PRNP	SYN1_HUMAN	6853	SYN1	0.70
APRIO_HUMAN	5621	PRNP	FGF13_HUMAN	2258	FGF13	0.68
APRIO_HUMAN	5621	PRNP	MTG1_HUMAN	92170	MTG1	0.68
APRIO_HUMAN	5621	PRNP	TSLP_HUMAN	85480	TSLP	0.68
APRIO_HUMAN	5621	PRNP	MARK4_HUMAN	57787	MARK4	0.68
APRIO_HUMAN	5621	PRNP	ZKSC8_HUMAN	7745	ZKSCAN8	0.68
APRIO_HUMAN	5621	PRNP	T22D4_HUMAN	81628	TSC22D4	0.68
APRIO_HUMAN	5621	PRNP	IEX1_HUMAN	8870	IER3	0.68
APRIO_HUMAN	5621	PRNP	ZN408_HUMAN	79797	ZNF408	0.68
APRIO_HUMAN	5621	PRNP	ADAP2_HUMAN	55803	ADAP2	0.68
APRIO_HUMAN	5621	PRNP	F27E3_HUMAN	100131997	FAM27E3	0.68
APRIO_HUMAN	5621	PRNP	SURF2_HUMAN	6835	SURF2	0.68
APRIO_HUMAN	5621	PRNP	CC149_HUMAN	91050	CCDC149	0.68
APRIO_HUMAN	5621	PRNP	RBM40_HUMAN	55599	RNPC3	0.68
APRIO_HUMAN	5621	PRNP	NOB1_HUMAN	28987	NOB1	0.68
APRIO_HUMAN	5621	PRNP	MYOME_HUMAN	9659	PDE4DIP	0.68
APRIO_HUMAN	5621	PRNP	RHG15_HUMAN	55843	ARHGAP15	0.68
APRIO_HUMAN	5621	PRNP	CASK_HUMAN	1448	CSN3	0.68
APRIO_HUMAN	5621	PRNP	RBM22_HUMAN	55696	RBM22	0.68
APRIO_HUMAN	5621	PRNP	ABT1_HUMAN	29777	ABT1	0.68
APRIO_HUMAN	5621	PRNP	RL41_HUMAN	6171	RPL41	0.68
APRIO_HUMAN	5621	PRNP	NHP2_HUMAN	55651	NHP2	0.68
APRIO_HUMAN	5621	PRNP	PYM1_HUMAN	84305	PYM1	0.68
APRIO_HUMAN	5621	PRNP	P33MX_HUMAN	57179	KIAA1191	0.68
APRIO_HUMAN	5621	PRNP	WDR5_HUMAN	11091	WDR5	0.68
APRIO_HUMAN	5621	PRNP	DYRK3_HUMAN	8444	DYRK3	0.68
APRIO_HUMAN	5621	PRNP	PP14A_HUMAN	94274	PPP1R14A	0.68
APRIO_HUMAN	5621	PRNP	LIPB2_HUMAN	8495	PPFIBP2	0.68
APRIO_HUMAN	5621	PRNP	GRM5_HUMAN	2915	GRM5	0.68
APRIO_HUMAN	5621	PRNP	CG050_HUMAN	84310	C7orf50	0.68
APRIO_HUMAN	5621	PRNP	TM237_HUMAN	65062	TMEM237	0.68
APRIO_HUMAN	5621	PRNP	LST2_HUMAN	57732	ZFYVE28	0.68
APRIO_HUMAN	5621	PRNP	CIRBP_HUMAN	1153	CIRBP	0.68
APRIO_HUMAN	5621	PRNP	PTH_HUMAN	138428	PTRH1	0.68
APRIO_HUMAN	5621	PRNP	BAZ2B_HUMAN	29994	BAZ2B	0.68
APRIO_HUMAN	5621	PRNP	CIR1A_HUMAN	84916	UTP4	0.68
APRIO_HUMAN	5621	PRNP	CR056_HUMAN	494514	TYMSOS	0.68
APRIO_HUMAN	5621	PRNP	SCNM1_HUMAN	79005	SCNM1	0.68
APRIO_HUMAN	5621	PRNP	PLMN_HUMAN	5340	PLG	0.68
APRIO_HUMAN	5621	PRNP	TBPL1_HUMAN	9519	TBPL1	0.68
APRIO_HUMAN	5621	PRNP	DDX47_HUMAN	51202	DDX47	0.68
APRIO_HUMAN	5621	PRNP	CWC15_HUMAN	51503	CWC15	0.68
APRIO_HUMAN	5621	PRNP	AIFM3_HUMAN	150209	AIFM3	0.68
APRIO_HUMAN	5621	PRNP	CN37_HUMAN	1267	CNP	0.68
APRIO_HUMAN	5621	PRNP	ZN740_HUMAN	283337	ZNF740	0.68
APRIO_HUMAN	5621	PRNP	ZA2G_HUMAN	563	AZGP1	0.65
APRIO_HUMAN	5621	PRNP	CYLD_HUMAN	1540	CYLD	0.65
APRIO_HUMAN	5621	PRNP	HMGB1_HUMAN	3146	HMGB1	0.63
APRIO_HUMAN	5621	PRNP	STAR5_HUMAN	80765	STARD5	0.63
APRIO_HUMAN	5621	PRNP	TRI15_HUMAN	89870	TRIM15	0.63
APRIO_HUMAN	5621	PRNP	TWF2_HUMAN	11344	TWF2	0.63
APRIO_HUMAN	5621	PRNP	THTPA_HUMAN	79178	THTPA	0.63
APRIO_HUMAN	5621	PRNP	SYWC_HUMAN	7453	WARS	0.63
APRIO_HUMAN	5621	PRNP	FBX44_HUMAN	93611	FBXO44	0.63
APRIO_HUMAN	5621	PRNP	PPM1B_HUMAN	5495	PPM1B	0.63
APRIO_HUMAN	5621	PRNP	TCTP_HUMAN	7178	TPT1	0.63
APRIO_HUMAN	5621	PRNP	WDR91_HUMAN	29062	WDR91	0.63
APRIO_HUMAN	5621	PRNP	GEPH_HUMAN	10243	GPHN	0.63
APRIO_HUMAN	5621	PRNP	METK2_HUMAN	4144	MAT2A	0.63
APRIO_HUMAN	5621	PRNP	FBSP1_HUMAN	200933	FBXO45	0.63
PAL4D_HUMAN	164022, 653505, 653598	PPIAL4A, PPIAL4A, PPIAL4C	ODO2_HUMAN	1743	DLST	0.63
APRIO_HUMAN	5621	PRNP	DP13A_HUMAN	26060	APPL1	0.63
APRIO_HUMAN	5621	PRNP	SYN2_HUMAN	6854	SYN2	0.63
APRIO_HUMAN	5621	PRNP	SRBS1_HUMAN	10580	SORBS1	0.63
APRIO_HUMAN	5621	PRNP	FBLN1_HUMAN	2192	FBLN1	0.63
APRIO_HUMAN	5621	PRNP	TLN2_HUMAN	83660	TLN2	0.63
APRIO_HUMAN	5621	PRNP	FPPS_HUMAN	2224	FDPS	0.63
APRIO_HUMAN	5621	PRNP	THOC4_HUMAN	10189	ALYREF	0.63
APRIO_HUMAN	5621	PRNP	ATPD_HUMAN	513	ATP5F1D	0.63
APRIO_HUMAN	5621	PRNP	CTRO_HUMAN	11113	CIT	0.63
APRIO_HUMAN	5621	PRNP	FTO_HUMAN	79068	FTO	0.63
APRIO_HUMAN	5621	PRNP	VIME_HUMAN	7431	VIM	0.63
APRIO_HUMAN	5621	PRNP	GBRL1_HUMAN	23710	GABARAPL1	0.63
Z587B_HUMAN	100293516	ZNF587B	SPDE4_HUMAN	388333	SPDYE4	0.63
APRIO_HUMAN	5621	PRNP	ROA2_HUMAN	3181	HNRNPA2B1	0.63
APRIO_HUMAN	5621	PRNP	NDRG4_HUMAN	65009	NDRG4	0.63
APRIO_HUMAN	5621	PRNP	ZO2_HUMAN	9414	TJP2	0.63
APRIO_HUMAN	5621	PRNP	HPLN1_HUMAN	1404	HAPLN1	0.63
APRIO_HUMAN	5621	PRNP	IPYR2_HUMAN	27068	PPA2	0.63
APRIO_HUMAN	5621	PRNP	SPB9_HUMAN	5272	SERPINB9	0.63
APRIO_HUMAN	5621	PRNP	USO1_HUMAN	8615	USO1	0.63
APRIO_HUMAN	5621	PRNP	LAMB2_HUMAN	3913	LAMB2	0.63
APRIO_HUMAN	5621	PRNP	HPBP1_HUMAN	23640	HSPBP1	0.63
APRIO_HUMAN	5621	PRNP	TX1B3_HUMAN	30851	TAX1BP3	0.63
APRIO_HUMAN	5621	PRNP	HNRPC_HUMAN	3183	HNRNPC	0.63
APRIO_HUMAN	5621	PRNP	DAG1_HUMAN	1605	DAG1	0.63
APRIO_HUMAN	5621	PRNP	RNF4_HUMAN	6047	RNF4	0.63
APRIO_HUMAN	5621	PRNP	PSA3_HUMAN	5684	PSMA3	0.63
APRIO_HUMAN	5621	PRNP	MARE2_HUMAN	10982	MAPRE2	0.63
APRIO_HUMAN	5621	PRNP	PHS_HUMAN	5092	PCBD1	0.63
APRIO_HUMAN	5621	PRNP	DPYL5_HUMAN	56896	DPYSL5	0.63
APRIO_HUMAN	5621	PRNP	TRA2B_HUMAN	6434	TRA2B	0.63
APRIO_HUMAN	5621	PRNP	RPE_HUMAN	6120	RPE	0.63
APRIO_HUMAN	5621	PRNP	AL1L1_HUMAN	10840	ALDH1L1	0.63
APRIO_HUMAN	5621	PRNP	AT1A3_HUMAN	478	ATP1A3	0.63
APRIO_HUMAN	5621	PRNP	MBLC1_HUMAN	255374	MBLAC1	0.63
APRIO_HUMAN	5621	PRNP	ADPPT_HUMAN	60496	AASDHPPT	0.63
APRIO_HUMAN	5621	PRNP	RET1_HUMAN	5947	RBP1	0.63
APRIO_HUMAN	5621	PRNP	SH3G2_HUMAN	6456	SH3GL2	0.63
PAL4D_HUMAN	164022, 653505, 653598	PPIAL4A, PPIAL4A, PPIAL4C	MED17_HUMAN	9440	MED17	0.63
APRIO_HUMAN	5621	PRNP	FEZ1_HUMAN	9638	FEZ1	0.63
APRIO_HUMAN	5621	PRNP	PSMD2_HUMAN	5708	PSMD2	0.63
APRIO_HUMAN	5621	PRNP	GANAB_HUMAN	23193	GANAB	0.63
APRIO_HUMAN	5621	PRNP	HINT2_HUMAN	84681	HINT2	0.63
APRIO_HUMAN	5621	PRNP	ACTN1_HUMAN	87	ACTN1	0.63
APRIO_HUMAN	5621	PRNP	TLN1_HUMAN	7094	TLN1	0.63
APRIO_HUMAN	5621	PRNP	IRGQ_HUMAN	126298	IRGQ	0.63
APRIO_HUMAN	5621	PRNP	STX12_HUMAN	23673	STX12	0.63
APRIO_HUMAN	5621	PRNP	PRDX3_HUMAN	10935	PRDX3	0.63
APRIO_HUMAN	5621	PRNP	TPP1_HUMAN	1200	TPP1	0.63
APRIO_HUMAN	5621	PRNP	ETHE1_HUMAN	23474	ETHE1	0.63
APRIO_HUMAN	5621	PRNP	CI064_HUMAN	84267	C9orf64	0.63
APRIO_HUMAN	5621	PRNP	KIFA3_HUMAN	22920	KIFAP3	0.63
APRIO_HUMAN	5621	PRNP	IF4H_HUMAN	7458	EIF4H	0.63
APRIO_HUMAN	5621	PRNP	CAPS1_HUMAN	8618	CADPS	0.63
APRIO_HUMAN	5621	PRNP	AP2A1_HUMAN	160	AP2A1	0.63
APRIO_HUMAN	5621	PRNP	UBA3_HUMAN	9039	UBA3	0.63
APRIO_HUMAN	5621	PRNP	CK068_HUMAN	83638	C11orf68	0.63
APRIO_HUMAN	5621	PRNP	ATPA_HUMAN	498	ATP5F1A	0.63
APRIO_HUMAN	5621	PRNP	TOM1_HUMAN	10043	TOM1	0.63
APRIO_HUMAN	5621	PRNP	JMJD7_HUMAN	100137047	JMJD7	0.63
APRIO_HUMAN	5621	PRNP	MAT2B_HUMAN	27430	MAT2B	0.63
APRIO_HUMAN	5621	PRNP	IQGA1_HUMAN	8826	IQGAP1	0.63
APRIO_HUMAN	5621	PRNP	NOS1_HUMAN	4842	NOS1	0.63
APRIO_HUMAN	5621	PRNP	AMFR_HUMAN	267	AMFR	0.63
APRIO_HUMAN	5621	PRNP	TSN_HUMAN	7247	TSN	0.63
APRIO_HUMAN	5621	PRNP	CV025_HUMAN	128989	TANGO2	0.63
APRIO_HUMAN	5621	PRNP	ST4A1_HUMAN	25830	SULT4A1	0.63
APRIO_HUMAN	5621	PRNP	IF4B_HUMAN	1975	EIF4B	0.63
APRIO_HUMAN	5621	PRNP	SH3K1_HUMAN	30011	SH3KBP1	0.63
APRIO_HUMAN	5621	PRNP	TBA4A_HUMAN	7277	TUBA4A	0.63
APRIO_HUMAN	5621	PRNP	EF2_HUMAN	1938	EEF2	0.63
APRIO_HUMAN	5621	PRNP	CO3_HUMAN	718	C3	0.63
APRIO_HUMAN	5621	PRNP	RAB6B_HUMAN	51560	RAB6B	0.63
APRIO_HUMAN	5621	PRNP	CLCB_HUMAN	1212	CLTB	0.63
APRIO_HUMAN	5621	PRNP	SNTA1_HUMAN	6640	SNTA1	0.63
PAL4D_HUMAN	164022, 653505, 653598	PPIAL4A, PPIAL4A, PPIAL4C	LAGE3_HUMAN	8270	LAGE3	0.63
APRIO_HUMAN	5621	PRNP	PABP4_HUMAN	8761	PABPC4	0.63
APRIO_HUMAN	5621	PRNP	CLH1_HUMAN	1213	CLTC	0.63
APRIO_HUMAN	5621	PRNP	PPM1A_HUMAN	5494	PPM1A	0.63
APRIO_HUMAN	5621	PRNP	INPP_HUMAN	3628	INPP1	0.63
APRIO_HUMAN	5621	PRNP	XRCC6_HUMAN	2547	XRCC6	0.63
APRIO_HUMAN	5621	PRNP	ATG4B_HUMAN	23192	ATG4B	0.63
APRIO_HUMAN	5621	PRNP	LZIC_HUMAN	84328	LZIC	0.63
APRIO_HUMAN	5621	PRNP	HOME1_HUMAN	9456	HOMER1	0.63
APRIO_HUMAN	5621	PRNP	BLVRB_HUMAN	645	BLVRB	0.63
APRIO_HUMAN	5621	PRNP	CPLX1_HUMAN	10815	CPLX1	0.63
APRIO_HUMAN	5621	PRNP	AHSA1_HUMAN	10598	AHSA1	0.63
APRIO_HUMAN	5621	PRNP	NECA1_HUMAN	64168	NECAB1	0.63
APRIO_HUMAN	5621	PRNP	SC31A_HUMAN	22872	SEC31A	0.63
APRIO_HUMAN	5621	PRNP	ELOB_HUMAN	6923	ELOB	0.63
APRIO_HUMAN	5621	PRNP	E41L2_HUMAN	2037	EPB41L2	0.63
APRIO_HUMAN	5621	PRNP	ITPK1_HUMAN	3705	ITPK1	0.63
APRIO_HUMAN	5621	PRNP	LMNB2_HUMAN	84823	LMNB2	0.63
APRIO_HUMAN	5621	PRNP	AT1A2_HUMAN	477	ATP1A2	0.63
APRIO_HUMAN	5621	PRNP	DNJB2_HUMAN	3300	DNAJB2	0.63
APRIO_HUMAN	5621	PRNP	MK03_HUMAN	5595	MAPK3	0.63
APRIO_HUMAN	5621	PRNP	AFAD_HUMAN	4301	AFDN	0.63
APRIO_HUMAN	5621	PRNP	TMOD2_HUMAN	29767	TMOD2	0.63
APRIO_HUMAN	5621	PRNP	AMER2_HUMAN	219287	AMER2	0.63
APRIO_HUMAN	5621	PRNP	PSA7_HUMAN	5688	PSMA7	0.63
APRIO_HUMAN	5621	PRNP	DMD_HUMAN	1756	DMD	0.63
APRIO_HUMAN	5621	PRNP	LMNA_HUMAN	4000	LMNA	0.63
APRIO_HUMAN	5621	PRNP	PCH2_HUMAN	9319	TRIP13	0.63
APRIO_HUMAN	5621	PRNP	ARL3_HUMAN	403	ARL3	0.63
APRIO_HUMAN	5621	PRNP	SGIP1_HUMAN	84251	SGIP1	0.63
APRIO_HUMAN	5621	PRNP	DREB_HUMAN	1627	DBN1	0.63
APRIO_HUMAN	5621	PRNP	SPSB1_HUMAN	80176	SPSB1	0.63
APRIO_HUMAN	5621	PRNP	NUDC2_HUMAN	134492	NUDCD2	0.63
APRIO_HUMAN	5621	PRNP	PTN11_HUMAN	5781	PTPN11	0.63
APRIO_HUMAN	5621	PRNP	CPLX2_HUMAN	10814	CPLX2	0.63
APRIO_HUMAN	5621	PRNP	INO1_HUMAN	51477	ISYNA1	0.63
APRIO_HUMAN	5621	PRNP	AT2B1_HUMAN	490	ATP2B1	0.63
APRIO_HUMAN	5621	PRNP	SNRPA_HUMAN	6626	SNRPA	0.63
PAL4D_HUMAN	164022, 653505, 653598	PPIAL4A, PPIAL4A, PPIAL4C	CD151_HUMAN	977	CD151	0.63
APRIO_HUMAN	5621	PRNP	RYBP_HUMAN	23429	RYBP	0.63
APRIO_HUMAN	5621	PRNP	1433T_HUMAN	10971	YWHAQ	0.63
APRIO_HUMAN	5621	PRNP	PACN2_HUMAN	11252	PACSIN2	0.63
APRIO_HUMAN	5621	PRNP	FUBP2_HUMAN	8570	KHSRP	0.63
APRIO_HUMAN	5621	PRNP	FNTA_HUMAN	2339	FNTA	0.63
APRIO_HUMAN	5621	PRNP	AGAP3_HUMAN	116988	AGAP3	0.63
APRIO_HUMAN	5621	PRNP	CLIC4_HUMAN	25932	CLIC4	0.63
APRIO_HUMAN	5621	PRNP	ENPL_HUMAN	7184	HSP90B1	0.63
APRIO_HUMAN	5621	PRNP	CBPE_HUMAN	1363	CPE	0.63
APRIO_HUMAN	5621	PRNP	SCG1_HUMAN	1114	CHGB	0.63
APRIO_HUMAN	5621	PRNP	CDN1B_HUMAN	1027	CDKN1B	0.63
APRIO_HUMAN	5621	PRNP	CSN6_HUMAN	10980	COPS6	0.63
APRIO_HUMAN	5621	PRNP	PTGR2_HUMAN	145482	PTGR2	0.63
APRIO_HUMAN	5621	PRNP	FBLN5_HUMAN	10516	FBLN5	0.63
APRIO_HUMAN	5621	PRNP	ELOC_HUMAN	6921	ELOC	0.63
APRIO_HUMAN	5621	PRNP	SYNJ1_HUMAN	8867	SYNJ1	0.63
APRIO_HUMAN	5621	PRNP	ULA1_HUMAN	8883	NAE1	0.63
APRIO_HUMAN	5621	PRNP	C99L2_HUMAN	83692	CD99L2	0.63
APRIO_HUMAN	5621	PRNP	TCPQ_HUMAN	10694	CCT8	0.63
APRIO_HUMAN	5621	PRNP	PAIP1_HUMAN	10605	PAIP1	0.63
APRIO_HUMAN	5621	PRNP	XRCC5_HUMAN	7520	XRCC5	0.63
APRIO_HUMAN	5621	PRNP	NQO2_HUMAN	4835	NQO2	0.63
APRIO_HUMAN	5621	PRNP	RABL6_HUMAN	55684	RABL6	0.63
APRIO_HUMAN	5621	PRNP	PSB5_HUMAN	5693	PSMB5	0.63
PAL4D_HUMAN	164022, 653505, 653598	PPIAL4A, PPIAL4A, PPIAL4C	NUDC2_HUMAN	134492	NUDCD2	0.63
APRIO_HUMAN	5621	PRNP	GNAO_HUMAN	2775	GNAO1	0.63
APRIO_HUMAN	5621	PRNP	ARF1_HUMAN	375	ARF1	0.63
APRIO_HUMAN	5621	PRNP	NAGK_HUMAN	55577	NAGK	0.63
APRIO_HUMAN	5621	PRNP	MYL6_HUMAN	4637	MYL6	0.63
APRIO_HUMAN	5621	PRNP	TXD17_HUMAN	84817	TXNDC17	0.63
APRIO_HUMAN	5621	PRNP	RTN1_HUMAN	6252	RTN1	0.63
APRIO_HUMAN	5621	PRNP	PITH1_HUMAN	57095	PITHD1	0.63
APRIO_HUMAN	5621	PRNP	TPM4_HUMAN	7171	TPM4	0.63
APRIO_HUMAN	5621	PRNP	KAP2_HUMAN	5576	PRKAR2A	0.63
APRIO_HUMAN	5621	PRNP	PRDX1_HUMAN	5052	PRDX1	0.63
APRIO_HUMAN	5621	PRNP	PLCB1_HUMAN	23236	PLCB1	0.63
APRIO_HUMAN	5621	PRNP	ANXA7_HUMAN	310	ANXA7	0.63
APRIO_HUMAN	5621	PRNP	FUBP1_HUMAN	8880	FUBP1	0.63
PAL4D_HUMAN	164022, 653505, 653598	PPIAL4A, PPIAL4A, PPIAL4C	SPB9_HUMAN	5272	SERPINB9	0.63
APRIO_HUMAN	5621	PRNP	NENF_HUMAN	29937	NENF	0.63
APRIO_HUMAN	5621	PRNP	SYT1_HUMAN	6857	SYT1	0.63
APRIO_HUMAN	5621	PRNP	FNTB_HUMAN	2342	FNTB	0.63
APRIO_HUMAN	5621	PRNP	RMD3_HUMAN	55177	RMDN3	0.63
APRIO_HUMAN	5621	PRNP	RP3A_HUMAN	22895	RPH3A	0.63
APRIO_HUMAN	5621	PRNP	NB5R3_HUMAN	1727	CYB5R3	0.63
APRIO_HUMAN	5621	PRNP	TTHY_HUMAN	7276	TTR	0.63
APRIO_HUMAN	5621	PRNP	VAPA_HUMAN	9218	VAPA	0.63
APRIO_HUMAN	5621	PRNP	PDCD5_HUMAN	9141	PDCD5	0.63
APRIO_HUMAN	5621	PRNP	DLG1_HUMAN	1739	DLG1	0.63
APRIO_HUMAN	5621	PRNP	NNRE_HUMAN	128240	NAXE	0.63
APRIO_HUMAN	5621	PRNP	SRRM2_HUMAN	23524	SRRM2	0.63
APRIO_HUMAN	5621	PRNP	PA1B3_HUMAN	5050	PAFAH1B3	0.63
APRIO_HUMAN	5621	PRNP	ACTN4_HUMAN	81	ACTN4	0.63
APRIO_HUMAN	5621	PRNP	HS74L_HUMAN	22824	HSPA4L	0.63
APRIO_HUMAN	5621	PRNP	DLG4_HUMAN	1742	DLG4	0.63
APRIO_HUMAN	5621	PRNP	E41L1_HUMAN	2036	EPB41L1	0.63
APRIO_HUMAN	5621	PRNP	PYGB_HUMAN	5834	PYGB	0.63
APRIO_HUMAN	5621	PRNP	MAP4_HUMAN	4134	MAP4	0.63
APRIO_HUMAN	5621	PRNP	BCAT1_HUMAN	586	BCAT1	0.63
APRIO_HUMAN	5621	PRNP	IAH1_HUMAN	285148	IAH1	0.63
APRIO_HUMAN	5621	PRNP	QCR1_HUMAN	7384	UQCRC1	0.63
APRIO_HUMAN	5621	PRNP	RB27B_HUMAN	5874	RAB27B	0.63
PAL4D_HUMAN	164022, 653505, 653598	PPIAL4A, PPIAL4A, PPIAL4C	SOAT1_HUMAN	6646	SOAT1	0.63
APRIO_HUMAN	5621	PRNP	ESR2_HUMAN	2100	ESR2	0.63
APRIO_HUMAN	5621	PRNP	LASP1_HUMAN	3927	LASP1	0.63
APRIO_HUMAN	5621	PRNP	GDE_HUMAN	178	AGL	0.63
APRIO_HUMAN	5621	PRNP	LSMD1_HUMAN	84316	NAA38	0.63
APRIO_HUMAN	5621	PRNP	DDB1_HUMAN	100290337, 1642	LOC100290337, DDB1	0.63
APRIO_HUMAN	5621	PRNP	NIF3L_HUMAN	60491	NIF3L1	0.63
APRIO_HUMAN	5621	PRNP	SETD7_HUMAN	80854	SETD7	0.63
APRIO_HUMAN	5621	PRNP	ACPH_HUMAN	327	APEH	0.63
APRIO_HUMAN	5621	PRNP	PP2BA_HUMAN	5530	PPP3CA	0.63
APRIO_HUMAN	5621	PRNP	ALDOA_HUMAN	226	ALDOA	0.63
APRIO_HUMAN	5621	PRNP	COX5A_HUMAN	9377	COX5A	0.63
APRIO_HUMAN	5621	PRNP	CPNE3_HUMAN	8895	CPNE3	0.63
PAL4D_HUMAN	164022, 653505, 653598	PPIAL4A, PPIAL4A, PPIAL4C	KIF23_HUMAN	9493	KIF23	0.63
APRIO_HUMAN	5621	PRNP	ZDHC5_HUMAN	25921	ZDHHC5	0.63
APRIO_HUMAN	5621	PRNP	TXNL1_HUMAN	9352	TXNL1	0.63
APRIO_HUMAN	5621	PRNP	EP15R_HUMAN	58513	EPS15L1	0.63
APRIO_HUMAN	5621	PRNP	MYPR_HUMAN	5354	PLP1	0.63
APRIO_HUMAN	5621	PRNP	U2AF2_HUMAN	11338	U2AF2	0.63
APRIO_HUMAN	5621	PRNP	MSRB2_HUMAN	22921	MSRB2	0.63
APRIO_HUMAN	5621	PRNP	CX6B1_HUMAN	1340	COX6B1	0.63
APRIO_HUMAN	5621	PRNP	FIBA_HUMAN	2243	FGA	0.63
APRIO_HUMAN	5621	PRNP	2AAA_HUMAN	5518	PPP2R1A	0.63
APRIO_HUMAN	5621	PRNP	GPX1_HUMAN	2876	GPX1	0.63
APRIO_HUMAN	5621	PRNP	FABP7_HUMAN	2173	FABP7	0.63
APRIO_HUMAN	5621	PRNP	PUR4_HUMAN	5198	PFAS	0.63
APRIO_HUMAN	5621	PRNP	FTHFD_HUMAN	10840	ALDH1L1	0.63
PAL4D_HUMAN	164022, 653505, 653598	PPIAL4A, PPIAL4A, PPIAL4C	SGK1_HUMAN	6446	SGK1	0.63
APRIO_HUMAN	5621	PRNP	IPYR_HUMAN	5464	PPA1	0.63
APRIO_HUMAN	5621	PRNP	SGTA_HUMAN	6449	SGTA	0.63
APRIO_HUMAN	5621	PRNP	KCC2B_HUMAN	816	CAMK2B	0.63
APRIO_HUMAN	5621	PRNP	FKBP4_HUMAN	2288	FKBP4	0.63
APRIO_HUMAN	5621	PRNP	HDHD2_HUMAN	84064	HDHD2	0.63
APRIO_HUMAN	5621	PRNP	RALA_HUMAN	5898	RALA	0.63
APRIO_HUMAN	5621	PRNP	SPSY_HUMAN	6611	SMS	0.63
APRIO_HUMAN	5621	PRNP	EF1D_HUMAN	1936	EEF1D	0.63
APRIO_HUMAN	5621	PRNP	SYJ2B_HUMAN	55333	SYNJ2BP	0.63
APRIO_HUMAN	5621	PRNP	HNRH3_HUMAN	3189	HNRNPH3	0.63
APRIO_HUMAN	5621	PRNP	DOCK7_HUMAN	85440	DOCK7	0.63
PAL4D_HUMAN	164022, 653505, 653598	PPIAL4A, PPIAL4A, PPIAL4C	SDHA_HUMAN	6389	SDHA	0.63
APRIO_HUMAN	5621	PRNP	SH3L2_HUMAN	83699	SH3BGRL2	0.63
APRIO_HUMAN	5621	PRNP	DLG3_HUMAN	1741	DLG3	0.63
APRIO_HUMAN	5621	PRNP	HAP28_HUMAN	11333	PDAP1	0.63
APRIO_HUMAN	5621	PRNP	FRDA_HUMAN	2395	FXN	0.63
APRIO_HUMAN	5621	PRNP	PGCB_HUMAN	63827	BCAN	0.63
APRIO_HUMAN	5621	PRNP	TTC1_HUMAN	7265	TTC1	0.63
APRIO_HUMAN	5621	PRNP	CXA1_HUMAN	2697	GJA1	0.63
APRIO_HUMAN	5621	PRNP	RASH_HUMAN	3265	HRAS	0.63
APRIO_HUMAN	5621	PRNP	IPO7_HUMAN	10527	IPO7	0.63
APRIO_HUMAN	5621	PRNP	IPP2M_HUMAN	153743	PPP1R2B	0.63
APRIO_HUMAN	5621	PRNP	AGO2_HUMAN	27161	AGO2	0.63
APRIO_HUMAN	5621	PRNP	TPD54_HUMAN	7165	TPD52L2	0.63
APRIO_HUMAN	5621	PRNP	COMT_HUMAN	1312	COMT	0.63
APRIO_HUMAN	5621	PRNP	SPB6_HUMAN	5269	SERPINB6	0.63
APRIO_HUMAN	5621	PRNP	SUOX_HUMAN	6821	SUOX	0.63
APRIO_HUMAN	5621	PRNP	CHSP1_HUMAN	23589	CARHSP1	0.63
APRIO_HUMAN	5621	PRNP	CA031_HUMAN	388753	COA6	0.63
APRIO_HUMAN	5621	PRNP	MYP2_HUMAN	5375	PMP2	0.63
APRIO_HUMAN	5621	PRNP	S4A10_HUMAN	57282	SLC4A10	0.63
APRIO_HUMAN	5621	PRNP	IPO5_HUMAN	3843	IPO5	0.63
APRIO_HUMAN	5621	PRNP	ANXA6_HUMAN	309	ANXA6	0.63
APRIO_HUMAN	5621	PRNP	SCAM1_HUMAN	9522	SCAMP1	0.63
APRIO_HUMAN	5621	PRNP	MMAD_HUMAN	27249	MMADHC	0.63
PAL4D_HUMAN	164022, 653505, 653598	PPIAL4A, PPIAL4A, PPIAL4C	HMGN2_HUMAN	3151	HMGN2	0.63
APRIO_HUMAN	5621	PRNP	MYLK_HUMAN	4638	MYLK	0.63
APRIO_HUMAN	5621	PRNP	BSN_HUMAN	8927	BSN	0.63
APRIO_HUMAN	5621	PRNP	KCC2G_HUMAN	818	CAMK2G	0.63
APRIO_HUMAN	5621	PRNP	IF5A1_HUMAN	1984	EIF5A	0.63
APRIO_HUMAN	5621	PRNP	TOLIP_HUMAN	54472	TOLLIP	0.63
APRIO_HUMAN	5621	PRNP	BCAS1_HUMAN	8537	BCAS1	0.63
APRIO_HUMAN	5621	PRNP	UK114_HUMAN	10247	RIDA	0.63
APRIO_HUMAN	5621	PRNP	RABP1_HUMAN	1381	CRABP1	0.63
APRIO_HUMAN	5621	PRNP	EAA1_HUMAN	6507	SLC1A3	0.63
APRIO_HUMAN	5621	PRNP	HDDC2_HUMAN	51020	HDDC2	0.63
APRIO_HUMAN	5621	PRNP	PI42A_HUMAN	5305	PIP4K2A	0.63
PAL4D_HUMAN	164022, 653505, 653598	PPIAL4A, PPIAL4A, PPIAL4C	SODC_HUMAN	6647	SOD1	0.63
APRIO_HUMAN	5621	PRNP	BAG6_HUMAN	7917	BAG6	0.63
APRIO_HUMAN	5621	PRNP	FBX2_HUMAN	26232	FBXO2	0.63
APRIO_HUMAN	5621	PRNP	FLNA_HUMAN	2316	FLNA	0.63
APRIO_HUMAN	5621	PRNP	TXD12_HUMAN	51060	TXNDC12	0.63
APRIO_HUMAN	5621	PRNP	ANK2_HUMAN	287	ANK2	0.63
APRIO_HUMAN	5621	PRNP	SGTB_HUMAN	54557	SGTB	0.63
APRIO_HUMAN	5621	PRNP	MK01_HUMAN	5594	MAPK1	0.63
APRIO_HUMAN	5621	PRNP	PP2BB_HUMAN	5532	PPP3CB	0.63
APRIO_HUMAN	5621	PRNP	GLRX3_HUMAN	10539	GLRX3	0.63
APRIO_HUMAN	5621	PRNP	NUDC3_HUMAN	23386	NUDCD3	0.63
APRIO_HUMAN	5621	PRNP	AGM1_HUMAN	5238	PGM3	0.63
APRIO_HUMAN	5621	PRNP	RHOA_HUMAN	387	RHOA	0.63
APRIO_HUMAN	5621	PRNP	GRSF1_HUMAN	2926	GRSF1	0.63
APRIO_HUMAN	5621	PRNP	TNR6A_HUMAN	27327	TNRC6A	0.63
APRIO_HUMAN	5621	PRNP	NSF1C_HUMAN	55968	NSFL1C	0.63
APRIO_HUMAN	5621	PRNP	SRC8_HUMAN	2017	CTTN	0.63
APRIO_HUMAN	5621	PRNP	HINT1_HUMAN	3094	HINT1	0.63
APRIO_HUMAN	5621	PRNP	GPM6A_HUMAN	2823	GPM6A	0.63
APRIO_HUMAN	5621	PRNP	STRAP_HUMAN	11171	STRAP	0.63
APRIO_HUMAN	5621	PRNP	NEUS_HUMAN	5274	SERPINI1	0.63
APRIO_HUMAN	5621	PRNP	MBP_HUMAN	4155	MBP	0.63
APRIO_HUMAN	5621	PRNP	NECP2_HUMAN	55707	NECAP2	0.63
APRIO_HUMAN	5621	PRNP	NFL_HUMAN	4747	NEFL	0.63
APRIO_HUMAN	5621	PRNP	DUT_HUMAN	1854	DUT	0.63
APRIO_HUMAN	5621	PRNP	NIPS2_HUMAN	2631	NIPSNAP2	0.63
APRIO_HUMAN	5621	PRNP	ASGL1_HUMAN	80150	ASRGL1	0.63
APRIO_HUMAN	5621	PRNP	HSP74_HUMAN	3308	HSPA4	0.63
PAL4D_HUMAN	164022, 653505, 653598	PPIAL4A, PPIAL4A, PPIAL4C	H11_HUMAN	3024	HIST1H1A	0.63
APRIO_HUMAN	5621	PRNP	DLG2_HUMAN	1740	DLG2	0.63
APRIO_HUMAN	5621	PRNP	MACF1_HUMAN	23499	MACF1	0.63
APRIO_HUMAN	5621	PRNP	KCC2D_HUMAN	817	CAMK2D	0.63
APRIO_HUMAN	5621	PRNP	VATA_HUMAN	523	ATP6V1A	0.63
APRIO_HUMAN	5621	PRNP	NUCKS_HUMAN	64710	NUCKS1	0.63
APRIO_HUMAN	5621	PRNP	NDUS6_HUMAN	4726	NDUFS6	0.63
APRIO_HUMAN	5621	PRNP	CALR_HUMAN	811	CALR	0.63
APRIO_HUMAN	5621	PRNP	RD23B_HUMAN	5887	RAD23B	0.63
APRIO_HUMAN	5621	PRNP	MATR3_HUMAN	9782	MATR3	0.63
APRIO_HUMAN	5621	PRNP	NECA2_HUMAN	54550	NECAB2	0.63
APRIO_HUMAN	5621	PRNP	SYPH_HUMAN	6855	SYP	0.63
PAL4D_HUMAN	164022, 653505, 653598	PPIAL4A, PPIAL4A, PPIAL4C	DUS9_HUMAN	1852	DUSP9	0.63
APRIO_HUMAN	5621	PRNP	TAU_HUMAN	4137	MAPT	0.63
APRIO_HUMAN	5621	PRNP	IMB1_HUMAN	3837	KPNB1	0.63
APRIO_HUMAN	5621	PRNP	PSA6_HUMAN	5687	PSMA6	0.63
APRIO_HUMAN	5621	PRNP	DDAH2_HUMAN	23564	DDAH2	0.63
APRIO_HUMAN	5621	PRNP	SMD1_HUMAN	6632	SNRPD1	0.63
APRIO_HUMAN	5621	PRNP	PLPP_HUMAN	57026	PDXP	0.63
APRIO_HUMAN	5621	PRNP	THIOM_HUMAN	25828	TXN2	0.63
APRIO_HUMAN	5621	PRNP	SYG_HUMAN	2617	GARS	0.63
APRIO_HUMAN	5621	PRNP	LG3BP_HUMAN	3959	LGALS3BP	0.63
APRIO_HUMAN	5621	PRNP	SRRM1_HUMAN	10250	SRRM1	0.63
APRIO_HUMAN	5621	PRNP	TRIM2_HUMAN	23321	TRIM2	0.63
APRIO_HUMAN	5621	PRNP	PUR9_HUMAN	471	ATIC	0.63
APRIO_HUMAN	5621	PRNP	CAV1_HUMAN	857	CAV1	0.63
APRIO_HUMAN	5621	PRNP	BTF3_HUMAN	689	BTF3	0.63
APRIO_HUMAN	5621	PRNP	LYSC_HUMAN	4069	LYZ	0.63
APRIO_HUMAN	5621	PRNP	DNPH1_HUMAN	10591	DNPH1	0.63
APRIO_HUMAN	5621	PRNP	IF4A2_HUMAN	1974	EIF4A2	0.63
APRIO_HUMAN	5621	PRNP	TENA_HUMAN	3371	TNC	0.63
APRIO_HUMAN	5621	PRNP	SSDH_HUMAN	7915	ALDH5A1	0.63
APRIO_HUMAN	5621	PRNP	HEBP2_HUMAN	23593	HEBP2	0.63
APRIO_HUMAN	5621	PRNP	DNJA2_HUMAN	10294	DNAJA2	0.63
APRIO_HUMAN	5621	PRNP	AQP4_HUMAN	361	AQP4	0.63
APRIO_HUMAN	5621	PRNP	CA123_HUMAN	54987	CZIB	0.63
APRIO_HUMAN	5621	PRNP	DFFA_HUMAN	1676	DFFA	0.63
APRIO_HUMAN	5621	PRNP	CSTF2_HUMAN	1478	CSTF2	0.63
APRIO_HUMAN	5621	PRNP	DCE1_HUMAN	2571	GAD1	0.63
APRIO_HUMAN	5621	PRNP	WDR61_HUMAN	80349	WDR61	0.63
APRIO_HUMAN	5621	PRNP		117189	GRDX	0.63
APRIO_HUMAN	5621	PRNP	NPTX1_HUMAN	4884	NPTX1	0.63
APRIO_HUMAN	5621	PRNP	KCC2A_HUMAN	815	CAMK2A	0.63
APRIO_HUMAN	5621	PRNP	QORL1_HUMAN	9946	CRYZL1	0.63
APRIO_HUMAN	5621	PRNP	SAHH_HUMAN	191	AHCY	0.63
APRIO_HUMAN	5621	PRNP	SH3L3_HUMAN	83442	SH3BGRL3	0.63
APRIO_HUMAN	5621	PRNP	TBCA_HUMAN	6902	TBCA	0.63
APRIO_HUMAN	5621	PRNP	CAZA1_HUMAN	829	CAPZA1	0.63
APRIO_HUMAN	5621	PRNP	CRNS1_HUMAN	57571	CARNS1	0.63
APRIO_HUMAN	5621	PRNP	NIT2_HUMAN	56954	NIT2	0.63
APRIO_HUMAN	5621	PRNP	ACY2_HUMAN	443	ASPA	0.63
APRIO_HUMAN	5621	PRNP	LA_HUMAN	6741	SSB	0.63
PAL4D_HUMAN	164022, 653505, 653598	PPIAL4A, PPIAL4A, PPIAL4C	HEXI1_HUMAN	10614	HEXIM1	0.63
APRIO_HUMAN	5621	PRNP	ZBED3_HUMAN	84327	ZBED3	0.63
APRIO_HUMAN	5621	PRNP	HN1_HUMAN	51155	JPT1	0.63
APRIO_HUMAN	5621	PRNP	TFG_HUMAN	10342	TFG	0.63
APRIO_HUMAN	5621	PRNP	NUD14_HUMAN	256281	NUDT14	0.63
APRIO_HUMAN	5621	PRNP	CNDP1_HUMAN	84735	CNDP1	0.63
APRIO_HUMAN	5621	PRNP	GRAN_HUMAN	25801	GCA	0.63
APRIO_HUMAN	5621	PRNP	ISCA2_HUMAN	122961	ISCA2	0.63
APRIO_HUMAN	5621	PRNP	AT1B1_HUMAN	481	ATP1B1	0.63
APRIO_HUMAN	5621	PRNP	CRK_HUMAN	1398	CRK	0.63
APRIO_HUMAN	5621	PRNP	MTAP_HUMAN	4507	MTAP	0.63
APRIO_HUMAN	5621	PRNP	CAYP1_HUMAN	828	CAPS	0.63
APRIO_HUMAN	5621	PRNP	ACHA7_HUMAN	1139	CHRNA7	0.63
APRIO_HUMAN	5621	PRNP	ODO2_HUMAN	1743	DLST	0.63
APRIO_HUMAN	5621	PRNP	DENR_HUMAN	8562	DENR	0.63
APRIO_HUMAN	5621	PRNP	FLNC_HUMAN	2318	FLNC	0.63
APRIO_HUMAN	5621	PRNP	ODP2_HUMAN	1737	DLAT	0.63
APRIO_HUMAN	5621	PRNP	ROA3_HUMAN	220988	HNRNPA3	0.63
APRIO_HUMAN	5621	PRNP	S4A4_HUMAN	8671	SLC4A4	0.63
APRIO_HUMAN	5621	PRNP	BIEA_HUMAN	644	BLVRA	0.63
APRIO_HUMAN	5621	PRNP	TERA_HUMAN	7415	VCP	0.63
APRIO_HUMAN	5621	PRNP	ARHL2_HUMAN	54936	ADPRHL2	0.63
APRIO_HUMAN	5621	PRNP	CLIC1_HUMAN	1192	CLIC1	0.63
APRIO_HUMAN	5621	PRNP	CAPZB_HUMAN	832	CAPZB	0.63
APRIO_HUMAN	5621	PRNP	DHE3_HUMAN	2746	GLUD1	0.63
APRIO_HUMAN	5621	PRNP	HDHD3_HUMAN	81932	HDHD3	0.63
APRIO_HUMAN	5621	PRNP	PAN2_HUMAN	9924	PAN2	0.63
APRIO_HUMAN	5621	PRNP	NEDD8_HUMAN	4738	NEDD8	0.63
APRIO_HUMAN	5621	PRNP	TM1L2_HUMAN	146691	TOM1L2	0.63
APRIO_HUMAN	5621	PRNP	CSN4_HUMAN	51138	COPS4	0.63
APRIO_HUMAN	5621	PRNP	PTPRZ_HUMAN	5803	PTPRZ1	0.63
APRIO_HUMAN	5621	PRNP	UBE2Z_HUMAN	65264	UBE2Z	0.63
APRIO_HUMAN	5621	PRNP	TIPRL_HUMAN	261726	TIPRL	0.63
APRIO_HUMAN	5621	PRNP	HEM2_HUMAN	210	ALAD	0.63
APRIO_HUMAN	5621	PRNP	EZRI_HUMAN	7430	EZR	0.63
APRIO_HUMAN	5621	PRNP	XPP1_HUMAN	7511	XPNPEP1	0.63
APRIO_HUMAN	5621	PRNP	KAP3_HUMAN	5577	PRKAR2B	0.63
APRIO_HUMAN	5621	PRNP	SPEE_HUMAN	6723	SRM	0.63
PAL4D_HUMAN	164022, 653505, 653598	PPIAL4A, PPIAL4A, PPIAL4C	PAL4A_HUMAN	644591	PPIAL4G	0.63
APRIO_HUMAN	5621	PRNP	DICER_HUMAN	23405	DICER1	0.63
APRIO_HUMAN	5621	PRNP	HS90A_HUMAN	3320	HSP90AA1	0.63
APRIO_HUMAN	5621	PRNP	NUDT5_HUMAN	11164	NUDT5	0.63
APRIO_HUMAN	5621	PRNP	TENR_HUMAN	7143	TNR	0.63
APRIO_HUMAN	5621	PRNP	LXN_HUMAN	56925	LXN	0.63
APRIO_HUMAN	5621	PRNP	RHOB_HUMAN	388	RHOB	0.63
APRIO_HUMAN	5621	PRNP	SSBP_HUMAN	6742	SSBP1	0.63
APRIO_HUMAN	5621	PRNP	MAGI2_HUMAN	9863	MAGI2	0.63
APRIO_HUMAN	5621	PRNP	AT1A1_HUMAN	476	ATP1A1	0.63
APRIO_HUMAN	5621	PRNP	CRKL_HUMAN	1399	CRKL	0.63
APRIO_HUMAN	5621	PRNP	ICAL_HUMAN	831	CAST	0.63
APRIO_HUMAN	5621	PRNP	SAHH3_HUMAN	23382	AHCYL2	0.63
APRIO_HUMAN	5621	PRNP	NUPR1_HUMAN	26471	NUPR1	0.63
APRIO_HUMAN	5621	PRNP	UBA1_HUMAN	7317	UBA1	0.63
APRIO_HUMAN	5621	PRNP	TBC24_HUMAN	57465	TBC1D24	0.63
APRIO_HUMAN	5621	PRNP	CLIP2_HUMAN	7461	CLIP2	0.63
APRIO_HUMAN	5621	PRNP	AAK1_HUMAN	22848	AAK1	0.63
APRIO_HUMAN	5621	PRNP	HDGF_HUMAN	3068	HDGF	0.63
APRIO_HUMAN	5621	PRNP	IDH3A_HUMAN	3419	IDH3A	0.63
APRIO_HUMAN	5621	PRNP	PSA5_HUMAN	5686	PSMA5	0.63
APRIO_HUMAN	5621	PRNP	TPD52_HUMAN	7163	TPD52	0.63
APRIO_HUMAN	5621	PRNP	ECHD1_HUMAN	55862	ECHDC1	0.63
APRIO_HUMAN	5621	PRNP	HGS_HUMAN	9146	HGS	0.63
APRIO_HUMAN	5621	PRNP	H2B1B_HUMAN	3018	HIST1H2BB	0.63
