didn't find K7ESM2 in the database, skipped it
didn't find K7ESQ2 in the database, skipped it
didn't find K7RE56 in the database, skipped it
didn't find K9J957 in the database, skipped it
didn't find K9N163 in the database, skipped it
didn't find K9N1J3 in the database, skipped it
didn't find K9N2Q6 in the database, skipped it
didn't find K9N2S2 in the database, skipped it
didn't find L0E130 in the database, skipped it
didn't find L7N2F9 in the database, skipped it
didn't find L7P8G6 in the database, skipped it
didn't find M0QX01 in the database, skipped it
didn't find M0QX14 in the database, skipped it
didn't find M0QX15 in the database, skipped it
didn't find M0QX29 in the database, skipped it
didn't find M0QX46 in the database, skipped it
didn't find M0QX65 in the database, skipped it
didn't find M0QX69 in the database, skipped it
didn't find M0QX71 in the database, skipped it
didn't find M0QX72 in the database, skipped it
didn't find M0QX73 in the database, skipped it
didn't find M0QX85 in the database, skipped it
didn't find M0QX90 in the database, skipped it
didn't find M0QXA0 in the database, skipped it
didn't find M0QXA7 in the database, skipped it
didn't find M0QXB0 in the database, skipped it
didn't find M0QXC5 in the database, skipped it
didn't find M0QXD0 in the database, skipped it
didn't find M0QXD3 in the database, skipped it
didn't find M0QXE6 in the database, skipped it
didn't find M0QXE9 in the database, skipped it
didn't find M0QXH4 in the database, skipped it
didn't find M0QXJ9 in the database, skipped it
didn't find M0QXL5 in the database, skipped it
didn't find M0QXM9 in the database, skipped it
didn't find M0QXN5 in the database, skipped it
didn't find M0QXN6 in the database, skipped it
didn't find M0QXQ2 in the database, skipped it
didn't find M0QXS0 in the database, skipped it
didn't find M0QXS3 in the database, skipped it
didn't find M0QXS5 in the database, skipped it
didn't find M0QXT0 in the database, skipped it
didn't find M0QXU8 in the database, skipped it
didn't find M0QXW8 in the database, skipped it
didn't find M0QY25 in the database, skipped it
didn't find M0QY37 in the database, skipped it
didn't find M0QY38 in the database, skipped it
didn't find M0QY43 in the database, skipped it
didn't find M0QY46 in the database, skipped it
didn't find M0QY66 in the database, skipped it
didn't find M0QY67 in the database, skipped it
didn't find M0QY85 in the database, skipped it
didn't find M0QY88 in the database, skipped it
didn't find M0QY89 in the database, skipped it
didn't find M0QYA2 in the database, skipped it
didn't find M0QYA8 in the database, skipped it
didn't find M0QYA9 in the database, skipped it
didn't find M0QYB6 in the database, skipped it
didn't find M0QYD1 in the database, skipped it
didn't find M0QYD2 in the database, skipped it
didn't find M0QYE6 in the database, skipped it
didn't find M0QYF7 in the database, skipped it
didn't find M0QYH2 in the database, skipped it
didn't find M0QYH6 in the database, skipped it
didn't find M0QYH7 in the database, skipped it
didn't find M0QYI1 in the database, skipped it
didn't find M0QYI6 in the database, skipped it
didn't find M0QYJ8 in the database, skipped it
didn't find M0QYK5 in the database, skipped it
didn't find M0QYM7 in the database, skipped it
didn't find M0QYP8 in the database, skipped it
didn't find M0QYQ4 in the database, skipped it
didn't find M0QYR4 in the database, skipped it
didn't find M0QYS1 in the database, skipped it
didn't find M0QYS6 in the database, skipped it
didn't find M0QYS8 in the database, skipped it
didn't find M0QYT5 in the database, skipped it
didn't find M0QYU1 in the database, skipped it
didn't find M0QYX3 in the database, skipped it
didn't find M0QYZ1 in the database, skipped it
didn't find M0QYZ2 in the database, skipped it
didn't find M0QYZ9 in the database, skipped it
didn't find M0QZ12 in the database, skipped it
didn't find M0QZ13 in the database, skipped it
didn't find M0QZ21 in the database, skipped it
didn't find M0QZ22 in the database, skipped it
didn't find M0QZ28 in the database, skipped it
didn't find M0QZ34 in the database, skipped it
didn't find M0QZ89 in the database, skipped it
didn't find M0QZ92 in the database, skipped it
didn't find M0QZB7 in the database, skipped it
didn't find M0QZB9 in the database, skipped it
didn't find M0QZC0 in the database, skipped it
didn't find M0QZC1 in the database, skipped it
didn't find M0QZC2 in the database, skipped it
didn't find M0QZD8 in the database, skipped it
didn't find M0QZE0 in the database, skipped it
didn't find M0QZG6 in the database, skipped it
didn't find M0QZH7 in the database, skipped it
didn't find M0QZJ2 in the database, skipped it
didn't find M0QZK3 in the database, skipped it
didn't find M0QZK6 in the database, skipped it
didn't find M0QZL0 in the database, skipped it
didn't find M0QZL8 in the database, skipped it
didn't find M0QZN1 in the database, skipped it
didn't find M0QZQ2 in the database, skipped it
didn't find M0QZQ3 in the database, skipped it
didn't find M0QZR4 in the database, skipped it
didn't find M0QZR8 in the database, skipped it
didn't find M0QZS0 in the database, skipped it
didn't find M0QZT4 in the database, skipped it
didn't find M0QZU5 in the database, skipped it
didn't find M0QZU8 in the database, skipped it
didn't find M0QZW5 in the database, skipped it
didn't find M0QZX0 in the database, skipped it
didn't find M0QZY4 in the database, skipped it
didn't find M0QZY5 in the database, skipped it
didn't find M0R000 in the database, skipped it
didn't find M0R002 in the database, skipped it
didn't find M0R006 in the database, skipped it
didn't find M0R014 in the database, skipped it
didn't find M0R015 in the database, skipped it
didn't find M0R025 in the database, skipped it
didn't find M0R026 in the database, skipped it
didn't find M0R043 in the database, skipped it
didn't find M0R050 in the database, skipped it
didn't find M0R057 in the database, skipped it
didn't find M0R061 in the database, skipped it
didn't find M0R063 in the database, skipped it
didn't find M0R064 in the database, skipped it
didn't find M0R0A0 in the database, skipped it
didn't find M0R0A9 in the database, skipped it
didn't find M0R0C1 in the database, skipped it
didn't find M0R0C6 in the database, skipped it
didn't find M0R0F0 in the database, skipped it
didn't find M0R0F9 in the database, skipped it
didn't find M0R0H5 in the database, skipped it
didn't find M0R0K1 in the database, skipped it
didn't find M0R0K3 in the database, skipped it
didn't find M0R0K5 in the database, skipped it
didn't find M0R0K9 in the database, skipped it
didn't find M0R0N0 in the database, skipped it
didn't find M0R0N4 in the database, skipped it
didn't find M0R0P1 in the database, skipped it
didn't find M0R0P7 in the database, skipped it
didn't find M0R0Q7 in the database, skipped it
didn't find M0R0R2 in the database, skipped it
didn't find M0R0R9 in the database, skipped it
didn't find M0R0S0 in the database, skipped it
didn't find M0R0T2 in the database, skipped it
didn't find M0R0U2 in the database, skipped it
didn't find M0R0X0 in the database, skipped it
didn't find M0R0Y8 in the database, skipped it
didn't find M0R0Z3 in the database, skipped it
didn't find M0R102 in the database, skipped it
didn't find M0R104 in the database, skipped it
didn't find M0R106 in the database, skipped it
didn't find M0R116 in the database, skipped it
didn't find M0R117 in the database, skipped it
didn't find M0R127 in the database, skipped it
didn't find M0R138 in the database, skipped it
didn't find M0R140 in the database, skipped it
didn't find M0R152 in the database, skipped it
didn't find M0R176 in the database, skipped it
didn't find M0R177 in the database, skipped it
didn't find M0R181 in the database, skipped it
didn't find M0R199 in the database, skipped it
didn't find M0R1A1 in the database, skipped it
didn't find M0R1A7 in the database, skipped it
didn't find M0R1C6 in the database, skipped it
didn't find M0R1D2 in the database, skipped it
didn't find M0R1D5 in the database, skipped it
didn't find M0R1E3 in the database, skipped it
didn't find M0R1F6 in the database, skipped it
didn't find M0R1H0 in the database, skipped it
didn't find M0R1H5 in the database, skipped it
didn't find M0R1H9 in the database, skipped it
didn't find M0R1I1 in the database, skipped it
didn't find M0R1I2 in the database, skipped it
didn't find M0R1K2 in the database, skipped it
didn't find M0R1L2 in the database, skipped it
didn't find M0R1L3 in the database, skipped it
didn't find M0R1L8 in the database, skipped it
didn't find M0R1M5 in the database, skipped it
didn't find M0R1M6 in the database, skipped it
didn't find M0R1N9 in the database, skipped it
didn't find M0R1Q0 in the database, skipped it
didn't find M0R1S3 in the database, skipped it
didn't find M0R1S6 in the database, skipped it
didn't find M0R1V3 in the database, skipped it
didn't find M0R1V8 in the database, skipped it
didn't find M0R1X7 in the database, skipped it
didn't find M0R1Y2 in the database, skipped it
didn't find M0R1Z9 in the database, skipped it
didn't find M0R205 in the database, skipped it
didn't find M0R208 in the database, skipped it
didn't find M0R210 in the database, skipped it
didn't find M0R222 in the database, skipped it
didn't find M0R226 in the database, skipped it
didn't find M0R230 in the database, skipped it
didn't find M0R257 in the database, skipped it
didn't find M0R259 in the database, skipped it
didn't find M0R261 in the database, skipped it
didn't find M0R275 in the database, skipped it
didn't find M0R278 in the database, skipped it
didn't find M0R289 in the database, skipped it
didn't find M0R299 in the database, skipped it
didn't find M0R2A0 in the database, skipped it
didn't find M0R2A8 in the database, skipped it
didn't find M0R2B0 in the database, skipped it
didn't find M0R2C6 in the database, skipped it
didn't find M0R2D3 in the database, skipped it
didn't find M0R2D7 in the database, skipped it
didn't find M0R2F3 in the database, skipped it
didn't find M0R2F8 in the database, skipped it
didn't find M0R2F9 in the database, skipped it
didn't find M0R2G6 in the database, skipped it
didn't find M0R2I4 in the database, skipped it
didn't find M0R2J0 in the database, skipped it
didn't find M0R2J2 in the database, skipped it
didn't find M0R2J3 in the database, skipped it
didn't find M0R2K7 in the database, skipped it
didn't find M0R2K9 in the database, skipped it
didn't find M0R2L9 in the database, skipped it
didn't find M0R2M9 in the database, skipped it
didn't find M0R2N4 in the database, skipped it
didn't find M0R2N5 in the database, skipped it
didn't find M0R2P1 in the database, skipped it
didn't find M0R2P5 in the database, skipped it
didn't find M0R2Q2 in the database, skipped it
didn't find M0R2Q4 in the database, skipped it
didn't find M0R2Q6 in the database, skipped it
didn't find M0R2S1 in the database, skipped it
didn't find M0R2U2 in the database, skipped it
didn't find M0R2U7 in the database, skipped it
didn't find M0R2U9 in the database, skipped it
didn't find M0R2V0 in the database, skipped it
didn't find M0R2Z9 in the database, skipped it
didn't find M0R315 in the database, skipped it
didn't find M0R366 in the database, skipped it
didn't find M0R368 in the database, skipped it
didn't find M0R383 in the database, skipped it
didn't find M0R389 in the database, skipped it
didn't find M0R3B2 in the database, skipped it
didn't find M0R3C2 in the database, skipped it
didn't find M0R3C8 in the database, skipped it
didn't find M0R3C9 in the database, skipped it
didn't find M0R3D4 in the database, skipped it
didn't find M0R3D6 in the database, skipped it
didn't find M0R3D7 in the database, skipped it
didn't find M0R3E9 in the database, skipped it
didn't find M0R3F3 in the database, skipped it
didn't find M0R3G1 in the database, skipped it
didn't find M0R3H0 in the database, skipped it
didn't find M0R3H8 in the database, skipped it
didn't find M0R3J3 in the database, skipped it
didn't find M1S623 in the database, skipped it
didn't find M3ZCP1 in the database, skipped it
didn't find M9RSF4 in the database, skipped it
didn't find N0E472 in the database, skipped it
didn't find N0E644 in the database, skipped it
didn't find O00325 in the database, skipped it
didn't find O14835 in the database, skipped it
didn't find O19617 in the database, skipped it
didn't find O75086 in the database, skipped it
didn't find O95086 in the database, skipped it
didn't find O95205 in the database, skipped it
didn't find P0DJR0 in the database, skipped it
didn't find P0DKB5 in the database, skipped it
didn't find P0DKX0 in the database, skipped it
didn't find P0DKX4 in the database, skipped it
didn't find P0DL12 in the database, skipped it
didn't find P0DMB1 in the database, skipped it
didn't find P0DMB2 in the database, skipped it
didn't find P0DMP1 in the database, skipped it
didn't find P0DMQ5 in the database, skipped it
didn't find P0DMR1 in the database, skipped it
didn't find P0DMR2 in the database, skipped it
didn't find P0DMR3 in the database, skipped it
didn't find P0DMU8 in the database, skipped it
didn't find P0DMV0 in the database, skipped it
didn't find P0DN25 in the database, skipped it
didn't find P0DO92 in the database, skipped it
didn't find P0DO97 in the database, skipped it
didn't find P0DOY5 in the database, skipped it
didn't find P0DP42 in the database, skipped it
didn't find P0DP75 in the database, skipped it
didn't find P0DPA3 in the database, skipped it
didn't find P0DPD5 in the database, skipped it
didn't find P0DPE3 in the database, skipped it
didn't find P0DPF2 in the database, skipped it
didn't find P0DPF6 in the database, skipped it
didn't find P0DPH9 in the database, skipped it
didn't find P0DPI3 in the database, skipped it
didn't find P0DPI4 in the database, skipped it
didn't find P0DPR3 in the database, skipped it
didn't find P0DQW0 in the database, skipped it


uniprot id 1	entrez gene id 1	gene name 1	uniprot id 2	entrez gene id 2	gene name 2	score
EFC14_HUMAN	9813	EFCAB14	CSK22_HUMAN	1459	CSNK2A2	0.84
EFC14_HUMAN	9813	EFCAB14	CSK21_HUMAN	1457	CSNK2A1	0.84
GG12G_HUMAN	26748, 100008586, 645073, 2579	GAGE12I, GAGE12F, GAGE12G, GAGE7	GMCL1_HUMAN	64395	GMCL1	0.83
EFC14_HUMAN	9813	EFCAB14	GRAM3_HUMAN	65983	GRAMD2B	0.83
PKHA9_HUMAN	51054	PLEKHA8P1	PKHA8_HUMAN	84725	PLEKHA8	0.83
PNM6A_HUMAN	100287428, 100287466, 84968	PNMA6A, PNMA6B, PNMA6A	PNMA1_HUMAN	9240	PNMA1	0.83
ZN865_HUMAN	100507290	ZNF865	TNR3_HUMAN	4055	LTBR	0.83
PNM6A_HUMAN	100287428, 100287466, 84968	PNMA6A, PNMA6B, PNMA6A	RT29_HUMAN	7818	DAP3	0.83
SPAG7_HUMAN	9552	SPAG7	KLH20_HUMAN	27252	KLHL20	0.83
CV031_HUMAN	25770	C22orf31	LACRT_HUMAN	90070	LACRT	0.83
CA105_HUMAN	92346	C1orf105	LIMD1_HUMAN	8994	LIMD1	0.82
CF047_HUMAN	57827	C6orf47	SEC62_HUMAN	7095	SEC62	0.82
CV031_HUMAN	25770	C22orf31	HDAC2_HUMAN	3066	HDAC2	0.82
ZN865_HUMAN	100507290	ZNF865	ZN169_HUMAN	169841	ZNF169	0.82
CA105_HUMAN	92346	C1orf105	TRI68_HUMAN	55128	TRIM68	0.82
CF222_HUMAN	389384	C6orf222	MK09_HUMAN	5601	MAPK9	0.82
ZN865_HUMAN	100507290	ZNF865	TNR19_HUMAN	55504	TNFRSF19	0.82
ZN865_HUMAN	100507290	ZNF865	RL28_HUMAN	6158	RPL28	0.82
ISK4_HUMAN	27290	SPINK4	LAMA3_HUMAN	3909	LAMA3	0.82
ZN865_HUMAN	100507290	ZNF865	NXF2_HUMAN	56001, 728343	NXF2, NXF2B	0.82
P5I11_HUMAN	9537	TP53I11	MANS1_HUMAN	54682	MANSC1	0.82
ISK4_HUMAN	27290	SPINK4	MKS3_HUMAN	91147	TMEM67	0.82
ISK4_HUMAN	27290	SPINK4	GT253_HUMAN	51148	CERCAM	0.82
YPEL1_HUMAN	29799	YPEL1	FXL20_HUMAN	84961	FBXL20	0.82
ISK4_HUMAN	27290	SPINK4	HTRA1_HUMAN	5654	HTRA1	0.82
YPEL1_HUMAN	29799	YPEL1	FBXL2_HUMAN	25827	FBXL2	0.82
ZN865_HUMAN	100507290	ZNF865	CCG5_HUMAN	27091	CACNG5	0.82
ISK4_HUMAN	27290	SPINK4	PLXA2_HUMAN	5362	PLXNA2	0.82
ZN865_HUMAN	100507290	ZNF865	TEX28_HUMAN	1527	TEX28	0.82
YPEL1_HUMAN	29799	YPEL1	STRN3_HUMAN	29966	STRN3	0.82
ZN865_HUMAN	100507290	ZNF865	CLC11_HUMAN	6320	CLEC11A	0.82
ZN865_HUMAN	100507290	ZNF865	TNR1A_HUMAN	7132	TNFRSF1A	0.82
YPEL1_HUMAN	29799	YPEL1	STRN4_HUMAN	29888	STRN4	0.82
ISK4_HUMAN	27290	SPINK4	MINP1_HUMAN	9562	MINPP1	0.82
ZN865_HUMAN	100507290	ZNF865	CC136_HUMAN	64753	CCDC136	0.82
YPEL1_HUMAN	29799	YPEL1	CT2NL_HUMAN	55917	CTTNBP2NL	0.82
CF047_HUMAN	57827	C6orf47	5HT2C_HUMAN	3358	HTR2C	0.82
CV031_HUMAN	25770	C22orf31	HDAC1_HUMAN	3065	HDAC1	0.82
LEU1_HUMAN	10301	DLEU1	KAT5_HUMAN	10524	KAT5	0.77
SMAP_HUMAN	10944	C11orf58	MARK2_HUMAN	2011	MARK2	0.76
SMAP_HUMAN	10944	C11orf58	WDR48_HUMAN	57599	WDR48	0.76
F163B_HUMAN	642968	FAM163B	DLG1_HUMAN	1739	DLG1	0.75
SPAG7_HUMAN	9552	SPAG7	H2B1C_HUMAN	8339, 8343, 8344, 8346, 8347	HIST1H2BG, HIST1H2BF, HIST1H2BE, HIST1H2BI, HIST1H2BC	0.73
SMAP_HUMAN	10944	C11orf58	A2MG_HUMAN	2	A2M	0.73
LEU1_HUMAN	10301	DLEU1	PSA1_HUMAN	5682	PSMA1	0.73
LEU1_HUMAN	10301	DLEU1	P53_HUMAN	7157	TP53	0.73
LIMS3_HUMAN	96626	LIMS3	BCL6_HUMAN	604	BCL6	0.73
ISK4_HUMAN	27290	SPINK4	PSL1_HUMAN	56928	SPPL2B	0.73
SMAP_HUMAN	10944	C11orf58	LDHA_HUMAN	3939	LDHA	0.72
SMAP_HUMAN	10944	C11orf58	CHRD1_HUMAN	26973	CHORDC1	0.72
CF222_HUMAN	389384	C6orf222	TCOF_HUMAN	6949	TCOF1	0.72
SPAG7_HUMAN	9552	SPAG7	MFTC_HUMAN	81034	SLC25A32	0.72
P5I11_HUMAN	9537	TP53I11	YIPF3_HUMAN	25844	YIPF3	0.72
SMAP_HUMAN	10944	C11orf58	CH60_HUMAN	3329	HSPD1	0.72
CF222_HUMAN	389384	C6orf222	CAPR1_HUMAN	4076	CAPRIN1	0.72
SMAP_HUMAN	10944	C11orf58	SPSY_HUMAN	6611	SMS	0.72
UBFL6_HUMAN	643615	UBTFL6	MIC60_HUMAN	10989	IMMT	0.72
SMAP_HUMAN	10944	C11orf58	WDR1_HUMAN	9948	WDR1	0.72
CLC2L_HUMAN	154790	CLEC2L	EXT2_HUMAN	2132	EXT2	0.72
SMAP_HUMAN	10944	C11orf58	NAGK_HUMAN	55577	NAGK	0.72
SPAG7_HUMAN	9552	SPAG7	RAN_HUMAN	5901	RAN	0.72
PINL_HUMAN	5301	PIN1P1	TAU_HUMAN	4137	MAPT	0.72
HMN1_HUMAN	100462977	MTRNR2L1	TRI11_HUMAN	81559	TRIM11	0.72
SMAP_HUMAN	10944	C11orf58	SCRN1_HUMAN	9805	SCRN1	0.72
CLC2L_HUMAN	154790	CLEC2L	FIBP_HUMAN	9158	FIBP	0.72
SMAP_HUMAN	10944	C11orf58	SCOT1_HUMAN	5019	OXCT1	0.72
YPEL1_HUMAN	29799	YPEL1	STRP1_HUMAN	85369	STRIP1	0.72
SMAP_HUMAN	10944	C11orf58	KYNU_HUMAN	8942	KYNU	0.72
SMAP_HUMAN	10944	C11orf58	BMX_HUMAN	660	BMX	0.72
ZN865_HUMAN	100507290	ZNF865	SIR6_HUMAN	51548	SIRT6	0.72
P5I11_HUMAN	9537	TP53I11	ESR1_HUMAN	2099	ESR1	0.72
SMAP_HUMAN	10944	C11orf58	BZW2_HUMAN	28969	BZW2	0.72
ZN865_HUMAN	100507290	ZNF865	RSBN1_HUMAN	54665	RSBN1	0.72
SMAP_HUMAN	10944	C11orf58	GUAD_HUMAN	9615	GDA	0.72
SMAP_HUMAN	10944	C11orf58	GNS_HUMAN	2799	GNS	0.72
CF047_HUMAN	57827	C6orf47	FPR2_HUMAN	2358	FPR2	0.72
SMAP_HUMAN	10944	C11orf58	SGT1_HUMAN	10910	SUGT1	0.72
MLN_HUMAN	4295	MLN	MTLR_HUMAN	2862	MLNR	0.66
TBC3H_HUMAN	729877	TBC1D3H	SDCB1_HUMAN	6386	SDCBP	0.65
OCM2_HUMAN	4951	OCM2	TE2IP_HUMAN	54386	TERF2IP	0.65
OCM2_HUMAN	4951	OCM2	TERF2_HUMAN	7014	TERF2	0.65
OCM2_HUMAN	4951	OCM2	TERF1_HUMAN	7013	TERF1	0.65
CF222_HUMAN	389384	C6orf222	ANR17_HUMAN	26057	ANKRD17	0.63
CX001_HUMAN	9142	SLITRK2	MYH14_HUMAN	79784	MYH14	0.63
F163B_HUMAN	642968	FAM163B	PLXC1_HUMAN	10154	PLXNC1	0.63
LEU1_HUMAN	10301	DLEU1	TBB4B_HUMAN	10383	TUBB4B	0.63
SMAP_HUMAN	10944	C11orf58	TRA2A_HUMAN	29896	TRA2A	0.63
CS077_HUMAN	284422	SMIM24	MEP1B_HUMAN	4225	MEP1B	0.63
P5I11_HUMAN	9537	TP53I11	TECT2_HUMAN	79867	TCTN2	0.63
S14L5_HUMAN	9717	SEC14L5	PRS10_HUMAN	5706	PSMC6	0.63
SMAP_HUMAN	10944	C11orf58	M4K4_HUMAN	9448	MAP4K4	0.63
EBLN1_HUMAN			TITIN_HUMAN	7273	TTN	0.63
ZN865_HUMAN	100507290	ZNF865	CRCM_HUMAN	4163	MCC	0.63
AN34C_HUMAN	390616	ANKRD34C	CT024_HUMAN	55969	RAB5IF	0.63
CF222_HUMAN	389384	C6orf222	BNIP2_HUMAN	663	BNIP2	0.63
CX001_HUMAN	9142	SLITRK2	MYPT1_HUMAN	4659	PPP1R12A	0.63
F163B_HUMAN	642968	FAM163B	KCC2B_HUMAN	816	CAMK2B	0.63
PNM6A_HUMAN	100287428, 100287466, 84968	PNMA6A, PNMA6B, PNMA6A	PNML1_HUMAN	55228	PNMA8A	0.63
HMN1_HUMAN	100462977	MTRNR2L1	HS90A_HUMAN	3320	HSP90AA1	0.63
CF047_HUMAN	57827	C6orf47	REEP5_HUMAN	7905	REEP5	0.63
LEU1_HUMAN	10301	DLEU1	MED31_HUMAN	51003	MED31	0.63
P5I11_HUMAN	9537	TP53I11	TSN8_HUMAN	7103	TSPAN8	0.63
SMAP_HUMAN	10944	C11orf58	MYL6B_HUMAN	140465	MYL6B	0.63
SPDE6_HUMAN	729597	SPDYE6	MARE3_HUMAN	22924	MAPRE3	0.63
ZN865_HUMAN	100507290	ZNF865	FBLN2_HUMAN	2199	FBLN2	0.63
AN34C_HUMAN	390616	ANKRD34C	VDAC2_HUMAN	7417	VDAC2	0.63
CF222_HUMAN	389384	C6orf222	MK08_HUMAN	5599	MAPK8	0.63
CX001_HUMAN	9142	SLITRK2	RAI14_HUMAN	26064	RAI14	0.63
CX001_HUMAN	9142	SLITRK2	ARGL1_HUMAN	55082	ARGLU1	0.63
ISK4_HUMAN	27290	SPINK4	SPP2B_HUMAN	56928	SPPL2B	0.63
PNM6A_HUMAN	100287428, 100287466, 84968	PNMA6A, PNMA6B, PNMA6A	LZTR1_HUMAN	8216	LZTR1	0.63
SMAP_HUMAN	10944	C11orf58	1B07_HUMAN	3106	HLA-B	0.63
AN34C_HUMAN	390616	ANKRD34C	TOM40_HUMAN	10452	TOMM40	0.63
IG2R_HUMAN			RBPMS_HUMAN	11030	RBPMS	0.63
LIMS3_HUMAN	96626	LIMS3	RUSC1_HUMAN	23623	RUSC1	0.63
P5I11_HUMAN	9537	TP53I11	ELOV5_HUMAN	60481	ELOVL5	0.63
SMAP_HUMAN	10944	C11orf58	DHX15_HUMAN	1665	DHX15	0.63
SPAG7_HUMAN	9552	SPAG7	K1C27_HUMAN	342574	KRT27	0.63
ZN865_HUMAN	100507290	ZNF865	KCNA4_HUMAN	3739	KCNA4	0.63
CF222_HUMAN	389384	C6orf222	MMAC_HUMAN	25974	MMACHC	0.63
CX001_HUMAN	9142	SLITRK2	SNIP1_HUMAN	79753	SNIP1	0.63
F163B_HUMAN	642968	FAM163B	PP2BA_HUMAN	5530	PPP3CA	0.63
SMAP_HUMAN	10944	C11orf58	SF3B1_HUMAN	23451	SF3B1	0.63
CF047_HUMAN	57827	C6orf47	RAB5C_HUMAN	5878	RAB5C	0.63
P5I11_HUMAN	9537	TP53I11	HNRPL_HUMAN	3191	HNRNPL	0.63
S14L5_HUMAN	9717	SEC14L5	P53_HUMAN	7157	TP53	0.63
SMAP_HUMAN	10944	C11orf58	DUS5_HUMAN	1847	DUSP5	0.63
GG12G_HUMAN	26748, 100008586, 645073, 2579	GAGE12I, GAGE12F, GAGE12G, GAGE7	PSB5_HUMAN	5693	PSMB5	0.63
ZN865_HUMAN	100507290	ZNF865	EI2BE_HUMAN	8893	EIF2B5	0.63
AN34C_HUMAN	390616	ANKRD34C	COX7C_HUMAN	1350	COX7C	0.63
CX001_HUMAN	9142	SLITRK2	ZO2_HUMAN	9414	TJP2	0.63
CX001_HUMAN	9142	SLITRK2	PERM_HUMAN	4353	MPO	0.63
F163B_HUMAN	642968	FAM163B	CI064_HUMAN	84267	C9orf64	0.63
PNM6A_HUMAN	100287428, 100287466, 84968	PNMA6A, PNMA6B, PNMA6A	AT1A3_HUMAN	478	ATP1A3	0.63
RD3L_HUMAN	647286	RD3L	WRP73_HUMAN	49856	WRAP73	0.63
LEU1_HUMAN	10301	DLEU1	GLYC_HUMAN	6470	SHMT1	0.63
P5I11_HUMAN	9537	TP53I11	3BHS7_HUMAN	80270	HSD3B7	0.63
SMAP_HUMAN	10944	C11orf58	SET_HUMAN	6418	SET	0.63
SPDE6_HUMAN	729597	SPDYE6	MARE1_HUMAN	22919	MAPRE1	0.63
ZN865_HUMAN	100507290	ZNF865	K1C40_HUMAN	125115	KRT40	0.63
AN34C_HUMAN	390616	ANKRD34C	QCR1_HUMAN	7384	UQCRC1	0.63
CF222_HUMAN	389384	C6orf222	CDC16_HUMAN	8881	CDC16	0.63
CX001_HUMAN	9142	SLITRK2	BPIB1_HUMAN	92747	BPIFB1	0.63
CX001_HUMAN	9142	SLITRK2	SVIL_HUMAN	6840	SVIL	0.63
ISK4_HUMAN	27290	SPINK4	DCA10_HUMAN	79269	DCAF10	0.63
PNM6A_HUMAN	100287428, 100287466, 84968	PNMA6A, PNMA6B, PNMA6A	HS2ST_HUMAN	9653	HS2ST1	0.63
SNG4_HUMAN	23546	SYNGR4	GULP1_HUMAN	51454	GULP1	0.63
AN34C_HUMAN	390616	ANKRD34C	NDUS3_HUMAN	4722	NDUFS3	0.63
IG2R_HUMAN			H15_HUMAN	3009	HIST1H1B	0.63
LIMS3_HUMAN	96626	LIMS3	BTF3_HUMAN	689	BTF3	0.63
P5I11_HUMAN	9537	TP53I11	S13A1_HUMAN	6561	SLC13A1	0.63
SMAP_HUMAN	10944	C11orf58	EWS_HUMAN	2130	EWSR1	0.63
SPAG7_HUMAN	9552	SPAG7	TE2IP_HUMAN	54386	TERF2IP	0.63
ZN865_HUMAN	100507290	ZNF865	CC140_HUMAN	151278	CCDC140	0.63
CA105_HUMAN	92346	C1orf105	MK09_HUMAN	5601	MAPK9	0.63
CF222_HUMAN	389384	C6orf222	APC4_HUMAN	29945	ANAPC4	0.63
CX001_HUMAN	9142	SLITRK2	N2DL3_HUMAN	79465	ULBP3	0.63
F163B_HUMAN	642968	FAM163B	CANB1_HUMAN	5534	PPP3R1	0.63
MLN_HUMAN	4295	MLN	TTC19_HUMAN	54902	TTC19	0.63
SMAP_HUMAN	10944	C11orf58	SEM5B_HUMAN	54437	SEMA5B	0.63
GG12G_HUMAN	26748, 100008586, 645073, 2579	GAGE12I, GAGE12F, GAGE12G, GAGE7	GMCLL_HUMAN	64396	GMCL2	0.63
CF047_HUMAN	57827	C6orf47	C5AR1_HUMAN	728	C5AR1	0.63
SMAP_HUMAN	10944	C11orf58	CBX3_HUMAN	11335	CBX3	0.63
GG12G_HUMAN	26748, 100008586, 645073, 2579	GAGE12I, GAGE12F, GAGE12G, GAGE7	GAG2E_HUMAN	26749	GAGE2E	0.63
ZN865_HUMAN	100507290	ZNF865	PIPSL_HUMAN	266971	PIPSL	0.63
AN34C_HUMAN	390616	ANKRD34C	ECHB_HUMAN	3032	HADHB	0.63
CF222_HUMAN	389384	C6orf222	B2CL2_HUMAN	599	BCL2L2	0.63
CX001_HUMAN	9142	SLITRK2	SCAFB_HUMAN	9169	SCAF11	0.63
CX001_HUMAN	9142	SLITRK2	TRFL_HUMAN	4057	LTF	0.63
IQCF3_HUMAN	401067	IQCF3	NFIP1_HUMAN	80762	NDFIP1	0.63
PNM6A_HUMAN	100287428, 100287466, 84968	PNMA6A, PNMA6B, PNMA6A	AL1A3_HUMAN	220	ALDH1A3	0.63
AN34C_HUMAN	390616	ANKRD34C	SPDLY_HUMAN	54908	SPDL1	0.63
LEU1_HUMAN	10301	DLEU1	TLE1_HUMAN	7088	TLE1	0.63
P5I11_HUMAN	9537	TP53I11	SEC62_HUMAN	7095	SEC62	0.63
SPAG7_HUMAN	9552	SPAG7	EGFR_HUMAN	1956	EGFR	0.63
SPDE6_HUMAN	729597	SPDYE6	APBP2_HUMAN	10513	APPBP2	0.63
ZN865_HUMAN	100507290	ZNF865	CIC_HUMAN	23152	CIC	0.63
AN34C_HUMAN	390616	ANKRD34C	QCR2_HUMAN	7385	UQCRC2	0.63
CF222_HUMAN	389384	C6orf222	GNPAT_HUMAN	8443	GNPAT	0.63
CX001_HUMAN	9142	SLITRK2	TMOD2_HUMAN	29767	TMOD2	0.63
CX001_HUMAN	9142	SLITRK2	RP9_HUMAN	6100	RP9	0.63
LEU1_HUMAN	10301	DLEU1	CSN6_HUMAN	10980	COPS6	0.63
PNM6A_HUMAN	100287428, 100287466, 84968	PNMA6A, PNMA6B, PNMA6A	BAG5_HUMAN	9529	BAG5	0.63
SPAG7_HUMAN	9552	SPAG7	LXN_HUMAN	56925	LXN	0.63
AN34C_HUMAN	390616	ANKRD34C	QCR8_HUMAN	27089	UQCRQ	0.63
LIMS3_HUMAN	96626	LIMS3	F219A_HUMAN	203259	FAM219A	0.63
P5I11_HUMAN	9537	TP53I11	DDX58_HUMAN	23586	DDX58	0.63
SMAP_HUMAN	10944	C11orf58	RAGP1_HUMAN	5905	RANGAP1	0.63
ZN865_HUMAN	100507290	ZNF865	LTBP2_HUMAN	4053	LTBP2	0.63
CA105_HUMAN	92346	C1orf105	SBK3_HUMAN			0.63
CF222_HUMAN	389384	C6orf222	GRPE1_HUMAN	80273	GRPEL1	0.63
CX001_HUMAN	9142	SLITRK2	FYN_HUMAN	2534	FYN	0.63
F163B_HUMAN	642968	FAM163B	PP2BC_HUMAN	5533	PPP3CC	0.63
P5I11_HUMAN	9537	TP53I11	ATX1_HUMAN	6310	ATXN1	0.63
SMAP_HUMAN	10944	C11orf58	CE126_HUMAN	57562	CEP126	0.63
GG12G_HUMAN	26748, 100008586, 645073, 2579	GAGE12I, GAGE12F, GAGE12G, GAGE7	EX3L2_HUMAN	90332	EXOC3L2	0.63
CF047_HUMAN	57827	C6orf47	MD2L1_HUMAN	4085	MAD2L1	0.63
EFC14_HUMAN	9813	EFCAB14	LEG1_HUMAN	3956	LGALS1	0.63
P5I11_HUMAN	9537	TP53I11	RNF4_HUMAN	6047	RNF4	0.63
SMAP_HUMAN	10944	C11orf58	M4K2_HUMAN	5871	MAP4K2	0.63
GG12G_HUMAN	26748, 100008586, 645073, 2579	GAGE12I, GAGE12F, GAGE12G, GAGE7	PKHF2_HUMAN	79666	PLEKHF2	0.63
ZN865_HUMAN	100507290	ZNF865	TEX19_HUMAN	400629	TEX19	0.63
AN34C_HUMAN	390616	ANKRD34C	ECHA_HUMAN	3030	HADHA	0.63
CF222_HUMAN	389384	C6orf222	B2CL1_HUMAN	598	BCL2L1	0.63
CX001_HUMAN	9142	SLITRK2	CS029_HUMAN	58509	CACTIN	0.63
CX001_HUMAN	9142	SLITRK2	CWC25_HUMAN	54883	CWC25	0.63
PNM6A_HUMAN	100287428, 100287466, 84968	PNMA6A, PNMA6B, PNMA6A	BRCA2_HUMAN	675	BRCA2	0.63
AN34C_HUMAN	390616	ANKRD34C	MGST3_HUMAN	4259	MGST3	0.63
LEU1_HUMAN	10301	DLEU1	GDF9_HUMAN	2661	GDF9	0.63
P5I11_HUMAN	9537	TP53I11	EMD_HUMAN	2010	EMD	0.63
SPDE6_HUMAN	729597	SPDYE6	KR171_HUMAN	83902	KRTAP17-1	0.63
ZN865_HUMAN	100507290	ZNF865	ABT1_HUMAN	29777	ABT1	0.63
AN34C_HUMAN	390616	ANKRD34C	TFAM_HUMAN	7019	TFAM	0.63
CF222_HUMAN	389384	C6orf222	UBP7_HUMAN	7874	USP7	0.63
CX001_HUMAN	9142	SLITRK2	DOCK7_HUMAN	85440	DOCK7	0.63
LEU1_HUMAN	10301	DLEU1	CE126_HUMAN	57562	CEP126	0.63
PNM6A_HUMAN	100287428, 100287466, 84968	PNMA6A, PNMA6B, PNMA6A	MOAP1_HUMAN	64112	MOAP1	0.63
AN34C_HUMAN	390616	ANKRD34C	NDUS7_HUMAN	374291	NDUFS7	0.63
LIMS3_HUMAN	96626	LIMS3		642612	TRIM49C	0.63
SMAP_HUMAN	10944	C11orf58	IMB1_HUMAN	3837	KPNB1	0.63
YPEL1_HUMAN	29799	YPEL1	FUS_HUMAN	2521	FUS	0.63
ZN865_HUMAN	100507290	ZNF865	VIR_HUMAN	25962	VIRMA	0.63
CA105_HUMAN	92346	C1orf105	CP048_HUMAN	84080	ENKD1	0.63
CF222_HUMAN	389384	C6orf222	FAD1_HUMAN	80308	FLAD1	0.63
CX001_HUMAN	9142	SLITRK2	DMBT1_HUMAN	1755	DMBT1	0.63
F163B_HUMAN	642968	FAM163B	PP2BB_HUMAN	5532	PPP3CB	0.63
SMAP_HUMAN	10944	C11orf58	SNCAP_HUMAN	9627	SNCAIP	0.63
HMN1_HUMAN	100462977	MTRNR2L1	EFTS_HUMAN	10102	TSFM	0.63
CF047_HUMAN	57827	C6orf47	PPAL_HUMAN	53	ACP2	0.63
EFC14_HUMAN	9813	EFCAB14	KIF14_HUMAN	9928	KIF14	0.63
SMAP_HUMAN	10944	C11orf58	NONO_HUMAN	4841	NONO	0.63
ZN865_HUMAN	100507290	ZNF865	PRR3_HUMAN	80742	PRR3	0.63
AN34C_HUMAN	390616	ANKRD34C	NDUS1_HUMAN	4719	NDUFS1	0.63
CF222_HUMAN	389384	C6orf222	IPO4_HUMAN	79711	IPO4	0.63
CX001_HUMAN	9142	SLITRK2	CC137_HUMAN	339230	CCDC137	0.63
CX001_HUMAN	9142	SLITRK2	DGCR8_HUMAN	54487	DGCR8	0.63
PNM6A_HUMAN	100287428, 100287466, 84968	PNMA6A, PNMA6B, PNMA6A	EXPH5_HUMAN	23086	EXPH5	0.63
AN34C_HUMAN	390616	ANKRD34C	COX7R_HUMAN	9167	COX7A2L	0.63
P5I11_HUMAN	9537	TP53I11	RPN1_HUMAN	6184	RPN1	0.63
SPAG7_HUMAN	9552	SPAG7	H31_HUMAN	8350, 8351, 8352, 8353, 8354, 8355, 8356, 8357, 8358, 8968	HIST1H3A, HIST1H3D, HIST1H3C, HIST1H3E, HIST1H3I, HIST1H3G, HIST1H3J, HIST1H3H, HIST1H3B, HIST1H3F	0.63
THEGL_HUMAN	100506564	THEGL	BRCA1_HUMAN	672	BRCA1	0.63
ZN865_HUMAN	100507290	ZNF865	KRT83_HUMAN	3889	KRT83	0.63
AN34C_HUMAN	390616	ANKRD34C	NIPS1_HUMAN	8508	NIPSNAP1	0.63
CF222_HUMAN	389384	C6orf222	1433G_HUMAN	7532	YWHAG	0.63
CX001_HUMAN	9142	SLITRK2	PR38A_HUMAN	84950	PRPF38A	0.63
LEU1_HUMAN	10301	DLEU1	ABCF3_HUMAN	55324	ABCF3	0.63
PRY_HUMAN	442862, 9081	PRY2, PRY	DCA10_HUMAN	79269	DCAF10	0.63
BCL8_HUMAN	606	NBEAP1	HNRPL_HUMAN	3191	HNRNPL	0.63
LIMS3_HUMAN	96626	LIMS3	YPEL3_HUMAN	83719	YPEL3	0.63
SMAP_HUMAN	10944	C11orf58	EGLN3_HUMAN	112399	EGLN3	0.63
CF228_HUMAN	221710	SMIM13	TNIP2_HUMAN	79155	TNIP2	0.63
ZN865_HUMAN	100507290	ZNF865	NANOG_HUMAN	100293888, 79923	NANOG, NANOG	0.63
ZN865_HUMAN	100507290	ZNF865	ANKS3_HUMAN	124401	ANKS3	0.63
CA105_HUMAN	92346	C1orf105	RPAC1_HUMAN	9533	POLR1C	0.63
CF222_HUMAN	389384	C6orf222	WDR83_HUMAN	84292	WDR83	0.63
CX001_HUMAN	9142	SLITRK2	KC1G3_HUMAN	1456	CSNK1G3	0.63
F163B_HUMAN	642968	FAM163B	DPP9_HUMAN	91039	DPP9	0.63
PNM6A_HUMAN	100287428, 100287466, 84968	PNMA6A, PNMA6B, PNMA6A	CC103_HUMAN	388389	CCDC103	0.63
SMAP_HUMAN	10944	C11orf58	RLA1_HUMAN	6176	RPLP1	0.63
HMN1_HUMAN	100462977	MTRNR2L1	EF1A1_HUMAN	1915	EEF1A1	0.63
CF047_HUMAN	57827	C6orf47	DHB11_HUMAN	51170	HSD17B11	0.63
P5I11_HUMAN	9537	TP53I11	ESR2_HUMAN	2100	ESR2	0.63
SMAP_HUMAN	10944	C11orf58	CRCM_HUMAN	4163	MCC	0.63
SMAP_HUMAN	10944	C11orf58	NAA40_HUMAN	79829	NAA40	0.63
HMN8_HUMAN	100463486	MTRNR2L8	TRI25_HUMAN	7706	TRIM25	0.63
ZN865_HUMAN	100507290	ZNF865	RL17_HUMAN	6139	RPL17	0.63
AN34C_HUMAN	390616	ANKRD34C	NDUV1_HUMAN	4723	NDUFV1	0.63
CF222_HUMAN	389384	C6orf222	TBC17_HUMAN	79735	TBC1D17	0.63
CX001_HUMAN	9142	SLITRK2	EFR3A_HUMAN	23167	EFR3A	0.63
CX001_HUMAN	9142	SLITRK2	IGJ_HUMAN	3512	JCHAIN	0.63
PNM6A_HUMAN	100287428, 100287466, 84968	PNMA6A, PNMA6B, PNMA6A	TP4AP_HUMAN	26133	TRPC4AP	0.63
AN34C_HUMAN	390616	ANKRD34C	NDUS8_HUMAN	4728	NDUFS8	0.63
CN038_HUMAN	729665	CCDC175	STAG2_HUMAN	10735	STAG2	0.63
LEU1_HUMAN	10301	DLEU1	ABCD4_HUMAN	5826	ABCD4	0.63
P5I11_HUMAN	9537	TP53I11	P53_HUMAN	7157	TP53	0.63
SMAP_HUMAN	10944	C11orf58	SAHH2_HUMAN	10768	AHCYL1	0.63
SPAG7_HUMAN	9552	SPAG7	LMNA_HUMAN	4000	LMNA	0.63
ZN865_HUMAN	100507290	ZNF865	RT25_HUMAN	64432	MRPS25	0.63
AN34C_HUMAN	390616	ANKRD34C	MTCH2_HUMAN	23788	MTCH2	0.63
CF222_HUMAN	389384	C6orf222	1433E_HUMAN	7531	YWHAE	0.63
CX001_HUMAN	9142	SLITRK2	LRCH3_HUMAN	84859	LRCH3	0.63
LEU1_HUMAN	10301	DLEU1	ARL8B_HUMAN	55207	ARL8B	0.63
SMAP_HUMAN	10944	C11orf58	CTL1_HUMAN	23446	SLC44A1	0.63
CA105_HUMAN	92346	C1orf105	PSA3_HUMAN	5684	PSMA3	0.63
LIMS3_HUMAN	96626	LIMS3	ARI5A_HUMAN	10865	ARID5A	0.63
CF228_HUMAN	221710	SMIM13	TRI25_HUMAN	7706	TRIM25	0.63
ZN865_HUMAN	100507290	ZNF865	LURA1_HUMAN	541468	LURAP1	0.63
CA105_HUMAN	92346	C1orf105		100130827	SBK3	0.63
CX001_HUMAN	9142	SLITRK2	PIGR_HUMAN	5284	PIGR	0.63
F163B_HUMAN	642968	FAM163B	JIP4_HUMAN	9043	SPAG9	0.63
PNM6A_HUMAN	100287428, 100287466, 84968	PNMA6A, PNMA6B, PNMA6A	CRX_HUMAN	1406	CRX	0.63
SMAP_HUMAN	10944	C11orf58	SHC1_HUMAN	6464	SHC1	0.63
HMN1_HUMAN	100462977	MTRNR2L1	MPP8_HUMAN	54737	MPHOSPH8	0.63
CF047_HUMAN	57827	C6orf47	SC61B_HUMAN	10952	SEC61B	0.63
LEU1_HUMAN	10301	DLEU1	EF1A1_HUMAN	1915	EEF1A1	0.63
SMAP_HUMAN	10944	C11orf58	1B42_HUMAN	3106	HLA-B	0.63
SNG4_HUMAN	23546	SYNGR4	GLP1R_HUMAN	2740	GLP1R	0.63
HMN8_HUMAN	100463486	MTRNR2L8	VIR_HUMAN	25962	VIRMA	0.63
ZN865_HUMAN	100507290	ZNF865	FRIL_HUMAN	2512	FTL	0.63
AN34C_HUMAN	390616	ANKRD34C	NDUA9_HUMAN	4704	NDUFA9	0.63
CF222_HUMAN	389384	C6orf222	MK14_HUMAN	1432	MAPK14	0.63
CX001_HUMAN	9142	SLITRK2	MPRIP_HUMAN	23164	MPRIP	0.63
CX001_HUMAN	9142	SLITRK2	IGHA1_HUMAN	3493	IGHA1	0.63
PNM6A_HUMAN	100287428, 100287466, 84968	PNMA6A, PNMA6B, PNMA6A	TUSC2_HUMAN	11334	TUSC2	0.63
AN34C_HUMAN	390616	ANKRD34C	CY1_HUMAN	1537	CYC1	0.63
CN038_HUMAN	729665	CCDC175	P53_HUMAN	7157	TP53	0.63
LEU1_HUMAN	10301	DLEU1	SETB1_HUMAN	9869	SETDB1	0.63
P5I11_HUMAN	9537	TP53I11	SC61B_HUMAN	10952	SEC61B	0.63
SMAP_HUMAN	10944	C11orf58	PSB2_HUMAN	5690	PSMB2	0.63
SPAG7_HUMAN	9552	SPAG7	NAA40_HUMAN	79829	NAA40	0.63
ZN865_HUMAN	100507290	ZNF865	OASL_HUMAN	8638	OASL	0.63
AN34C_HUMAN	390616	ANKRD34C	PHB2_HUMAN	11331	PHB2	0.63
CF222_HUMAN	389384	C6orf222	1433Z_HUMAN	7534	YWHAZ	0.63
CX001_HUMAN	9142	SLITRK2		494115	RBMXL1	0.63
F163B_HUMAN	642968	FAM163B	UBQL1_HUMAN	29979	UBQLN1	0.63
LEU1_HUMAN	10301	DLEU1	CC90B_HUMAN	60492	CCDC90B	0.63
SMAP_HUMAN	10944	C11orf58	EF1G_HUMAN	1937	EEF1G	0.63
IQCF3_HUMAN	401067	IQCF3	UBQL2_HUMAN	29978	UBQLN2	0.63
LIMS3_HUMAN	96626	LIMS3	CRX_HUMAN	1406	CRX	0.63
PNM6A_HUMAN	100287428, 100287466, 84968	PNMA6A, PNMA6B, PNMA6A	RN125_HUMAN	54941	RNF125	0.63
SMAP_HUMAN	10944	C11orf58	M4K1_HUMAN	11184	MAP4K1	0.63
CS077_HUMAN	284422	SMIM24	S22A1_HUMAN	6580	SLC22A1	0.63
ZN883_HUMAN	169834	ZNF883	CC125_HUMAN	202243	CCDC125	0.63
CF047_HUMAN	57827	C6orf47	FGFR3_HUMAN	2261	FGFR3	0.63
CN176_HUMAN	643382	TMEM253	RPGF5_HUMAN	9771	RAPGEF5	0.63
CX001_HUMAN	9142	SLITRK2	MYO1D_HUMAN	4642	MYO1D	0.63
F163B_HUMAN	642968	FAM163B	PDLI7_HUMAN	9260	PDLIM7	0.63
PNM6A_HUMAN	100287428, 100287466, 84968	PNMA6A, PNMA6B, PNMA6A	ARMC7_HUMAN	79637	ARMC7	0.63
SMAP_HUMAN	10944	C11orf58	RN19A_HUMAN	25897	RNF19A	0.63
HMN1_HUMAN	100462977	MTRNR2L1	TRIM2_HUMAN	23321	TRIM2	0.63
CF047_HUMAN	57827	C6orf47	F105A_HUMAN	54491	OTULINL	0.63
P5I11_HUMAN	9537	TP53I11	RASN_HUMAN	4893	NRAS	0.63
SMAP_HUMAN	10944	C11orf58	IKKE_HUMAN	9641	IKBKE	0.63
SPAG7_HUMAN	9552	SPAG7	ABHGA_HUMAN	7920	ABHD16A	0.63
ZN865_HUMAN	100507290	ZNF865	NOTC2_HUMAN	4853	NOTCH2	0.63
AN34C_HUMAN	390616	ANKRD34C	MIC10_HUMAN	440574	MICOS10	0.63
CF222_HUMAN	389384	C6orf222	DCA16_HUMAN	54876	DCAF16	0.63
CX001_HUMAN	9142	SLITRK2	CYTSA_HUMAN	23384	SPECC1L	0.63
CX001_HUMAN	9142	SLITRK2	IGHA2_HUMAN	3494	IGHA2	0.63
PNM6A_HUMAN	100287428, 100287466, 84968	PNMA6A, PNMA6B, PNMA6A	S27A2_HUMAN	11001	SLC27A2	0.63
SMAP_HUMAN	10944	C11orf58	HYPK_HUMAN	25764	HYPK	0.63
AN34C_HUMAN	390616	ANKRD34C	NUDC2_HUMAN	134492	NUDCD2	0.63
CN038_HUMAN	729665	CCDC175	PDS5A_HUMAN	23244	PDS5A	0.63
P5I11_HUMAN	9537	TP53I11	SSRA_HUMAN	6745	SSR1	0.63
SPAG7_HUMAN	9552	SPAG7	CBX3_HUMAN	11335	CBX3	0.63
ZN865_HUMAN	100507290	ZNF865	RL13_HUMAN	6137	RPL13	0.63
AN34C_HUMAN	390616	ANKRD34C	TOM5_HUMAN	401505	TOMM5	0.63
CF222_HUMAN	389384	C6orf222	UBP34_HUMAN	9736	USP34	0.63
F163B_HUMAN	642968	FAM163B	FKB10_HUMAN	60681	FKBP10	0.63
LEU1_HUMAN	10301	DLEU1	TBB2A_HUMAN	7280	TUBB2A	0.63
SMAP_HUMAN	10944	C11orf58	PTN_HUMAN	5764	PTN	0.63
CF047_HUMAN	57827	C6orf47	ENOG_HUMAN	2026	ENO2	0.63
ISK4_HUMAN	27290	SPINK4	SGTB_HUMAN	54557	SGTB	0.63
LIMS3_HUMAN	96626	LIMS3	KR111_HUMAN	337880	KRTAP11-1	0.63
PNM6A_HUMAN	100287428, 100287466, 84968	PNMA6A, PNMA6B, PNMA6A	PNMA2_HUMAN	10687	PNMA2	0.63
SMAP_HUMAN	10944	C11orf58	XRCC6_HUMAN	2547	XRCC6	0.63
CTGE8_HUMAN			MIA2_HUMAN	117153	MIA2	0.63
CF047_HUMAN	57827	C6orf47	SELK_HUMAN	58515	SELENOK	0.63
CP003_HUMAN	750	GAS8-AS1	EF1A2_HUMAN	1917	EEF1A2	0.63
CX001_HUMAN	9142	SLITRK2	MYO5B_HUMAN	4645	MYO5B	0.63
F163B_HUMAN	642968	FAM163B	CCNB2_HUMAN	9133	CCNB2	0.63
PNM6A_HUMAN	100287428, 100287466, 84968	PNMA6A, PNMA6B, PNMA6A	ERGI2_HUMAN	51290	ERGIC2	0.63
SMAP_HUMAN	10944	C11orf58	MBTP1_HUMAN	8720	MBTPS1	0.63
HMN1_HUMAN	100462977	MTRNR2L1	PRDX1_HUMAN	5052	PRDX1	0.63
CF047_HUMAN	57827	C6orf47	AT2A1_HUMAN	487	ATP2A1	0.63
LEU1_HUMAN	10301	DLEU1	UT14A_HUMAN	10813	UTP14A	0.63
SMAP_HUMAN	10944	C11orf58	SLX4_HUMAN	84464	SLX4	0.63
ZN865_HUMAN	100507290	ZNF865	CUL9_HUMAN	23113	CUL9	0.63
AN34C_HUMAN	390616	ANKRD34C	ODPB_HUMAN	5162	PDHB	0.63
CF222_HUMAN	389384	C6orf222	ANKH1_HUMAN	404734, 54882	ANKHD1-EIF4EBP3, ANKHD1	0.63
CX001_HUMAN	9142	SLITRK2	ZC3HD_HUMAN	23091	ZC3H13	0.63
CX001_HUMAN	9142	SLITRK2	MYO5C_HUMAN	55930	MYO5C	0.63
PNM6A_HUMAN	100287428, 100287466, 84968	PNMA6A, PNMA6B, PNMA6A	SEC63_HUMAN	11231	SEC63	0.63
SMAP_HUMAN	10944	C11orf58	PTMA_HUMAN	5757	PTMA	0.63
AN34C_HUMAN	390616	ANKRD34C	NDUA4_HUMAN	4697	NDUFA4	0.63
CN038_HUMAN	729665	CCDC175	SMC1A_HUMAN	8243	SMC1A	0.63
LIMS3_HUMAN	96626	LIMS3	GMCLL_HUMAN	64396	GMCL2	0.63
P5I11_HUMAN	9537	TP53I11	DHB11_HUMAN	51170	HSD17B11	0.63
SPAG7_HUMAN	9552	SPAG7	BRD3_HUMAN	8019	BRD3	0.63
ZN865_HUMAN	100507290	ZNF865	MR1L1_HUMAN	114932	MRFAP1L1	0.63
AN34C_HUMAN	390616	ANKRD34C	ATPG_HUMAN	509	ATP5F1C	0.63
CF222_HUMAN	389384	C6orf222	BAX_HUMAN	581	BAX	0.63
CX001_HUMAN	9142	SLITRK2	BPIA1_HUMAN	51297	BPIFA1	0.63
F163B_HUMAN	642968	FAM163B	TSPY2_HUMAN	64591	TSPY2	0.63
LEU1_HUMAN	10301	DLEU1	TBB2B_HUMAN	347733	TUBB2B	0.63
SMAP_HUMAN	10944	C11orf58	RPB3_HUMAN	5432	POLR2C	0.63
ISK4_HUMAN	27290	SPINK4	PLM_HUMAN	5348	FXYD1	0.63
MLN_HUMAN	4295	MLN	TMX2_HUMAN	51075	TMX2	0.63
PNM6A_HUMAN	100287428, 100287466, 84968	PNMA6A, PNMA6B, PNMA6A	KI2L4_HUMAN	3805	KIR2DL4	0.63
SMAP_HUMAN	10944	C11orf58	TE2IP_HUMAN	54386	TERF2IP	0.63
DC8L2_HUMAN			VASP_HUMAN	7408	VASP	0.63
ZN865_HUMAN	100507290	ZNF865	PNMA2_HUMAN	10687	PNMA2	0.63
AN34C_HUMAN	390616	ANKRD34C	IR3IP_HUMAN	51124	IER3IP1	0.63
CF047_HUMAN	57827	C6orf47	PRAF1_HUMAN	10567	RABAC1	0.63
CX001_HUMAN	9142	SLITRK2	MYO1E_HUMAN	4643	MYO1E	0.63
F163B_HUMAN	642968	FAM163B	KCC2D_HUMAN	817	CAMK2D	0.63
PNM6A_HUMAN	100287428, 100287466, 84968	PNMA6A, PNMA6B, PNMA6A	CYHR1_HUMAN	50626	CYHR1	0.63
SMAP_HUMAN	10944	C11orf58	ZBT48_HUMAN	3104	ZBTB48	0.63
HMN1_HUMAN	100462977	MTRNR2L1	PSA5_HUMAN	5686	PSMA5	0.63
CF047_HUMAN	57827	C6orf47	NK3R_HUMAN	6870	TACR3	0.63
LEU1_HUMAN	10301	DLEU1	UBR1_HUMAN	197131	UBR1	0.63
P5I11_HUMAN	9537	TP53I11	RASK_HUMAN	3845	KRAS	0.63
SMAP_HUMAN	10944	C11orf58	CCNT1_HUMAN	904	CCNT1	0.63
SPAG7_HUMAN	9552	SPAG7	NLE1_HUMAN	54475	NLE1	0.63
ZN865_HUMAN	100507290	ZNF865	KAZD1_HUMAN	81621	KAZALD1	0.63
AN34C_HUMAN	390616	ANKRD34C	PHB_HUMAN	5245	PHB	0.63
CF222_HUMAN	389384	C6orf222	MTHR_HUMAN	4524	MTHFR	0.63
CX001_HUMAN	9142	SLITRK2	DCA13_HUMAN	25879	DCAF13	0.63
CX001_HUMAN	9142	SLITRK2	PR38B_HUMAN	55119	PRPF38B	0.63
PNM6A_HUMAN	100287428, 100287466, 84968	PNMA6A, PNMA6B, PNMA6A	HS71L_HUMAN	3305	HSPA1L	0.63
SMAP_HUMAN	10944	C11orf58	NP1L1_HUMAN	4673	NAP1L1	0.63
AN34C_HUMAN	390616	ANKRD34C	ODPA_HUMAN	5160	PDHA1	0.63
CN176_HUMAN	643382	TMEM253	TBA1B_HUMAN	10376	TUBA1B	0.63
LIMS3_HUMAN	96626	LIMS3	CJ055_HUMAN	414236	C10orf55	0.63
P5I11_HUMAN	9537	TP53I11	BAP31_HUMAN	10134	BCAP31	0.63
SMAP_HUMAN	10944	C11orf58	PRDX6_HUMAN	9588	PRDX6	0.63
SPAG7_HUMAN	9552	SPAG7	PSDE_HUMAN	10213	PSMD14	0.63
ZN865_HUMAN	100507290	ZNF865	FBLN5_HUMAN	10516	FBLN5	0.63
CF222_HUMAN	389384	C6orf222	PDLI5_HUMAN	10611	PDLIM5	0.63
CX001_HUMAN	9142	SLITRK2	UTP11_HUMAN	51118	UTP11	0.63
F163B_HUMAN	642968	FAM163B	IDE_HUMAN	3416	IDE	0.63
LEU1_HUMAN	10301	DLEU1	GOPC_HUMAN	57120	GOPC	0.63
SMAP_HUMAN	10944	C11orf58	FBN3_HUMAN	84467	FBN3	0.63
EFC14_HUMAN	9813	EFCAB14	ELAV1_HUMAN	1994	ELAVL1	0.63
P5I11_HUMAN	9537	TP53I11	TECT3_HUMAN	26123	TCTN3	0.63
S14L5_HUMAN	9717	SEC14L5	FOXA1_HUMAN	3169	FOXA1	0.63
SMAP_HUMAN	10944	C11orf58	NSD2_HUMAN	7468	NSD2	0.63
EBLN1_HUMAN			STAG2_HUMAN	10735	STAG2	0.63
ZN865_HUMAN	100507290	ZNF865	LRAD1_HUMAN	388633	LDLRAD1	0.63
AN34C_HUMAN	390616	ANKRD34C	SCPDL_HUMAN	51097	SCCPDH	0.63
CF047_HUMAN	57827	C6orf47	MEST_HUMAN	4232	MEST	0.63
CX001_HUMAN	9142	SLITRK2	MYO5A_HUMAN	4644	MYO5A	0.63
F163B_HUMAN	642968	FAM163B	KCC2G_HUMAN	818	CAMK2G	0.63
PNM6A_HUMAN	100287428, 100287466, 84968	PNMA6A, PNMA6B, PNMA6A	CKLF6_HUMAN	54918	CMTM6	0.63
HMN1_HUMAN	100462977	MTRNR2L1	IPYR_HUMAN	5464	PPA1	0.63
CF047_HUMAN	57827	C6orf47	CP058_HUMAN	64755	C16orf58	0.63
LEU1_HUMAN	10301	DLEU1	EF1G_HUMAN	1937	EEF1G	0.63
P5I11_HUMAN	9537	TP53I11	NIPA3_HUMAN	152519	NIPAL1	0.63
SMAP_HUMAN	10944	C11orf58	RCN1_HUMAN	5954	RCN1	0.63
SPAG7_HUMAN	9552	SPAG7	EWS_HUMAN	2130	EWSR1	0.63
RD3L_HUMAN	647286	RD3L	GRP75_HUMAN	3313	HSPA9	0.63
ZN865_HUMAN	100507290	ZNF865	P4HA2_HUMAN	8974	P4HA2	0.63
AN34C_HUMAN	390616	ANKRD34C	VDAC3_HUMAN	7419	VDAC3	0.63
CF222_HUMAN	389384	C6orf222	NAGK_HUMAN	55577	NAGK	0.63
CX001_HUMAN	9142	SLITRK2	TARA_HUMAN	11078	TRIOBP	0.63
CX001_HUMAN	9142	SLITRK2	UACA_HUMAN	55075	UACA	0.63
ISK4_HUMAN	27290	SPINK4	MICA_HUMAN	4276	MICA	0.63
PNM6A_HUMAN	100287428, 100287466, 84968	PNMA6A, PNMA6B, PNMA6A	PDE7A_HUMAN	5150	PDE7A	0.63
SMAP_HUMAN	10944	C11orf58	HMGN5_HUMAN	79366	HMGN5	0.63
AN34C_HUMAN	390616	ANKRD34C	NDUS2_HUMAN	4720	NDUFS2	0.63
LIMS3_HUMAN	96626	LIMS3	KLD7B_HUMAN	113730	KLHDC7B	0.63
P5I11_HUMAN	9537	TP53I11	RPN2_HUMAN	6185	RPN2	0.63
SMAP_HUMAN	10944	C11orf58	PSB7_HUMAN	5695	PSMB7	0.63
SPAG7_HUMAN	9552	SPAG7	LMNB1_HUMAN	4001	LMNB1	0.63
ZN865_HUMAN	100507290	ZNF865	PO5F1_HUMAN	5460	POU5F1	0.63
ZN865_HUMAN	100507290	ZNF865	RL4_HUMAN	6124	RPL4	0.63
