didn't find A0A2U3TZH6 in the database, skipped it
didn't find A0A2U3TZT9 in the database, skipped it
didn't find A0A3B3IRI4 in the database, skipped it
didn't find A0A3B3IRI9 in the database, skipped it
didn't find A0A3B3IRP8 in the database, skipped it
didn't find A0A3B3IS57 in the database, skipped it
didn't find A0A3B3IS68 in the database, skipped it
didn't find A0A3B3ISE4 in the database, skipped it
didn't find A0A3B3ISJ4 in the database, skipped it
didn't find A0A3B3ISS7 in the database, skipped it
didn't find A0A3B3IT04 in the database, skipped it
didn't find A0A3B3IT30 in the database, skipped it
didn't find A0A3B3IT82 in the database, skipped it
didn't find A0A3B3IT84 in the database, skipped it
didn't find A0A3B3IT92 in the database, skipped it
didn't find A0A3B3IT95 in the database, skipped it
didn't find A0A3B3ITE0 in the database, skipped it
didn't find A0A3B3ITP6 in the database, skipped it
didn't find A0A3B3ITV0 in the database, skipped it
didn't find A0A3B3ITW1 in the database, skipped it
didn't find A0A3B3ITZ3 in the database, skipped it
didn't find A0A3B3IU06 in the database, skipped it
didn't find A0A3B3IU45 in the database, skipped it
didn't find A0A494C0B6 in the database, skipped it
didn't find A0A494C105 in the database, skipped it
didn't find A0A494C116 in the database, skipped it
didn't find A0A494C1L1 in the database, skipped it
didn't find A0A499FHX9 in the database, skipped it
didn't find A0A5F9ZGX4 in the database, skipped it
didn't find A0A5F9ZGY0 in the database, skipped it
didn't find A0A5F9ZHI5 in the database, skipped it
didn't find A0A5F9ZHN9 in the database, skipped it
didn't find A0A5F9ZHP6 in the database, skipped it
didn't find A0A5F9ZHU3 in the database, skipped it
didn't find A0A5F9ZHZ9 in the database, skipped it
didn't find A0A5F9ZI12 in the database, skipped it
didn't find A0A5K1VW72 in the database, skipped it
didn't find A0A5K1VW74 in the database, skipped it
didn't find A0A669KA35 in the database, skipped it
didn't find A0A669KBC0 in the database, skipped it
didn't find A0A669KBJ4 in the database, skipped it
didn't find A0A6Q8PFA6 in the database, skipped it
didn't find A0A6Q8PFU3 in the database, skipped it
didn't find A0A6Q8PG37 in the database, skipped it
didn't find A0A6Q8PGH7 in the database, skipped it
didn't find A0A6Q8PH57 in the database, skipped it
didn't find A0A6Q8PHG5 in the database, skipped it
didn't find A0A6Q8PHL9 in the database, skipped it
didn't find A0A7I2V2E0 in the database, skipped it
didn't find A0A7I2V2E3 in the database, skipped it
didn't find A0A7I2V2E9 in the database, skipped it
didn't find A0A7I2V2N8 in the database, skipped it
didn't find A0A7I2V2Q8 in the database, skipped it
didn't find A0A7I2V2U9 in the database, skipped it
didn't find A0A7I2V3B9 in the database, skipped it
didn't find A0A7I2V3E1 in the database, skipped it
didn't find A0A7I2V3I9 in the database, skipped it
didn't find A0A7I2V3N4 in the database, skipped it
didn't find A0A7I2V3X6 in the database, skipped it
didn't find A0A7I2V409 in the database, skipped it
didn't find A0A7I2V466 in the database, skipped it
didn't find A0A7I2V4F7 in the database, skipped it
didn't find A0A7I2V4G7 in the database, skipped it
didn't find A0A7I2V4H0 in the database, skipped it
didn't find A0A7I2V4K8 in the database, skipped it
didn't find A0A7I2V549 in the database, skipped it
didn't find A0A7I2V550 in the database, skipped it
didn't find A0A7I2V5G3 in the database, skipped it
didn't find A0A7I2V602 in the database, skipped it
didn't find A0A7I2V639 in the database, skipped it
didn't find A0A7I2YQC1 in the database, skipped it
didn't find A0A7I2YQF4 in the database, skipped it
didn't find A0A7I2YQF7 in the database, skipped it
didn't find A0A7I2YQK0 in the database, skipped it
didn't find A0A7I2YQR3 in the database, skipped it
didn't find A0A7P0T915 in the database, skipped it
didn't find A0A7P0TAG0 in the database, skipped it
didn't find A0A7P0TBJ1 in the database, skipped it
didn't find A0A7P0Z426 in the database, skipped it
didn't find A0A7P0Z490 in the database, skipped it
didn't find A0A804HIC8 in the database, skipped it
didn't find A0A804HIF1 in the database, skipped it
didn't find A0A804HIU3 in the database, skipped it
didn't find A0A804HJI8 in the database, skipped it
didn't find A0A804HKX5 in the database, skipped it
didn't find A0A804HL01 in the database, skipped it
didn't find A0A804HL56 in the database, skipped it
didn't find A0A804HLJ5 in the database, skipped it
didn't find A0A8I3B1S4 in the database, skipped it
didn't find A0A8I5KP93 in the database, skipped it
didn't find A0A8I5KQE6 in the database, skipped it
didn't find A0A8I5KQZ6 in the database, skipped it
didn't find A0A8I5KRE7 in the database, skipped it
didn't find A0A8I5KRR9 in the database, skipped it
didn't find A0A8I5KRS4 in the database, skipped it
didn't find A0A8I5KRX5 in the database, skipped it
didn't find A0A8I5KS01 in the database, skipped it
didn't find A0A8I5KS03 in the database, skipped it
didn't find A0A8I5KSF9 in the database, skipped it
didn't find A0A8I5KT56 in the database, skipped it
didn't find A0A8I5KUC3 in the database, skipped it
didn't find A0A8I5KVF6 in the database, skipped it
didn't find A0A8I5KVF8 in the database, skipped it
didn't find A0A8I5KVL1 in the database, skipped it
didn't find A0A8I5KVV2 in the database, skipped it
didn't find A0A8I5KWT8 in the database, skipped it
didn't find A0A8I5KXN4 in the database, skipped it
didn't find A0A8I5KYB4 in the database, skipped it
didn't find A0A8I5KYS7 in the database, skipped it
didn't find A0A8I5KZ21 in the database, skipped it
didn't find A0A8I5QJ96 in the database, skipped it
didn't find A0A8I5QJC1 in the database, skipped it
didn't find A0A8I5QJL9 in the database, skipped it
didn't find A0A8I5QJP8 in the database, skipped it
didn't find A0A8I5QKL5 in the database, skipped it
didn't find A0A8I5QKP7 in the database, skipped it
didn't find A0A8J8Z860 in the database, skipped it
didn't find A0A8Q3WLM4 in the database, skipped it
didn't find A0A8V8TL82 in the database, skipped it
didn't find A0A8V8TLA4 in the database, skipped it
didn't find A0A8V8TLT5 in the database, skipped it
didn't find A0A8V8TMN5 in the database, skipped it
didn't find A0A8V8TNH2 in the database, skipped it
didn't find A0A8V8TNN0 in the database, skipped it
didn't find A0A8V8TPK5 in the database, skipped it
didn't find A0A8V8TPV6 in the database, skipped it
didn't find A0A8V8TQ36 in the database, skipped it
didn't find A0A8V8TQ53 in the database, skipped it
didn't find A0A8V8TQ90 in the database, skipped it
didn't find A0A8V8TQT3 in the database, skipped it
didn't find A0A8V8TR52 in the database, skipped it
didn't find A0A994J419 in the database, skipped it
didn't find A0AA34QVZ8 in the database, skipped it
didn't find A0AAQ5BGM1 in the database, skipped it
didn't find A0AAQ5BH67 in the database, skipped it
didn't find A0AAQ5BHT0 in the database, skipped it
didn't find A0AAQ5BHX5 in the database, skipped it
didn't find A0AAQ5BHY1 in the database, skipped it
didn't find A0AAQ5BHZ9 in the database, skipped it
didn't find A0AAQ5BI03 in the database, skipped it
didn't find A0AAQ5BI06 in the database, skipped it
didn't find A0AAQ5BI21 in the database, skipped it
didn't find A2ABF9 in the database, skipped it
didn't find A6NFW1 in the database, skipped it
didn't find A6NGJ7 in the database, skipped it
didn't find A6PVI2 in the database, skipped it
didn't find A6PVV2 in the database, skipped it
didn't find A8MQB8 in the database, skipped it
didn't find B1AKC9 in the database, skipped it
didn't find B1ANL0 in the database, skipped it
didn't find B1APE1 in the database, skipped it
didn't find B1APE2 in the database, skipped it
didn't find B1AXG1 in the database, skipped it
didn't find B2RXH8 in the database, skipped it
didn't find B3KNX7 in the database, skipped it
didn't find B4DDD6 in the database, skipped it
didn't find B4DFY5 in the database, skipped it
didn't find B4DGH8 in the database, skipped it
didn't find B4DGQ7 in the database, skipped it
didn't find B4DIB3 in the database, skipped it
didn't find B4DJ75 in the database, skipped it
didn't find B4DTR1 in the database, skipped it
didn't find B4DXA6 in the database, skipped it
didn't find B4E1K5 in the database, skipped it
didn't find B4E1Q4 in the database, skipped it
didn't find B5MBY2 in the database, skipped it
didn't find B5MCF9 in the database, skipped it
didn't find B7WPK3 in the database, skipped it
didn't find B7Z3B5 in the database, skipped it
didn't find B7Z7U4 in the database, skipped it
didn't find B7ZKJ3 in the database, skipped it
didn't find B7ZKW7 in the database, skipped it
didn't find C0HLU2 in the database, skipped it
didn't find C0HLV8 in the database, skipped it
didn't find C0HM02 in the database, skipped it
didn't find C0HM98 in the database, skipped it
didn't find C0HMA1 in the database, skipped it
didn't find C9IYZ9 in the database, skipped it
didn't find C9J1D1 in the database, skipped it
didn't find C9J9S3 in the database, skipped it
didn't find C9JBM3 in the database, skipped it
didn't find C9JFV2 in the database, skipped it
didn't find C9JI87 in the database, skipped it
didn't find C9JP48 in the database, skipped it
didn't find C9JS65 in the database, skipped it
didn't find C9JZW5 in the database, skipped it
didn't find D6R9G1 in the database, skipped it
didn't find D6R9P1 in the database, skipped it
didn't find D6RA66 in the database, skipped it
didn't find D6RA83 in the database, skipped it
didn't find D6RA96 in the database, skipped it
didn't find D6RBW1 in the database, skipped it
didn't find D6RFM5 in the database, skipped it
didn't find D6W5U7 in the database, skipped it
didn't find E5RGR0 in the database, skipped it
didn't find E5RHD0 in the database, skipped it
didn't find E5RIA9 in the database, skipped it
didn't find E5RJ48 in the database, skipped it
didn't find E7EPB6 in the database, skipped it
didn't find E7EPJ7 in the database, skipped it
didn't find E7EPM6 in the database, skipped it
didn't find E7EQX7 in the database, skipped it
didn't find E7ESA6 in the database, skipped it
didn't find E7ETG2 in the database, skipped it
didn't find E7EU05 in the database, skipped it
didn't find E7EUP3 in the database, skipped it
didn't find E7EUT5 in the database, skipped it
didn't find E7EVA8 in the database, skipped it
didn't find E9PB90 in the database, skipped it
didn't find E9PBK7 in the database, skipped it
didn't find E9PBZ2 in the database, skipped it
didn't find E9PD69 in the database, skipped it
didn't find E9PER6 in the database, skipped it
didn't find E9PG39 in the database, skipped it
didn't find E9PG71 in the database, skipped it
didn't find E9PHX8 in the database, skipped it
didn't find E9PJ54 in the database, skipped it
didn't find E9PJF0 in the database, skipped it
didn't find E9PJF3 in the database, skipped it
didn't find E9PJG7 in the database, skipped it
didn't find E9PJI1 in the database, skipped it
didn't find E9PKQ3 in the database, skipped it
didn't find E9PL17 in the database, skipped it
didn't find E9PLI3 in the database, skipped it
didn't find E9PLL1 in the database, skipped it
didn't find E9PLT1 in the database, skipped it
didn't find E9PM00 in the database, skipped it
didn't find E9PM17 in the database, skipped it
didn't find E9PMD7 in the database, skipped it
didn't find E9PQW4 in the database, skipped it
didn't find E9PQX1 in the database, skipped it
didn't find E9PQZ7 in the database, skipped it
didn't find E9PRL6 in the database, skipped it
didn't find E9PRQ1 in the database, skipped it
didn't find E9PSD4 in the database, skipped it
didn't find E9PSE9 in the database, skipped it
didn't find E9PSI1 in the database, skipped it
didn't find F5GWT4 in the database, skipped it
didn't find F5GZQ3 in the database, skipped it
didn't find F5H0R1 in the database, skipped it
didn't find F5H5U2 in the database, skipped it
didn't find F5H694 in the database, skipped it
didn't find F5H7T0 in the database, skipped it
didn't find F6RJM5 in the database, skipped it
didn't find F6TDF5 in the database, skipped it
didn't find F8VP57 in the database, skipped it
didn't find F8VPD4 in the database, skipped it
didn't find F8VQW8 in the database, skipped it
didn't find F8VQZ7 in the database, skipped it
didn't find F8VR31 in the database, skipped it
didn't find F8VTQ3 in the database, skipped it
didn't find F8VWK8 in the database, skipped it
didn't find F8VX42 in the database, skipped it
didn't find F8VXZ5 in the database, skipped it
didn't find F8VYE8 in the database, skipped it
didn't find F8W022 in the database, skipped it
didn't find F8W062 in the database, skipped it
didn't find F8W0K6 in the database, skipped it
didn't find F8W0N3 in the database, skipped it
didn't find F8W0W8 in the database, skipped it
didn't find F8W1A4 in the database, skipped it
didn't find F8W1R9 in the database, skipped it
didn't find F8W6H5 in the database, skipped it
didn't find G3V0J0 in the database, skipped it
didn't find G3V2J7 in the database, skipped it
didn't find G3V3M6 in the database, skipped it
didn't find G3V450 in the database, skipped it
didn't find G3V4I0 in the database, skipped it
didn't find G3V4M0 in the database, skipped it
didn't find G3V5Q1 in the database, skipped it
didn't find G9CGD6 in the database, skipped it
didn't find H0Y455 in the database, skipped it
didn't find H0Y5J4 in the database, skipped it
didn't find H0Y5V1 in the database, skipped it
didn't find H0Y7R3 in the database, skipped it
didn't find H0Y7T5 in the database, skipped it
didn't find H0Y7V8 in the database, skipped it
didn't find H0Y8E6 in the database, skipped it
didn't find H0Y9P9 in the database, skipped it
didn't find H0Y9Z9 in the database, skipped it
didn't find H0YB71 in the database, skipped it
didn't find H0YBN6 in the database, skipped it
didn't find H0YBP1 in the database, skipped it
didn't find H0YCN8 in the database, skipped it
didn't find H0YCS7 in the database, skipped it
didn't find H0YDJ3 in the database, skipped it
didn't find H0YE57 in the database, skipped it
didn't find H0YEJ5 in the database, skipped it
didn't find H0YIY6 in the database, skipped it
didn't find H0YJI9 in the database, skipped it
didn't find H0YKP9 in the database, skipped it
didn't find H0YME5 in the database, skipped it
didn't find H0YNK6 in the database, skipped it
didn't find H0YNU5 in the database, skipped it
didn't find H0YNV4 in the database, skipped it
didn't find H3BLT0 in the database, skipped it
didn't find H3BMX5 in the database, skipped it
didn't find H3BP20 in the database, skipped it
didn't find H3BRN8 in the database, skipped it
didn't find H3BS10 in the database, skipped it
didn't find H3BTD4 in the database, skipped it
didn't find H3BU85 in the database, skipped it


uniprot id 1	entrez gene id 1	gene name 1	uniprot id 2	entrez gene id 2	gene name 2	score
NACAM_HUMAN	4666	NACA	BTF3_HUMAN	689	BTF3	0.96
NACAM_HUMAN	4666	NACA	BT3L4_HUMAN	91408	BTF3L4	0.92
WIPF3_HUMAN	644150	WIPF3	WASL_HUMAN	8976	WASL	0.89
NACAM_HUMAN	4666	NACA	FADD_HUMAN	8772	FADD	0.88
NACAM_HUMAN	4666	NACA	JUN_HUMAN	3725	JUN	0.88
PTPC1_HUMAN	138639	PTPDC1	MK01_HUMAN	5594	MAPK1	0.87
F127A_HUMAN	8933	RTL8C	PEG10_HUMAN	23089	PEG10	0.87
CQ096_HUMAN	100170841	EPOP	EED_HUMAN	8726	EED	0.87
CQ096_HUMAN	100170841	EPOP	EZH2_HUMAN	2146	EZH2	0.87
CQ096_HUMAN	100170841	EPOP	SUZ12_HUMAN	23512	SUZ12	0.87
CE044_HUMAN	80006	TRAPPC13	TPPC3_HUMAN	27095	TRAPPC3	0.86
EFCB7_HUMAN	84455	EFCAB7	AKA28_HUMAN	158798	AKAP14	0.83
ERI2_HUMAN	112479	ERI2	DJC12_HUMAN	56521	DNAJC12	0.83
WIPF3_HUMAN	644150	WIPF3	GRB2_HUMAN	2885	GRB2	0.83
CQ096_HUMAN	100170841	EPOP	PHF1_HUMAN	5252	PHF1	0.83
EFCB7_HUMAN	84455	EFCAB7	TT23L_HUMAN	153657	TTC23L	0.83
CIB4_HUMAN	130106	CIB4	UBB_HUMAN	7314	UBB	0.83
PTPC1_HUMAN	138639	PTPDC1	CSKP_HUMAN	8573	CASK	0.83
EFCB7_HUMAN	84455	EFCAB7	SP17_HUMAN	53340	SPA17	0.83
WIPF3_HUMAN	644150	WIPF3	NCK2_HUMAN	8440	NCK2	0.83
CQ096_HUMAN	100170841	EPOP	PHF19_HUMAN	26147	PHF19	0.83
EFCB7_HUMAN	84455	EFCAB7	RFFL_HUMAN	117584	RFFL	0.83
MP3B2_HUMAN	643246	MAP1LC3B2	ATG3_HUMAN	64422	ATG3	0.83
PTPC1_HUMAN	138639	PTPDC1	2ABD_HUMAN	55844	PPP2R2D	0.83
CE044_HUMAN	80006	TRAPPC13	COG6_HUMAN	57511	COG6	0.83
PTPC1_HUMAN	138639	PTPDC1	PP2AA_HUMAN	5515	PPP2CA	0.83
MP3B2_HUMAN	643246	MAP1LC3B2	F134B_HUMAN	54463	RETREG1	0.83
NACAM_HUMAN	4666	NACA	PRKN2_HUMAN	5071	PRKN	0.83
CQ089_HUMAN	284184	NDUFAF8	NDUF5_HUMAN	79133	NDUFAF5	0.83
CE044_HUMAN	80006	TRAPPC13	UBB_HUMAN	7314	UBB	0.83
PTPC1_HUMAN	138639	PTPDC1	2AAB_HUMAN	5519	PPP2R1B	0.83
TM223_HUMAN	79064	TMEM223	ERGI3_HUMAN	51614	ERGIC3	0.83
RFPLA_HUMAN	342931	RFPL4A	F90A1_HUMAN	55138	FAM90A1	0.83
CE044_HUMAN	80006	TRAPPC13	TPC12_HUMAN	51112	TRAPPC12	0.83
MP3B2_HUMAN	643246	MAP1LC3B2	TSN3_HUMAN	10099	TSPAN3	0.83
NACAM_HUMAN	4666	NACA	NUPR1_HUMAN	26471	NUPR1	0.83
RFPLA_HUMAN	342931	RFPL4A	RFPLB_HUMAN	442247	RFPL4B	0.83
PTPC1_HUMAN	138639	PTPDC1	2ABA_HUMAN	5520	PPP2R2A	0.83
MP3B2_HUMAN	643246	MAP1LC3B2	SL9A6_HUMAN	10479	SLC9A6	0.82
TM223_HUMAN	79064	TMEM223	KLH22_HUMAN	84861	KLHL22	0.82
POTEC_HUMAN	388468	POTEC	UBP7_HUMAN	7874	USP7	0.82
TM223_HUMAN	79064	TMEM223	TOIP2_HUMAN	163590	TOR1AIP2	0.82
MTMRB_HUMAN	10903	MTMR11	MTM1_HUMAN	4534	MTM1	0.82
TM223_HUMAN	79064	TMEM223	ATP7B_HUMAN	540	ATP7B	0.82
TM223_HUMAN	79064	TMEM223	KCNA5_HUMAN	3741	KCNA5	0.82
CQ096_HUMAN	100170841	EPOP	RBBP7_HUMAN	5931	RBBP7	0.82
POTEC_HUMAN	388468	POTEC	HERC3_HUMAN	8916	HERC3	0.82
CE051_HUMAN	285636	C5orf51	F19A3_HUMAN	284467	TAFA3	0.82
SBNO1_HUMAN	55206	SBNO1	NTAQ1_HUMAN	55093	WDYHV1	0.82
TM223_HUMAN	79064	TMEM223	PCDC2_HUMAN	56134	PCDHAC2	0.82
CE044_HUMAN	80006	TRAPPC13	TPPC1_HUMAN	58485	TRAPPC1	0.82
TM223_HUMAN	79064	TMEM223	ACHA3_HUMAN	1136	CHRNA3	0.82
CE051_HUMAN	285636	C5orf51	LRFN4_HUMAN	78999	LRFN4	0.82
GXLT2_HUMAN	727936	GXYLT2	FBRL_HUMAN	2091	FBL	0.82
ERI2_HUMAN	112479	ERI2	FLNC_HUMAN	2318	FLNC	0.82
CE044_HUMAN	80006	TRAPPC13	TPPC5_HUMAN	126003	TRAPPC5	0.82
MEX3A_HUMAN	92312	MEX3A	ERP44_HUMAN	23071	ERP44	0.82
NACAM_HUMAN	4666	NACA	ESR1_HUMAN	2099	ESR1	0.82
PTPC1_HUMAN	138639	PTPDC1	DCAF7_HUMAN	10238	DCAF7	0.82
TM223_HUMAN	79064	TMEM223	TRDN_HUMAN	10345	TRDN	0.82
MEX3A_HUMAN	92312	MEX3A	PABP1_HUMAN	26986	PABPC1	0.82
NACAM_HUMAN	4666	NACA	RL31_HUMAN	6160	RPL31	0.82
POTEC_HUMAN	388468	POTEC	BAG1_HUMAN	573	BAG1	0.82
CE044_HUMAN	80006	TRAPPC13	TPC2L_HUMAN	51693	TRAPPC2L	0.82
SPDE4_HUMAN	388333	SPDYE4	CKS1_HUMAN	1163	CKS1B	0.82
TM223_HUMAN	79064	TMEM223	CGL_HUMAN	1491	CTH	0.82
CE044_HUMAN	80006	TRAPPC13	TBC14_HUMAN	57533	TBC1D14	0.82
K132L_HUMAN	222223	KIAA1324L	CS075_HUMAN	284369	SIGLECL1	0.82
TM223_HUMAN	79064	TMEM223	CD97_HUMAN	976	ADGRE5	0.82
POTEC_HUMAN	388468	POTEC	POTEF_HUMAN	728378	POTEF	0.82
SIG16_HUMAN	400709	SIGLEC16	SIG10_HUMAN	89790	SIGLEC10	0.82
TM223_HUMAN	79064	TMEM223	PCDA4_HUMAN	56144	PCDHA4	0.82
CAN8_HUMAN	388743	CAPN8	ICAL_HUMAN	831	CAST	0.82
TM223_HUMAN	79064	TMEM223	TTMP_HUMAN	79669	C3orf52	0.82
ZN320_HUMAN	162967	ZNF320	TIF1B_HUMAN	10155	TRIM28	0.82
POTEC_HUMAN	388468	POTEC	KC1A_HUMAN	1452	CSNK1A1	0.82
EFCB7_HUMAN	84455	EFCAB7	RNF34_HUMAN	80196	RNF34	0.82
CAN8_HUMAN	388743	CAPN8	CAN1_HUMAN	823	CAPN1	0.82
SPDE4_HUMAN	388333	SPDYE4	CDK5_HUMAN	1020	CDK5	0.82
TM223_HUMAN	79064	TMEM223	MTHR_HUMAN	4524	MTHFR	0.82
CE044_HUMAN	80006	TRAPPC13	DJC10_HUMAN	54431	DNAJC10	0.82
CQ096_HUMAN	100170841	EPOP	MTF2_HUMAN	22823	MTF2	0.82
PTPC1_HUMAN	138639	PTPDC1	FBX3_HUMAN	26273	FBXO3	0.82
TM223_HUMAN	79064	TMEM223	S39A5_HUMAN	283375	SLC39A5	0.82
POTEC_HUMAN	388468	POTEC	HMMR_HUMAN	3161	HMMR	0.82
EFCB7_HUMAN	84455	EFCAB7	NEUG_HUMAN	4900	NRGN	0.82
GXLT2_HUMAN	727936	GXYLT2	KLRG2_HUMAN	346689	KLRG2	0.82
MTMRB_HUMAN	10903	MTMR11	MTMR2_HUMAN	8898	MTMR2	0.82
MP3B2_HUMAN	643246	MAP1LC3B2	NUFP1_HUMAN	26747	NUFIP1	0.82
SAC31_HUMAN	29901	SAC3D1	PRS33_HUMAN	260429	PRSS33	0.82
CQ096_HUMAN	100170841	EPOP	ELOB_HUMAN	6923	ELOB	0.82
PTPC1_HUMAN	138639	PTPDC1	1433T_HUMAN	10971	YWHAQ	0.82
TM223_HUMAN	79064	TMEM223	CTR1_HUMAN	6541	SLC7A1	0.82
PTPC1_HUMAN	138639	PTPDC1	ARL2_HUMAN	402	ARL2	0.82
GXLT2_HUMAN	727936	GXYLT2	NGN3_HUMAN	50674	NEUROG3	0.82
CQ096_HUMAN	100170841	EPOP	EZH1_HUMAN	2145	EZH1	0.82
PTPC1_HUMAN	138639	PTPDC1	2AAA_HUMAN	5518	PPP2R1A	0.82
POTEC_HUMAN	388468	POTEC	CEP83_HUMAN	51134	CEP83	0.82
MTMRB_HUMAN	10903	MTMR11	TIM50_HUMAN	92609	TIMM50	0.82
TM223_HUMAN	79064	TMEM223	5HT3C_HUMAN	170572	HTR3C	0.82
TM223_HUMAN	79064	TMEM223	NEP_HUMAN	4311	MME	0.82
TM223_HUMAN	79064	TMEM223	TR10B_HUMAN	8795	TNFRSF10B	0.82
TM223_HUMAN	79064	TMEM223	IPPK_HUMAN	64768	IPPK	0.82
GXLT2_HUMAN	727936	GXYLT2	MGT4C_HUMAN	25834	MGAT4C	0.82
TM223_HUMAN	79064	TMEM223	AT12A_HUMAN	479	ATP12A	0.82
NACAM_HUMAN	4666	NACA	RL10_HUMAN	6134	RPL10	0.79
NACAM_HUMAN	4666	NACA	H2AX_HUMAN	3014	H2AFX	0.79
NACAM_HUMAN	4666	NACA	NACA2_HUMAN	342538	NACA2	0.79
C1T9B_HUMAN	387911	C1QTNF9B	C1T9A_HUMAN	338872	C1QTNF9	0.77
AXA2L_HUMAN	304	ANXA2P2	UBP1_HUMAN	7398	USP1	0.76
AXA2L_HUMAN	304	ANXA2P2	UBP53_HUMAN	54532	USP53	0.76
NACAM_HUMAN	4666	NACA	FOS_HUMAN	2353	FOS	0.75
NACAM_HUMAN	4666	NACA	TXLNA_HUMAN	200081	TXLNA	0.75
ZBT7C_HUMAN	201501	ZBTB7C	ZBT17_HUMAN	7709	ZBTB17	0.75
RFPLA_HUMAN	342931	RFPL4A	RFPLA_HUMAN	342931	RFPL4A	0.75
TM223_HUMAN	79064	TMEM223	1C01_HUMAN	3107	HLA-C	0.74
CCD69_HUMAN	26112	CCDC69	RMI1_HUMAN	80010	RMI1	0.73
SH321_HUMAN	79729	SH3D21	EGFR_HUMAN	1956	EGFR	0.73
CCD69_HUMAN	26112	CCDC69	F192A_HUMAN	80011	FAM192A	0.73
PTPC1_HUMAN	138639	PTPDC1	1433Z_HUMAN	7534	YWHAZ	0.73
CCD69_HUMAN	26112	CCDC69	CLH2_HUMAN	8218	CLTCL1	0.73
CCD69_HUMAN	26112	CCDC69	PSMG3_HUMAN	84262	PSMG3	0.73
POTEC_HUMAN	388468	POTEC		317754	POTED	0.73
CCD69_HUMAN	26112	CCDC69	PSMG4_HUMAN	389362	PSMG4	0.73
PTPC1_HUMAN	138639	PTPDC1	TIPRL_HUMAN	261726	TIPRL	0.73
CCD69_HUMAN	26112	CCDC69	GRN_HUMAN	2896	GRN	0.73
CCD69_HUMAN	26112	CCDC69	MTA2_HUMAN	9219	MTA2	0.73
ZBT7C_HUMAN	201501	ZBTB7C	SRBP1_HUMAN	6720	SREBF1	0.73
CCD69_HUMAN	26112	CCDC69	NUDT8_HUMAN	254552	NUDT8	0.73
F127A_HUMAN	8933	RTL8C	UBQL1_HUMAN	29979	UBQLN1	0.73
CE044_HUMAN	80006	TRAPPC13	TPC2A_HUMAN	6399	TRAPPC2	0.73
CCD69_HUMAN	26112	CCDC69	MPPB_HUMAN	9512	PMPCB	0.73
TLCD2_HUMAN	727910	TLCD2	CC50A_HUMAN	55754	TMEM30A	0.73
CCD69_HUMAN	26112	CCDC69	GGPPS_HUMAN	9453	GGPS1	0.73
CCD69_HUMAN	26112	CCDC69	TOP3A_HUMAN	7156	TOP3A	0.73
PTPC1_HUMAN	138639	PTPDC1	1433E_HUMAN	7531	YWHAE	0.73
NACAM_HUMAN	4666	NACA	ZHX1_HUMAN	11244	ZHX1	0.73
CCD69_HUMAN	26112	CCDC69	PSME3_HUMAN	10197	PSME3	0.73
CCD69_HUMAN	26112	CCDC69	MMAD_HUMAN	27249	MMADHC	0.73
CE051_HUMAN	285636	C5orf51	RAB7A_HUMAN	7879	RAB7A	0.73
SAC31_HUMAN	29901	SAC3D1	DX39B_HUMAN	7919	DDX39B	0.73
PTPC1_HUMAN	138639	PTPDC1	1433B_HUMAN	7529	YWHAB	0.73
BICR2_HUMAN	146439	BICDL2	KLC3_HUMAN	147700	KLC3	0.73
CCD69_HUMAN	26112	CCDC69	RMI2_HUMAN	116028	RMI2	0.73
PTPC1_HUMAN	138639	PTPDC1	1433G_HUMAN	7532	YWHAG	0.73
PRR19_HUMAN	284338	PRR19	K1H1_HUMAN	3881	KRT31	0.73
HMX3_HUMAN	340784	HMX3	STALP_HUMAN	57559	STAMBPL1	0.72
SBNO1_HUMAN	55206	SBNO1	SC24C_HUMAN	9632	SEC24C	0.72
CQ096_HUMAN	100170841	EPOP	TBA1C_HUMAN	84790	TUBA1C	0.72
AXA2L_HUMAN	304	ANXA2P2	SH2D3_HUMAN	10044	SH2D3C	0.72
EFCB5_HUMAN	374786	EFCAB5	H15_HUMAN	3009	HIST1H1B	0.72
NACAM_HUMAN	4666	NACA	RHG24_HUMAN	83478	ARHGAP24	0.72
CQ089_HUMAN	284184	NDUFAF8	TTC19_HUMAN	54902	TTC19	0.72
CQ089_HUMAN	284184	NDUFAF8	DHRS4_HUMAN	10901	DHRS4	0.72
WIPF3_HUMAN	644150	WIPF3	DNMBP_HUMAN	23268	DNMBP	0.72
GXLT2_HUMAN	727936	GXYLT2	DPA1_HUMAN	3113	HLA-DPA1	0.72
CQ089_HUMAN	284184	NDUFAF8	STML2_HUMAN	30968	STOML2	0.72
CQ096_HUMAN	100170841	EPOP	RBBP4_HUMAN	5928	RBBP4	0.72
MTMRB_HUMAN	10903	MTMR11	TBB6_HUMAN	84617	TUBB6	0.72
HMX3_HUMAN	340784	HMX3	UBP38_HUMAN	84640	USP38	0.72
MP3B2_HUMAN	643246	MAP1LC3B2	CP058_HUMAN	64755	C16orf58	0.72
SBNO1_HUMAN	55206	SBNO1	CX026_HUMAN	51260	PBDC1	0.72
CQ089_HUMAN	284184	NDUFAF8	TRUB2_HUMAN	26995	TRUB2	0.72
CQ089_HUMAN	284184	NDUFAF8	ATP5H_HUMAN	10476	ATP5PD	0.72
AXA2L_HUMAN	304	ANXA2P2	PEBP1_HUMAN	5037	PEBP1	0.72
MTMRB_HUMAN	10903	MTMR11	FKBP8_HUMAN	23770	FKBP8	0.72
HIG1C_HUMAN	613227	HIGD1C	PAK1_HUMAN	5058	PAK1	0.72
CQ089_HUMAN	284184	NDUFAF8	ECH1_HUMAN	1891	ECH1	0.72
SBNO1_HUMAN	55206	SBNO1	SSRP1_HUMAN	6749	SSRP1	0.72
ZBT7C_HUMAN	201501	ZBTB7C	CDC5L_HUMAN	988	CDC5L	0.72
AXA2L_HUMAN	304	ANXA2P2	AKT1_HUMAN	207	AKT1	0.72
TM223_HUMAN	79064	TMEM223	YIPF3_HUMAN	25844	YIPF3	0.72
MTMRB_HUMAN	10903	MTMR11	DNJA1_HUMAN	3301	DNAJA1	0.72
CQ089_HUMAN	284184	NDUFAF8	CX6A1_HUMAN	1337	COX6A1	0.72
CQ096_HUMAN	100170841	EPOP	PCBP1_HUMAN	5093	PCBP1	0.72
ZBT7C_HUMAN	201501	ZBTB7C	HSC20_HUMAN	150274	HSCB	0.72
CQ089_HUMAN	284184	NDUFAF8	CHCH2_HUMAN	51142	CHCHD2	0.72
AXA2L_HUMAN	304	ANXA2P2	RAC1_HUMAN	5879	RAC1	0.72
FBLL1_HUMAN	345630	FBLL1	CSN5_HUMAN	10987	COPS5	0.72
TM223_HUMAN	79064	TMEM223	UPK1A_HUMAN	11045	UPK1A	0.72
CAN8_HUMAN	388743	CAPN8	FNTB_HUMAN	2342	FNTB	0.72
CQ089_HUMAN	284184	NDUFAF8	STAR7_HUMAN	56910	STARD7	0.72
ERI2_HUMAN	112479	ERI2	CASQ2_HUMAN	845	CASQ2	0.72
MTMRB_HUMAN	10903	MTMR11	AIFM1_HUMAN	9131	AIFM1	0.72
NACAM_HUMAN	4666	NACA	HDGF_HUMAN	3068	HDGF	0.72
CQ089_HUMAN	284184	NDUFAF8	CPT2_HUMAN	1376	CPT2	0.72
DEND3_HUMAN	22898	DENND3	CBR1_HUMAN	873	CBR1	0.72
CQ089_HUMAN	284184	NDUFAF8	PDIP2_HUMAN	26073	POLDIP2	0.72
CQ089_HUMAN	284184	NDUFAF8	PI4KA_HUMAN	5297	PI4KA	0.72
PTPC1_HUMAN	138639	PTPDC1	USP9X_HUMAN	8239	USP9X	0.72
AXA2L_HUMAN	304	ANXA2P2	GRB2_HUMAN	2885	GRB2	0.72
CE044_HUMAN	80006	TRAPPC13	TPPC8_HUMAN	22878	TRAPPC8	0.72
CQ089_HUMAN	284184	NDUFAF8	CLPB_HUMAN	81570	CLPB	0.72
MTMRB_HUMAN	10903	MTMR11	DNJA3_HUMAN	9093	DNAJA3	0.72
PTPC1_HUMAN	138639	PTPDC1	SYHC_HUMAN	3035	HARS	0.72
NACAM_HUMAN	4666	NACA	FINC_HUMAN	2335	FN1	0.72
CQ096_HUMAN	100170841	EPOP	KLH15_HUMAN	80311	KLHL15	0.72
DEND3_HUMAN	22898	DENND3	H31T_HUMAN	8290	HIST3H3	0.72
TM223_HUMAN	79064	TMEM223	PDCD1_HUMAN	5133	PDCD1	0.72
CQ089_HUMAN	284184	NDUFAF8	MPPB_HUMAN	9512	PMPCB	0.72
CQ089_HUMAN	284184	NDUFAF8	MPPA_HUMAN	23203	PMPCA	0.72
CE044_HUMAN	80006	TRAPPC13	KPCD_HUMAN	5580	PRKCD	0.72
TM223_HUMAN	79064	TMEM223	LRRT1_HUMAN	347730	LRRTM1	0.72
GXLT2_HUMAN	727936	GXYLT2	CD70_HUMAN	970	CD70	0.72
MTMRB_HUMAN	10903	MTMR11	LONM_HUMAN	9361	LONP1	0.72
ZBT7C_HUMAN	201501	ZBTB7C	PIAS1_HUMAN	8554	PIAS1	0.72
DEND3_HUMAN	22898	DENND3	H4_HUMAN	121504, 554313, 8294, 8359, 8360, 8361, 8362, 8363, 8364, 8365, 8366, 8367, 8368, 8370	HIST4H4, HIST2H4B, HIST1H4I, HIST1H4A, HIST1H4D, HIST1H4F, HIST1H4K, HIST1H4J, HIST1H4C, HIST1H4H, HIST1H4B, HIST1H4E, HIST1H4L, HIST2H4A	0.72
CQ089_HUMAN	284184	NDUFAF8	MOT1_HUMAN	6566	SLC16A1	0.72
CE044_HUMAN	80006	TRAPPC13	SAMD9_HUMAN	54809	SAMD9	0.72
OTOL1_HUMAN	131149	OTOL1	HNRPM_HUMAN	4670	HNRNPM	0.72
CAN8_HUMAN	388743	CAPN8	RS3_HUMAN	6188	RPS3	0.72
CQ089_HUMAN	284184	NDUFAF8	ATPO_HUMAN	539	ATP5PO	0.72
TM223_HUMAN	79064	TMEM223	PTPRD_HUMAN	5789	PTPRD	0.72
AXA2L_HUMAN	304	ANXA2P2	H2AX_HUMAN	3014	H2AFX	0.72
NACAM_HUMAN	4666	NACA	CUL3_HUMAN	8452	CUL3	0.72
NACAM_HUMAN	4666	NACA	MET14_HUMAN	57721	METTL14	0.72
O14I1_HUMAN	401994	OR14I1	S10AA_HUMAN	6281	S100A10	0.72
CE044_HUMAN	80006	TRAPPC13	FOS_HUMAN	2353	FOS	0.72
EFCB7_HUMAN	84455	EFCAB7	H15_HUMAN	3009	HIST1H1B	0.72
CQ089_HUMAN	284184	NDUFAF8	ATPG_HUMAN	509	ATP5F1C	0.72
MTMRB_HUMAN	10903	MTMR11	IRS4_HUMAN	8471	IRS4	0.72
TM223_HUMAN	79064	TMEM223	RBM27_HUMAN	54439	RBM27	0.72
CQ089_HUMAN	284184	NDUFAF8	RT35_HUMAN	60488	MRPS35	0.72
CQ096_HUMAN	100170841	EPOP	ELOC_HUMAN	6921	ELOC	0.72
GOG8A_HUMAN	23015	GOLGA8A	ACM5_HUMAN	1133	CHRM5	0.72
CQ089_HUMAN	284184	NDUFAF8	NFS1_HUMAN	9054	NFS1	0.72
NACAM_HUMAN	4666	NACA	2AAA_HUMAN	5518	PPP2R1A	0.72
CE044_HUMAN	80006	TRAPPC13	PP4R2_HUMAN	151987	PPP4R2	0.72
FBLL1_HUMAN	345630	FBLL1	ESR1_HUMAN	2099	ESR1	0.72
NACAM_HUMAN	4666	NACA	ATF2_HUMAN	1386	ATF2	0.72
SBNO1_HUMAN	55206	SBNO1	H2B1H_HUMAN	8345	HIST1H2BH	0.72
WASH4_HUMAN	374677	WASH4P	COA7_HUMAN	65260	COA7	0.72
GXLT2_HUMAN	727936	GXYLT2	SG2A2_HUMAN	4250	SCGB2A2	0.72
CCD69_HUMAN	26112	CCDC69	ACOC_HUMAN	48	ACO1	0.72
CQ096_HUMAN	100170841	EPOP	CHD3_HUMAN	1107	CHD3	0.72
TM223_HUMAN	79064	TMEM223	SDCB1_HUMAN	6386	SDCBP	0.72
MP3B2_HUMAN	643246	MAP1LC3B2	KIF3A_HUMAN	11127	KIF3A	0.72
PTPC1_HUMAN	138639	PTPDC1	BBS12_HUMAN	166379	BBS12	0.72
CQ089_HUMAN	284184	NDUFAF8	NDUA5_HUMAN	4698	NDUFA5	0.72
CQ096_HUMAN	100170841	EPOP	CUL3_HUMAN	8452	CUL3	0.72
AXA2L_HUMAN	304	ANXA2P2	ESR2_HUMAN	2100	ESR2	0.72
CQ089_HUMAN	284184	NDUFAF8	TIM50_HUMAN	92609	TIMM50	0.72
MTMRB_HUMAN	10903	MTMR11	COX41_HUMAN	1327	COX4I1	0.72
CE044_HUMAN	80006	TRAPPC13	KPCI_HUMAN	5584	PRKCI	0.72
HIG1C_HUMAN	613227	HIGD1C	KAP0_HUMAN	5573	PRKAR1A	0.72
WASH4_HUMAN	374677	WASH4P	H12_HUMAN	3006	HIST1H1C	0.72
GXLT2_HUMAN	727936	GXYLT2	KCNC4_HUMAN	3749	KCNC4	0.72
CQ089_HUMAN	284184	NDUFAF8	AT5F1_HUMAN	515	ATP5PB	0.72
CQ096_HUMAN	100170841	EPOP	TCPQ_HUMAN	10694	CCT8	0.72
MTMRB_HUMAN	10903	MTMR11	PYR1_HUMAN	790	CAD	0.72
AXA2L_HUMAN	304	ANXA2P2	CUL2_HUMAN	8453	CUL2	0.72
MP3B2_HUMAN	643246	MAP1LC3B2	TR10A_HUMAN	8797	TNFRSF10A	0.72
TM223_HUMAN	79064	TMEM223	LPAR1_HUMAN	1902	LPAR1	0.72
CQ089_HUMAN	284184	NDUFAF8	NDUS3_HUMAN	4722	NDUFS3	0.72
CQ096_HUMAN	100170841	EPOP	HAT1_HUMAN	8520	HAT1	0.72
NACAM_HUMAN	4666	NACA	LRRK2_HUMAN	120892	LRRK2	0.72
CQ089_HUMAN	284184	NDUFAF8	CN159_HUMAN	80017	DGLUCY	0.72
MTMRB_HUMAN	10903	MTMR11	DNJA2_HUMAN	10294	DNAJA2	0.72
CE044_HUMAN	80006	TRAPPC13	CDT1_HUMAN	81620	CDT1	0.72
HIG1C_HUMAN	613227	HIGD1C	HDAC1_HUMAN	3065	HDAC1	0.72
S22AK_HUMAN	440044	SLC22A20P	NDUAD_HUMAN	51079	NDUFA13	0.72
CQ089_HUMAN	284184	NDUFAF8	C1QBP_HUMAN	708	C1QBP	0.72
CQ096_HUMAN	100170841	EPOP	HDAC2_HUMAN	3066	HDAC2	0.72
MTMRB_HUMAN	10903	MTMR11	K1967_HUMAN	57805	CCAR2	0.72
PTPC1_HUMAN	138639	PTPDC1	MK03_HUMAN	5595	MAPK3	0.72
NACAM_HUMAN	4666	NACA	KC1E_HUMAN	1454	CSNK1E	0.70
NACAM_HUMAN	4666	NACA	SUMO1_HUMAN	7341	SUMO1	0.70
NACAM_HUMAN	4666	NACA	AAPK2_HUMAN	5563	PRKAA2	0.70
NACAM_HUMAN	4666	NACA	DDX5_HUMAN	1655	DDX5	0.70
NACAM_HUMAN	4666	NACA	PP1A_HUMAN	5499	PPP1CA	0.70
NACAM_HUMAN	4666	NACA	HSP7C_HUMAN	3312	HSPA8	0.70
NACAM_HUMAN	4666	NACA	CX026_HUMAN	51260	PBDC1	0.70
NACAM_HUMAN	4666	NACA	DNM1L_HUMAN	10059	DNM1L	0.70
NACAM_HUMAN	4666	NACA	MB212_HUMAN	10586	MAB21L2	0.68
ZBT7C_HUMAN	201501	ZBTB7C	JUN_HUMAN	3725	JUN	0.68
NACAM_HUMAN	4666	NACA	PPR18_HUMAN	170954	PPP1R18	0.68
WIPF3_HUMAN	644150	WIPF3	ITSN1_HUMAN	6453	ITSN1	0.68
FBLL1_HUMAN	345630	FBLL1	ESR2_HUMAN	2100	ESR2	0.67
NACAM_HUMAN	4666	NACA	SMYD1_HUMAN	150572	SMYD1	0.67
SH321_HUMAN	79729	SH3D21	ADA10_HUMAN	102	ADAM10	0.65
NACAM_HUMAN	4666	NACA	TBP_HUMAN	6908	TBP	0.65
TMM72_HUMAN	643236	TMEM72	SAM50_HUMAN	25813	SAMM50	0.63
YJEN3_HUMAN	374887	YJEFN3	CBWD3_HUMAN	445571	CBWD3	0.63
C2C4B_HUMAN	388125	C2CD4B	ICE1_HUMAN	23379	ICE1	0.63
C2C4B_HUMAN	388125	C2CD4B	FAT4_HUMAN	79633	FAT4	0.63
AXA2L_HUMAN	304	ANXA2P2	SMUF1_HUMAN	57154	SMURF1	0.63
AXA2L_HUMAN	304	ANXA2P2	PINK1_HUMAN	65018	PINK1	0.63
CE044_HUMAN	80006	TRAPPC13	ZBTB3_HUMAN	79842	ZBTB3	0.63
DAPL1_HUMAN	92196	DAPL1	NUDC2_HUMAN	134492	NUDCD2	0.63
F127A_HUMAN	8933	RTL8C	REL_HUMAN	5966	REL	0.63
FBLL1_HUMAN	345630	FBLL1	PRC1_HUMAN	9055	PRC1	0.63
MEX3A_HUMAN	92312	MEX3A	DAZL_HUMAN	1618	DAZL	0.63
NACAM_HUMAN	4666	NACA	KC1A_HUMAN	1452	CSNK1A1	0.63
NACAM_HUMAN	4666	NACA	ESR2_HUMAN	2100	ESR2	0.63
NACAM_HUMAN	4666	NACA	UFL1_HUMAN	23376	UFL1	0.63
NACAM_HUMAN	4666	NACA	STMN1_HUMAN	3925	STMN1	0.63
PTPC1_HUMAN	138639	PTPDC1	HNRPL_HUMAN	3191	HNRNPL	0.63
SBNO1_HUMAN	55206	SBNO1	BBS1_HUMAN	582	BBS1	0.63
TM223_HUMAN	79064	TMEM223	PCD10_HUMAN	57575	PCDH10	0.63
YJEN3_HUMAN	374887	YJEFN3	HNRPL_HUMAN	3191	HNRNPL	0.63
C2C4B_HUMAN	388125	C2CD4B	SVIL_HUMAN	6840	SVIL	0.63
FM25A_HUMAN	100132929, 643161, 644054, 100133093	FAM25BP, FAM25A, FAM25C, FAM25G	IGLL1_HUMAN	3543	IGLL1	0.63
RFOX3_HUMAN	146713	RBFOX3	KAP0_HUMAN	5573	PRKAR1A	0.63
AQ12B_HUMAN	653437	AQP12B	PCCB_HUMAN	5096	PCCB	0.63
CIB4_HUMAN	130106	CIB4	VASN_HUMAN	114990	VASN	0.63
CQ089_HUMAN	284184	NDUFAF8	RL6_HUMAN	6128	RPL6	0.63
CQ089_HUMAN	284184	NDUFAF8	NDUAA_HUMAN	4705	NDUFA10	0.63
CQ089_HUMAN	284184	NDUFAF8	MTCH1_HUMAN	23787	MTCH1	0.63
CQ089_HUMAN	284184	NDUFAF8	MIC27_HUMAN	139322	APOOL	0.63
GOG8A_HUMAN	23015	GOLGA8A	DMBT1_HUMAN	1755	DMBT1	0.63
HIG1C_HUMAN	613227	HIGD1C	SYT16_HUMAN	83851	SYT16	0.63
PTPC1_HUMAN	138639	PTPDC1	1433F_HUMAN	7533	YWHAH	0.63
PTPC1_HUMAN	138639	PTPDC1	PNMA2_HUMAN	10687	PNMA2	0.63
TMM72_HUMAN	643236	TMEM72	APOB_HUMAN	338	APOB	0.63
ZBT7C_HUMAN	201501	ZBTB7C	BACH2_HUMAN	60468	BACH2	0.63
C2C4B_HUMAN	388125	C2CD4B	FRAS1_HUMAN	80144	FRAS1	0.63
FUCM_HUMAN	282969	FUOM	EEA1_HUMAN	8411	EEA1	0.63
CCD69_HUMAN	26112	CCDC69	PSA3_HUMAN	5684	PSMA3	0.63
CE051_HUMAN	285636	C5orf51	HAT1_HUMAN	8520	HAT1	0.63
HELT_HUMAN	391723	HELT	TAD2A_HUMAN	6871	TADA2A	0.63
MADL2_HUMAN	255275	MYADML2	PDZ1I_HUMAN	10158	PDZK1IP1	0.63
MEX3A_HUMAN	92312	MEX3A	4ET_HUMAN	56478	EIF4ENIF1	0.63
NACAM_HUMAN	4666	NACA	MCM2_HUMAN	4171	MCM2	0.63
NACAM_HUMAN	4666	NACA	PGAM1_HUMAN	5223	PGAM1	0.63
ODF3B_HUMAN	440836	ODF3B	SPTA1_HUMAN	6708	SPTA1	0.63
RAB19_HUMAN	401409	RAB19	GOLM1_HUMAN	51280	GOLM1	0.63
SBNO1_HUMAN	55206	SBNO1	MCM4_HUMAN	4173	MCM4	0.63
SBNO1_HUMAN	55206	SBNO1	NUP50_HUMAN	10762	NUP50	0.63
TMM72_HUMAN	643236	TMEM72	TM237_HUMAN	65062	TMEM237	0.63
ZN320_HUMAN	162967	ZNF320	RLA0_HUMAN	6175	RPLP0	0.63
D11L8_HUMAN			AVIL_HUMAN	10677	AVIL	0.63
FUCM_HUMAN	282969	FUOM	NUDC1_HUMAN	84955	NUDCD1	0.63
SRTM1_HUMAN	400120	SERTM1	LRC4C_HUMAN	57689	LRRC4C	0.63
AQ12B_HUMAN	653437	AQP12B	TIPRL_HUMAN	261726	TIPRL	0.63
AQ12B_HUMAN	653437	AQP12B	SPG7_HUMAN	6687	SPG7	0.63
CCD69_HUMAN	26112	CCDC69	MYH7_HUMAN	4625	MYH7	0.63
CQ089_HUMAN	284184	NDUFAF8	BAX_HUMAN	581	BAX	0.63
CQ089_HUMAN	284184	NDUFAF8	NDK3_HUMAN	4832	NME3	0.63
CQ089_HUMAN	284184	NDUFAF8	NDUV2_HUMAN	4729	NDUFV2	0.63
CQ089_HUMAN	284184	NDUFAF8	PTGR2_HUMAN	145482	PTGR2	0.63
DAPL1_HUMAN	92196	DAPL1	FND3B_HUMAN	64778	FNDC3B	0.63
GOG8A_HUMAN	23015	GOLGA8A	PERM_HUMAN	4353	MPO	0.63
PRR19_HUMAN	284338	PRR19	SPB8_HUMAN	5271	SERPINB8	0.63
PTPC1_HUMAN	138639	PTPDC1	DDB1_HUMAN	100290337, 1642	LOC100290337, DDB1	0.63
SAC31_HUMAN	29901	SAC3D1	WDR5_HUMAN	11091	WDR5	0.63
SPDE4_HUMAN	388333	SPDYE4	CATB_HUMAN	1508	CTSB	0.63
TMM72_HUMAN	643236	TMEM72	WFS1_HUMAN	7466	WFS1	0.63
BICR2_HUMAN	146439	BICDL2	T10IP_HUMAN	254187	TSGA10IP	0.63
C2C4B_HUMAN	388125	C2CD4B	KPBB_HUMAN	5257	PHKB	0.63
AXA2L_HUMAN	304	ANXA2P2	MIC1_HUMAN	29919	RMC1	0.63
CE044_HUMAN	80006	TRAPPC13	PEA15_HUMAN	8682	PEA15	0.63
EFCB7_HUMAN	84455	EFCAB7	TTC23_HUMAN	64927	TTC23	0.63
FBLL1_HUMAN	345630	FBLL1	EP300_HUMAN	2033	EP300	0.63
HIG1C_HUMAN	613227	HIGD1C	APOC1_HUMAN	341	APOC1	0.63
MEX3A_HUMAN	92312	MEX3A	G3BP1_HUMAN	10146	G3BP1	0.63
MEX3A_HUMAN	92312	MEX3A	DDX3X_HUMAN	1654	DDX3X	0.63
NACAM_HUMAN	4666	NACA	DLDH_HUMAN	1738	DLD	0.63
NACAM_HUMAN	4666	NACA	WDR5_HUMAN	11091	WDR5	0.63
NACAM_HUMAN	4666	NACA	P85A_HUMAN	5295	PIK3R1	0.63
PRR19_HUMAN	284338	PRR19	MEOX2_HUMAN	4223	MEOX2	0.63
SAC31_HUMAN	29901	SAC3D1	DSS1_HUMAN	7979	SEM1	0.63
SBNO1_HUMAN	55206	SBNO1	ANR49_HUMAN	54851	ANKRD49	0.63
TLCD2_HUMAN	727910	TLCD2	CKLF5_HUMAN	116173	CMTM5	0.63
TM223_HUMAN	79064	TMEM223	TSN15_HUMAN	23555	TSPAN15	0.63
ZN320_HUMAN	162967	ZNF320	RL34_HUMAN	6164	RPL34	0.63
EP2A2_HUMAN			RL10_HUMAN	6134	RPL10	0.63
AQ12B_HUMAN	653437	AQP12B	PEBB_HUMAN	865	CBFB	0.63
CE051_HUMAN	285636	C5orf51	CJ082_HUMAN	143379	C10orf82	0.63
CQ089_HUMAN	284184	NDUFAF8	RT4I1_HUMAN	84816	RTN4IP1	0.63
CQ089_HUMAN	284184	NDUFAF8	MPCP_HUMAN	5250	SLC25A3	0.63
CQ089_HUMAN	284184	NDUFAF8	SAM50_HUMAN	25813	SAMM50	0.63
FIGL2_HUMAN	401720	FIGNL2	EFHD1_HUMAN	80303	EFHD1	0.63
GOG8B_HUMAN	440270	GOLGA8B	FMR1_HUMAN	2332	FMR1	0.63
NACAM_HUMAN	4666	NACA	LMO7_HUMAN	4008	LMO7	0.63
PTPC1_HUMAN	138639	PTPDC1	MTA2_HUMAN	9219	MTA2	0.63
SPDE4_HUMAN	388333	SPDYE4	GPKOW_HUMAN	27238	GPKOW	0.63
SPDE4_HUMAN	388333	SPDYE4	EXOS2_HUMAN	23404	EXOSC2	0.63
TMM72_HUMAN	643236	TMEM72	ERD23_HUMAN	11015	KDELR3	0.63
YJEN3_HUMAN	374887	YJEFN3	UBR3_HUMAN	130507	UBR3	0.63
C2C4B_HUMAN	388125	C2CD4B	ZSWM8_HUMAN	23053	ZSWIM8	0.63
CE060_HUMAN	285679	C5orf60	KR109_HUMAN	386676	KRTAP10-9	0.63
AXA2L_HUMAN	304	ANXA2P2	RFA1_HUMAN	6117	RPA1	0.63
AXA2L_HUMAN	304	ANXA2P2	SNIP1_HUMAN	79753	SNIP1	0.63
CE044_HUMAN	80006	TRAPPC13	RAB43_HUMAN	339122	RAB43	0.63
DEND3_HUMAN	22898	DENND3	YAP1_HUMAN	10413	YAP1	0.63
F127A_HUMAN	8933	RTL8C	NCUG1_HUMAN	112770	GLMP	0.63
FBLL1_HUMAN	345630	FBLL1	TRI66_HUMAN	9866	TRIM66	0.63
MEX3A_HUMAN	92312	MEX3A	YTHD3_HUMAN	253943	YTHDF3	0.63
NACAM_HUMAN	4666	NACA	U5S1_HUMAN	9343	EFTUD2	0.63
NACAM_HUMAN	4666	NACA	K1688_HUMAN	80728	ARHGAP39	0.63
PTPC1_HUMAN	138639	PTPDC1	ERBB3_HUMAN	2065	ERBB3	0.63
SBNO1_HUMAN	55206	SBNO1	HSP7C_HUMAN	3312	HSPA8	0.63
TM223_HUMAN	79064	TMEM223	PCDA8_HUMAN	56140	PCDHA8	0.63
YJEN3_HUMAN	374887	YJEFN3	PSDE_HUMAN	10213	PSMD14	0.63
C2C4B_HUMAN	388125	C2CD4B	SCN4A_HUMAN	6329	SCN4A	0.63
FM25A_HUMAN	100132929, 643161, 644054, 100133093	FAM25BP, FAM25A, FAM25C, FAM25G	LCN1_HUMAN	3933	LCN1	0.63
RFOX3_HUMAN	146713	RBFOX3	F136A_HUMAN	84908	FAM136A	0.63
AQ12B_HUMAN	653437	AQP12B	PCCA_HUMAN	5095	PCCA	0.63
CQ089_HUMAN	284184	NDUFAF8	COX5A_HUMAN	9377	COX5A	0.63
CQ089_HUMAN	284184	NDUFAF8	COX8A_HUMAN	1351	COX8A	0.63
CQ089_HUMAN	284184	NDUFAF8	HXK2_HUMAN	3099	HK2	0.63
GOG8A_HUMAN	23015	GOLGA8A	ELAV4_HUMAN	1996	ELAVL4	0.63
HMX2_HUMAN	3167	HMX2		64077	LHPP	0.63
NACAM_HUMAN	4666	NACA	RIF1_HUMAN	55183	RIF1	0.63
PTPC1_HUMAN	138639	PTPDC1	WDR6_HUMAN	11180	WDR6	0.63
SPDE4_HUMAN	388333	SPDYE4	CDK1_HUMAN	983	CDK1	0.63
SPDE4_HUMAN	388333	SPDYE4	BRD3_HUMAN	8019	BRD3	0.63
TMM72_HUMAN	643236	TMEM72	CAV2_HUMAN	858	CAV2	0.63
ZBT7C_HUMAN	201501	ZBTB7C	ZBT7A_HUMAN	51341	ZBTB7A	0.63
C2C4B_HUMAN	388125	C2CD4B	GPR98_HUMAN	84059	ADGRV1	0.63
FUCM_HUMAN	282969	FUOM	TOM34_HUMAN	10953	TOMM34	0.63
FBLL1_HUMAN	345630	FBLL1	SUMO1_HUMAN	7341	SUMO1	0.63
HELT_HUMAN	391723	HELT	KRA61_HUMAN	337966	KRTAP6-1	0.63
MADL2_HUMAN	255275	MYADML2	EVI2B_HUMAN	2124	EVI2B	0.63
MEX3A_HUMAN	92312	MEX3A	FUBP3_HUMAN	8939	FUBP3	0.63
NACAM_HUMAN	4666	NACA	MYC_HUMAN	4609	MYC	0.63
ODF3B_HUMAN	440836	ODF3B	MDFI_HUMAN	4188	MDFI	0.63
RAB19_HUMAN	401409	RAB19	KR108_HUMAN	386681	KRTAP10-8	0.63
SBNO1_HUMAN	55206	SBNO1	TEBP_HUMAN	10728	PTGES3	0.63
TMM72_HUMAN	643236	TMEM72	B2L13_HUMAN	23786	BCL2L13	0.63
ZN320_HUMAN	162967	ZNF320	FBLN5_HUMAN	10516	FBLN5	0.63
D11L8_HUMAN			CDC16_HUMAN	8881	CDC16	0.63
FUCM_HUMAN	282969	FUOM	F19A3_HUMAN	284467	TAFA3	0.63
SRTM1_HUMAN	400120	SERTM1	M4A4A_HUMAN	51338	MS4A4A	0.63
AQ12B_HUMAN	653437	AQP12B	THTPA_HUMAN	79178	THTPA	0.63
AQ12B_HUMAN	653437	AQP12B	CIAO1_HUMAN	9391	CIAO1	0.63
CCD69_HUMAN	26112	CCDC69	MYH8_HUMAN	4626	MYH8	0.63
CQ089_HUMAN	284184	NDUFAF8	CQ089_HUMAN	284184	NDUFAF8	0.63
CQ089_HUMAN	284184	NDUFAF8	NDUB1_HUMAN	4707	NDUFB1	0.63
CQ089_HUMAN	284184	NDUFAF8	NIPS1_HUMAN	8508	NIPSNAP1	0.63
CQ089_HUMAN	284184	NDUFAF8	ADT2_HUMAN	292	SLC25A5	0.63
CQ089_HUMAN	284184	NDUFAF8	ATD3B_HUMAN	83858	ATAD3B	0.63
GOG8A_HUMAN	23015	GOLGA8A	SG2A1_HUMAN	4246	SCGB2A1	0.63
PTPC1_HUMAN	138639	PTPDC1	CASK_HUMAN	1448	CSN3	0.63
PTPC1_HUMAN	138639	PTPDC1	NUP88_HUMAN	4927	NUP88	0.63
SAC31_HUMAN	29901	SAC3D1	DDX3X_HUMAN	1654	DDX3X	0.63
TM223_HUMAN	79064	TMEM223	1C07_HUMAN	3107	HLA-C	0.63
TMM72_HUMAN	643236	TMEM72	LCLT1_HUMAN	253558	LCLAT1	0.63
BICR2_HUMAN	146439	BICDL2	CDK17_HUMAN	5128	CDK17	0.63
C2C4B_HUMAN	388125	C2CD4B	TRBP2_HUMAN	6895	TARBP2	0.63
AXA2L_HUMAN	304	ANXA2P2	CF081_HUMAN	221481	ARMC12	0.63
CQ089_HUMAN	284184	NDUFAF8	ECI2_HUMAN	10455	ECI2	0.63
EFCB7_HUMAN	84455	EFCAB7	PRC1_HUMAN	9055	PRC1	0.63
FBLL1_HUMAN	345630	FBLL1	ECT2_HUMAN	1894	ECT2	0.63
MEX3A_HUMAN	92312	MEX3A	UNK_HUMAN	85451	UNK	0.63
NACAM_HUMAN	4666	NACA	LARP7_HUMAN	51574	LARP7	0.63
NACAM_HUMAN	4666	NACA	NMRL1_HUMAN	57407	NMRAL1	0.63
PRR19_HUMAN	284338	PRR19	KR108_HUMAN	386681	KRTAP10-8	0.63
SAC31_HUMAN	29901	SAC3D1	VPS29_HUMAN	51699	VPS29	0.63
SBNO1_HUMAN	55206	SBNO1	ZBTB2_HUMAN	57621	ZBTB2	0.63
TLCD2_HUMAN	727910	TLCD2	TSN1_HUMAN	10103	TSPAN1	0.63
TM223_HUMAN	79064	TMEM223	KCNK1_HUMAN	3775	KCNK1	0.63
ZN320_HUMAN	162967	ZNF320	PURG_HUMAN	29942	PURG	0.63
EP2A2_HUMAN			OTUB1_HUMAN	55611	OTUB1	0.63
GXLT2_HUMAN	727936	GXYLT2	OS9_HUMAN	10956	OS9	0.63
AQ12B_HUMAN	653437	AQP12B	CL023_HUMAN	90488	TMEM263	0.63
CE051_HUMAN	285636	C5orf51	CCZ1_HUMAN	221960, 51622	CCZ1B, CCZ1	0.63
CQ089_HUMAN	284184	NDUFAF8	NDUS1_HUMAN	4719	NDUFS1	0.63
CQ089_HUMAN	284184	NDUFAF8	NDUAB_HUMAN	126328	NDUFA11	0.63
CQ089_HUMAN	284184	NDUFAF8	ADT3_HUMAN	293	SLC25A6	0.63
HELT_HUMAN	391723	HELT	MAGAC_HUMAN	4111	MAGEA12	0.63
MTMRB_HUMAN	10903	MTMR11	CMA1_HUMAN	1215	CMA1	0.63
NACAM_HUMAN	4666	NACA	FKBP3_HUMAN	2287	FKBP3	0.63
PTPC1_HUMAN	138639	PTPDC1	PIMT_HUMAN	5110	PCMT1	0.63
PTPC1_HUMAN	138639	PTPDC1	PP6R3_HUMAN	55291	PPP6R3	0.63
SPDE4_HUMAN	388333	SPDYE4	TBC13_HUMAN	54662	TBC1D13	0.63
SPDE4_HUMAN	388333	SPDYE4	RM45_HUMAN	84311	MRPL45	0.63
TMM72_HUMAN	643236	TMEM72	ERD22_HUMAN	11014	KDELR2	0.63
YJEN3_HUMAN	374887	YJEFN3	FEM1B_HUMAN	10116	FEM1B	0.63
C2C4B_HUMAN	388125	C2CD4B	PASK_HUMAN	23178	PASK	0.63
CE060_HUMAN	285679	C5orf60	NT2NL_HUMAN	388677	NOTCH2NLA	0.63
AXA2L_HUMAN	304	ANXA2P2	RFA2_HUMAN	6118	RPA2	0.63
AXA2L_HUMAN	304	ANXA2P2	PTEN_HUMAN	5728	PTEN	0.63
CE044_HUMAN	80006	TRAPPC13	TPC6B_HUMAN	122553	TRAPPC6B	0.63
DEND3_HUMAN	22898	DENND3	MYC_HUMAN	4609	MYC	0.63
F127A_HUMAN	8933	RTL8C	NPY2R_HUMAN	4887	NPY2R	0.63
FBLL1_HUMAN	345630	FBLL1	CHM4C_HUMAN	92421	CHMP4C	0.63
HMX3_HUMAN	340784	HMX3	PKHA4_HUMAN	57664	PLEKHA4	0.63
MEX3A_HUMAN	92312	MEX3A	CELF1_HUMAN	10658	CELF1	0.63
MP3B2_HUMAN	643246	MAP1LC3B2	B2L13_HUMAN	23786	BCL2L13	0.63
NACAM_HUMAN	4666	NACA	UBD_HUMAN	10537	UBD	0.63
NACAM_HUMAN	4666	NACA	RPTOR_HUMAN	57521	RPTOR	0.63
NACAM_HUMAN	4666	NACA	BRD4_HUMAN	23476	BRD4	0.63
NACAM_HUMAN	4666	NACA	UBQL2_HUMAN	29978	UBQLN2	0.63
PTPC1_HUMAN	138639	PTPDC1	LMTK1_HUMAN	9625	AATK	0.63
SBNO1_HUMAN	55206	SBNO1	BRD4_HUMAN	23476	BRD4	0.63
TM223_HUMAN	79064	TMEM223	CREL1_HUMAN	78987	CRELD1	0.63
C2C4B_HUMAN	388125	C2CD4B	MPDZ_HUMAN	8777	MPDZ	0.63
FM25A_HUMAN	100132929, 643161, 644054, 100133093	FAM25BP, FAM25A, FAM25C, FAM25G	GPDA_HUMAN	2819	GPD1	0.63
RHG42_HUMAN	143872	ARHGAP42	CRK_HUMAN	1398	CRK	0.63
AQ12B_HUMAN	653437	AQP12B	GRP75_HUMAN	3313	HSPA9	0.63
CQ089_HUMAN	284184	NDUFAF8	TBB5_HUMAN	203068	TUBB	0.63
CQ089_HUMAN	284184	NDUFAF8	TBA1B_HUMAN	10376	TUBA1B	0.63
CQ089_HUMAN	284184	NDUFAF8	NDUA7_HUMAN	4701	NDUFA7	0.63
CQ089_HUMAN	284184	NDUFAF8	NDUA9_HUMAN	4704	NDUFA9	0.63
CQ089_HUMAN	284184	NDUFAF8	ACSL1_HUMAN	2180	ACSL1	0.63
CQ096_HUMAN	100170841	EPOP	AEBP2_HUMAN	121536	AEBP2	0.63
GOG8A_HUMAN	23015	GOLGA8A	CYTS_HUMAN	1472	CST4	0.63
HMX2_HUMAN	3167	HMX2	CALB2_HUMAN	794	CALB2	0.63
NACAM_HUMAN	4666	NACA	FLNB_HUMAN	2317	FLNB	0.63
PTPC1_HUMAN	138639	PTPDC1	CC28A_HUMAN	25901	CCDC28A	0.63
PTPC1_HUMAN	138639	PTPDC1	KIF1A_HUMAN	547	KIF1A	0.63
SPDE4_HUMAN	388333	SPDYE4	AGAL_HUMAN	2717	GLA	0.63
SPDE4_HUMAN	388333	SPDYE4	ERC6L_HUMAN	54821	ERCC6L	0.63
TMM72_HUMAN	643236	TMEM72	MGST3_HUMAN	4259	MGST3	0.63
ZBT7C_HUMAN	201501	ZBTB7C	ZBT7B_HUMAN	100293130, 51043	LOC100293130, ZBTB7B	0.63
C2C4B_HUMAN	388125	C2CD4B	CELR2_HUMAN	1952	CELSR2	0.63
FUCM_HUMAN	282969	FUOM	RN123_HUMAN	63891	RNF123	0.63
FBLL1_HUMAN	345630	FBLL1	PAF15_HUMAN	9768	PCLAF	0.63
HELT_HUMAN	391723	HELT	KRA62_HUMAN	337967	KRTAP6-2	0.63
MADL2_HUMAN	255275	MYADML2	AR13B_HUMAN	200894	ARL13B	0.63
MEX3A_HUMAN	92312	MEX3A	YTHD2_HUMAN	51441	YTHDF2	0.63
NACAM_HUMAN	4666	NACA	APLP1_HUMAN	333	APLP1	0.63
NACAM_HUMAN	4666	NACA	EWS_HUMAN	2130	EWSR1	0.63
NACAM_HUMAN	4666	NACA	K0556_HUMAN	23247	KIAA0556	0.63
NACAM_HUMAN	4666	NACA	PARK7_HUMAN	11315	PARK7	0.63
ODF3B_HUMAN	440836	ODF3B	ACTN3_HUMAN	89	ACTN3	0.63
RAB19_HUMAN	401409	RAB19	RAB3B_HUMAN	5865	RAB3B	0.63
SBNO1_HUMAN	55206	SBNO1	ESR2_HUMAN	2100	ESR2	0.63
SBNO1_HUMAN	55206	SBNO1	MED17_HUMAN	9440	MED17	0.63
TMM72_HUMAN	643236	TMEM72	CXA8_HUMAN	2703	GJA8	0.63
ZN320_HUMAN	162967	ZNF320	RBM4B_HUMAN	83759	RBM4B	0.63
D11L8_HUMAN			OLFM4_HUMAN	10562	OLFM4	0.63
SRTM1_HUMAN	400120	SERTM1	TMHS_HUMAN	222662	LHFPL5	0.63
AQ12B_HUMAN	653437	AQP12B	DCC1_HUMAN	79075	DSCC1	0.63
AQ12B_HUMAN	653437	AQP12B	RABL3_HUMAN	285282	RABL3	0.63
CCD69_HUMAN	26112	CCDC69	LONM_HUMAN	9361	LONP1	0.63
CQ089_HUMAN	284184	NDUFAF8	RM54_HUMAN	116541	MRPL54	0.63
CQ089_HUMAN	284184	NDUFAF8	NDUS6_HUMAN	4726	NDUFS6	0.63
CQ089_HUMAN	284184	NDUFAF8	ACACA_HUMAN	31	ACACA	0.63
CQ089_HUMAN	284184	NDUFAF8	NDUAD_HUMAN	51079	NDUFA13	0.63
CQ089_HUMAN	284184	NDUFAF8	RCN2_HUMAN	5955	RCN2	0.63
GOG8A_HUMAN	23015	GOLGA8A	ZN483_HUMAN	158399	ZNF483	0.63
NACAM_HUMAN	4666	NACA	RBM8A_HUMAN	9939	RBM8A	0.63
PTPC1_HUMAN	138639	PTPDC1	PRPS3_HUMAN	221823	PRPS1L1	0.63
PTPC1_HUMAN	138639	PTPDC1	PP2AB_HUMAN	5516	PPP2CB	0.63
SBNO1_HUMAN	55206	SBNO1	RTN4_HUMAN	57142	RTN4	0.63
SPDE4_HUMAN	388333	SPDYE4	UBP7_HUMAN	7874	USP7	0.63
SPDE4_HUMAN	388333	SPDYE4	CDK2_HUMAN	1017	CDK2	0.63
TM223_HUMAN	79064	TMEM223	MBRL_HUMAN	91304	TMEM259	0.63
TMM72_HUMAN	643236	TMEM72	DJC11_HUMAN	55735	DNAJC11	0.63
BICR2_HUMAN	146439	BICDL2	PKP1_HUMAN	5317	PKP1	0.63
C2C4B_HUMAN	388125	C2CD4B	FZD3_HUMAN	7976	FZD3	0.63
SRTM1_HUMAN	400120	SERTM1	TMM19_HUMAN	55266	TMEM19	0.63
AXA2L_HUMAN	304	ANXA2P2	CCNF_HUMAN	899	CCNF	0.63
CQ096_HUMAN	100170841	EPOP	NXF1_HUMAN	10482	NXF1	0.63
ERI2_HUMAN	112479	ERI2	PTBP3_HUMAN	9991	PTBP3	0.63
FBLL1_HUMAN	345630	FBLL1	SRSF5_HUMAN	6430	SRSF5	0.63
HIG1C_HUMAN	613227	HIGD1C	MTEF3_HUMAN	51001	MTERF3	0.63
MP3B2_HUMAN	643246	MAP1LC3B2	MLP3B_HUMAN	81631	MAP1LC3B	0.63
NACAM_HUMAN	4666	NACA	RAD21_HUMAN	5885	RAD21	0.63
NACAM_HUMAN	4666	NACA	BRCA1_HUMAN	672	BRCA1	0.63
NACAM_HUMAN	4666	NACA	PRC1_HUMAN	9055	PRC1	0.63
NACAM_HUMAN	4666	NACA	BRD7_HUMAN	29117	BRD7	0.63
PRR19_HUMAN	284338	PRR19	ATL4_HUMAN	54507	ADAMTSL4	0.63
SAC31_HUMAN	29901	SAC3D1	TTC4_HUMAN	7268	TTC4	0.63
SBNO1_HUMAN	55206	SBNO1	CDC42_HUMAN	998	CDC42	0.63
TLCD2_HUMAN	727910	TLCD2	RPN1_HUMAN	6184	RPN1	0.63
TM223_HUMAN	79064	TMEM223	BSCL2_HUMAN	26580	BSCL2	0.63
ZN320_HUMAN	162967	ZNF320	SPXN2_HUMAN	494119	SPANXN2	0.63
FM25A_HUMAN	100132929, 643161, 644054, 100133093	FAM25BP, FAM25A, FAM25C, FAM25G	ZFAN3_HUMAN	60685	ZFAND3	0.63
GXLT2_HUMAN	727936	GXYLT2	RAMP2_HUMAN	10266	RAMP2	0.63
AQ12B_HUMAN	653437	AQP12B	CIB1_HUMAN	10519	CIB1	0.63
CQ089_HUMAN	284184	NDUFAF8	ABCD3_HUMAN	5825	ABCD3	0.63
CQ089_HUMAN	284184	NDUFAF8	NDUAC_HUMAN	55967	NDUFA12	0.63
CQ089_HUMAN	284184	NDUFAF8	COX7R_HUMAN	9167	COX7A2L	0.63
GOG8A_HUMAN	23015	GOLGA8A	HSPB1_HUMAN	3315	HSPB1	0.63
HELT_HUMAN	391723	HELT	SORT_HUMAN	6272	SORT1	0.63
MTMRB_HUMAN	10903	MTMR11	HSP7C_HUMAN	3312	HSPA8	0.63
NACAM_HUMAN	4666	NACA	BGAL_HUMAN	2720	GLB1	0.63
PTPC1_HUMAN	138639	PTPDC1	UBP47_HUMAN	55031	USP47	0.63
SPDE4_HUMAN	388333	SPDYE4	TYK2_HUMAN	7297	TYK2	0.63
SPDE4_HUMAN	388333	SPDYE4	SKP2_HUMAN	6502	SKP2	0.63
TMM72_HUMAN	643236	TMEM72	SGMR1_HUMAN	10280	SIGMAR1	0.63
YJEN3_HUMAN	374887	YJEFN3	NBEA_HUMAN	26960	NBEA	0.63
C2C4B_HUMAN	388125	C2CD4B	MACF1_HUMAN	23499	MACF1	0.63
FUCM_HUMAN	282969	FUOM	EF1A2_HUMAN	1917	EEF1A2	0.63
AXA2L_HUMAN	304	ANXA2P2	RFA3_HUMAN	6119	RPA3	0.63
AXA2L_HUMAN	304	ANXA2P2	KIF14_HUMAN	9928	KIF14	0.63
CE044_HUMAN	80006	TRAPPC13	OTUB2_HUMAN	78990	OTUB2	0.63
DEND3_HUMAN	22898	DENND3	MLP3A_HUMAN	84557	MAP1LC3A	0.63
F127A_HUMAN	8933	RTL8C	S15A1_HUMAN	6564	SLC15A1	0.63
FBLL1_HUMAN	345630	FBLL1	CTRO_HUMAN	11113	CIT	0.63
HMX3_HUMAN	340784	HMX3	DCPS_HUMAN	28960	DCPS	0.63
MEX3A_HUMAN	92312	MEX3A	LS14A_HUMAN	26065	LSM14A	0.63
MP3B2_HUMAN	643246	MAP1LC3B2	NPC1_HUMAN	4864	NPC1	0.63
NACAM_HUMAN	4666	NACA	SODC_HUMAN	6647	SOD1	0.63
NACAM_HUMAN	4666	NACA	RBM39_HUMAN	9584	RBM39	0.63
NACAM_HUMAN	4666	NACA	CSN5_HUMAN	10987	COPS5	0.63
SBNO1_HUMAN	55206	SBNO1	TCP4_HUMAN	10923	SUB1	0.63
SBNO1_HUMAN	55206	SBNO1	RPA34_HUMAN	10849	CD3EAP	0.63
TM223_HUMAN	79064	TMEM223	KCNA2_HUMAN	3737	KCNA2	0.63
CE060_HUMAN	285679	C5orf60	K1C40_HUMAN	125115	KRT40	0.63
FM25A_HUMAN	100132929, 643161, 644054, 100133093	FAM25BP, FAM25A, FAM25C, FAM25G	TO20L_HUMAN	387990	TOMM20L	0.63
RHG42_HUMAN	143872	ARHGAP42	DEFI6_HUMAN	50619	DEF6	0.63
AQ12B_HUMAN	653437	AQP12B	HXK1_HUMAN	3098	HK1	0.63
CQ089_HUMAN	284184	NDUFAF8	SPIN1_HUMAN	10927	SPIN1	0.63
CQ089_HUMAN	284184	NDUFAF8	NDUB4_HUMAN	4710	NDUFB4	0.63
CQ089_HUMAN	284184	NDUFAF8	MIC60_HUMAN	10989	IMMT	0.63
CQ089_HUMAN	284184	NDUFAF8	ADCK3_HUMAN	56997	COQ8A	0.63
CQ096_HUMAN	100170841	EPOP	CJ012_HUMAN	26148	LCOR	0.63
GOG8A_HUMAN	23015	GOLGA8A	CATG_HUMAN	1511	CTSG	0.63
RAB19_HUMAN	401409	RAB19	MSS4_HUMAN	5877	RABIF	0.63
SPDE4_HUMAN	388333	SPDYE4	DNJA1_HUMAN	3301	DNAJA1	0.63
SPDE4_HUMAN	388333	SPDYE4	DNMT1_HUMAN	1786	DNMT1	0.63
TMM72_HUMAN	643236	TMEM72	NU5M_HUMAN	4540	ND5	0.63
ZBT7C_HUMAN	201501	ZBTB7C	ZBTB3_HUMAN	79842	ZBTB3	0.63
C2C4B_HUMAN	388125	C2CD4B	ZN496_HUMAN	84838	ZNF496	0.63
FUCM_HUMAN	282969	FUOM	PRC2A_HUMAN	7916	PRRC2A	0.63
CE051_HUMAN	285636	C5orf51	PHP14_HUMAN	29085	PHPT1	0.63
HELT_HUMAN	391723	HELT	BAG3_HUMAN	9531	BAG3	0.63
MADL2_HUMAN	255275	MYADML2	NTCP_HUMAN	6554	SLC10A1	0.63
MEX3A_HUMAN	92312	MEX3A	IF2B2_HUMAN	10644	IGF2BP2	0.63
NACAM_HUMAN	4666	NACA	CBWD2_HUMAN	150472	CBWD2	0.63
ODF3B_HUMAN	440836	ODF3B	HSF2B_HUMAN	11077	HSF2BP	0.63
RAB19_HUMAN	401409	RAB19	RB33A_HUMAN	9363	RAB33A	0.63
SBNO1_HUMAN	55206	SBNO1	EP15R_HUMAN	58513	EPS15L1	0.63
SBNO1_HUMAN	55206	SBNO1	TE2IP_HUMAN	54386	TERF2IP	0.63
TMM72_HUMAN	643236	TMEM72	PIGY_HUMAN	84992	PIGY	0.63
ZN320_HUMAN	162967	ZNF320	LTBP2_HUMAN	4053	LTBP2	0.63
D11L8_HUMAN			FA9_HUMAN	2158	F9	0.63
SRTM1_HUMAN	400120	SERTM1	IF3M_HUMAN	219402	MTIF3	0.63
AQ12B_HUMAN	653437	AQP12B	POF1B_HUMAN	79983	POF1B	0.63
CCD69_HUMAN	26112	CCDC69	P20D2_HUMAN	135293	PM20D2	0.63
CQ089_HUMAN	284184	NDUFAF8	NDUS2_HUMAN	4720	NDUFS2	0.63
CQ089_HUMAN	284184	NDUFAF8	MPC2_HUMAN	25874	MPC2	0.63
CQ089_HUMAN	284184	NDUFAF8	NDUF4_HUMAN	29078	NDUFAF4	0.63
CQ089_HUMAN	284184	NDUFAF8	COMT_HUMAN	1312	COMT	0.63
GOG8A_HUMAN	23015	GOLGA8A	PIGR_HUMAN	5284	PIGR	0.63
NACAM_HUMAN	4666	NACA	PDIA4_HUMAN	9601	PDIA4	0.63
PTPC1_HUMAN	138639	PTPDC1	DHYS_HUMAN	1725	DHPS	0.63
PTPC1_HUMAN	138639	PTPDC1	PRPS1_HUMAN	5631	PRPS1	0.63
SBNO1_HUMAN	55206	SBNO1	RBM25_HUMAN	58517	RBM25	0.63
TM223_HUMAN	79064	TMEM223	RET4_HUMAN	5950	RBP4	0.63
TMM72_HUMAN	643236	TMEM72	SYJ2B_HUMAN	55333	SYNJ2BP	0.63
BICR2_HUMAN	146439	BICDL2	RL9_HUMAN	6133	RPL9	0.63
C2C4B_HUMAN	388125	C2CD4B	HERC1_HUMAN	8925	HERC1	0.63
AQ12B_HUMAN	653437	AQP12B	TUSC5_HUMAN	286753	TRARG1	0.63
AXA2L_HUMAN	304	ANXA2P2	ANLN_HUMAN	54443	ANLN	0.63
CQ096_HUMAN	100170841	EPOP	MOV10_HUMAN	4343	MOV10	0.63
FBLL1_HUMAN	345630	FBLL1	KIF14_HUMAN	9928	KIF14	0.63
HIG1C_HUMAN	613227	HIGD1C	CIDEB_HUMAN	27141	CIDEB	0.63
MP3B2_HUMAN	643246	MAP1LC3B2	ATG10_HUMAN	83734	ATG10	0.63
NACAM_HUMAN	4666	NACA	HEXI1_HUMAN	10614	HEXIM1	0.63
NACAM_HUMAN	4666	NACA	DDRGK_HUMAN	65992	DDRGK1	0.63
NACAM_HUMAN	4666	NACA	TEBP_HUMAN	10728	PTGES3	0.63
PRR19_HUMAN	284338	PRR19	TRIB3_HUMAN	57761	TRIB3	0.63
SAC31_HUMAN	29901	SAC3D1	DCNL5_HUMAN	84259	DCUN1D5	0.63
SBNO1_HUMAN	55206	SBNO1	TISD_HUMAN	678	ZFP36L2	0.63
TLCD2_HUMAN	727910	TLCD2	SL9A6_HUMAN	10479	SLC9A6	0.63
TM223_HUMAN	79064	TMEM223	CK010_HUMAN	746	TMEM258	0.63
ZN320_HUMAN	162967	ZNF320	NOP2_HUMAN	4839	NOP2	0.63
FM25A_HUMAN	100132929, 643161, 644054, 100133093	FAM25BP, FAM25A, FAM25C, FAM25G	KLH35_HUMAN	283212	KLHL35	0.63
GXLT2_HUMAN	727936	GXYLT2	LRAD1_HUMAN	388633	LDLRAD1	0.63
AQ12B_HUMAN	653437	AQP12B	EHD1_HUMAN	10938	EHD1	0.63
CIB4_HUMAN	130106	CIB4	ZNHI2_HUMAN	741	ZNHIT2	0.63
CQ089_HUMAN	284184	NDUFAF8	TXTP_HUMAN	6576	SLC25A1	0.63
CQ089_HUMAN	284184	NDUFAF8	CYB5B_HUMAN	80777	CYB5B	0.63
CQ089_HUMAN	284184	NDUFAF8	COX20_HUMAN	116228	COX20	0.63
GOG8A_HUMAN	23015	GOLGA8A	MSLN_HUMAN	10232	MSLN	0.63
HELT_HUMAN	391723	HELT	GPSM3_HUMAN	63940	GPSM3	0.63
MTMRB_HUMAN	10903	MTMR11	ANR40_HUMAN	91369	ANKRD40	0.63
NACAM_HUMAN	4666	NACA	SVIL_HUMAN	6840	SVIL	0.63
PTPC1_HUMAN	138639	PTPDC1	PDIP2_HUMAN	26073	POLDIP2	0.63
PTPC1_HUMAN	138639	PTPDC1	DCA16_HUMAN	54876	DCAF16	0.63
SPDE4_HUMAN	388333	SPDYE4	UBP2_HUMAN	9099	USP2	0.63
SPDE4_HUMAN	388333	SPDYE4	CN37_HUMAN	1267	CNP	0.63
TMM72_HUMAN	643236	TMEM72	ORNT1_HUMAN	10166	SLC25A15	0.63
C2C4B_HUMAN	388125	C2CD4B	DICER_HUMAN	23405	DICER1	0.63
FUCM_HUMAN	282969	FUOM	GPAM1_HUMAN	55425	GPALPP1	0.63
AXA2L_HUMAN	304	ANXA2P2	FUS_HUMAN	2521	FUS	0.63
BTBDB_HUMAN	121551	BTBD11	CEP83_HUMAN	51134	CEP83	0.63
CE044_HUMAN	80006	TRAPPC13	GAB2_HUMAN	9846	GAB2	0.63
F127A_HUMAN	8933	RTL8C	THBG_HUMAN	6906	SERPINA7	0.63
FBLL1_HUMAN	345630	FBLL1	LN28A_HUMAN	79727	LIN28A	0.63
MEX3A_HUMAN	92312	MEX3A	MOV10_HUMAN	4343	MOV10	0.63
MP3B2_HUMAN	643246	MAP1LC3B2	SAM50_HUMAN	25813	SAMM50	0.63
NACAM_HUMAN	4666	NACA	KS6A1_HUMAN	6195	RPS6KA1	0.63
NACAM_HUMAN	4666	NACA	PKHA7_HUMAN	144100	PLEKHA7	0.63
NACAM_HUMAN	4666	NACA	PTMS_HUMAN	5763	PTMS	0.63
NACAM_HUMAN	4666	NACA	AAKG1_HUMAN	5571	PRKAG1	0.63
PTPC1_HUMAN	138639	PTPDC1	ERBB4_HUMAN	2066	ERBB4	0.63
SBNO1_HUMAN	55206	SBNO1	ANM5_HUMAN	10419	PRMT5	0.63
SBNO1_HUMAN	55206	SBNO1	SMAD4_HUMAN	4089	SMAD4	0.63
TM223_HUMAN	79064	TMEM223	TLR10_HUMAN	81793	TLR10	0.63
ZN320_HUMAN	162967	ZNF320	RNF4_HUMAN	6047	RNF4	0.63
CE060_HUMAN	285679	C5orf60	K1H1_HUMAN	3881	KRT31	0.63
FM25A_HUMAN	100132929, 643161, 644054, 100133093	FAM25BP, FAM25A, FAM25C, FAM25G	CCR1_HUMAN	1230	CCR1	0.63
RHG42_HUMAN	143872	ARHGAP42	DEN2C_HUMAN	163259	DENND2C	0.63
AQ12B_HUMAN	653437	AQP12B	PLAK_HUMAN	3728	JUP	0.63
CQ089_HUMAN	284184	NDUFAF8	COX6C_HUMAN	1345	COX6C	0.63
CQ089_HUMAN	284184	NDUFAF8	MIC19_HUMAN	54927	CHCHD3	0.63
CQ089_HUMAN	284184	NDUFAF8	MIMIT_HUMAN	91942	NDUFAF2	0.63
CQ096_HUMAN	100170841	EPOP	LCOR_HUMAN	84458	LCOR	0.63
GOG8A_HUMAN	23015	GOLGA8A	IGHM_HUMAN	3507	IGHM	0.63
MEX3A_HUMAN	92312	MEX3A	CDX2_HUMAN	1045	CDX2	0.63
NACAM_HUMAN	4666	NACA	MDM2_HUMAN	4193	MDM2	0.63
RAB19_HUMAN	401409	RAB19	LSM11_HUMAN	134353	LSM11	0.63
SPDE4_HUMAN	388333	SPDYE4	DCXR_HUMAN	51181	DCXR	0.63
SPDE4_HUMAN	388333	SPDYE4	BRD4_HUMAN	23476	BRD4	0.63
TMM72_HUMAN	643236	TMEM72	NU1M_HUMAN	4535	ND1	0.63
ZBT7C_HUMAN	201501	ZBTB7C	MBD3_HUMAN	53615	MBD3	0.63
C2C4B_HUMAN	388125	C2CD4B	PR15B_HUMAN	84919	PPP1R15B	0.63
FUCM_HUMAN	282969	FUOM	GOGA3_HUMAN	2802	GOLGA3	0.63
CE051_HUMAN	285636	C5orf51	GPR17_HUMAN	2840	GPR17	0.63
FBLL1_HUMAN	345630	FBLL1	DNLI4_HUMAN	3981	LIG4	0.63
HELT_HUMAN	391723	HELT	AES_HUMAN	166	AES	0.63
MADL2_HUMAN	255275	MYADML2	F209A_HUMAN	200232	FAM209A	0.63
MEX3A_HUMAN	92312	MEX3A	ZCCHV_HUMAN	56829	ZC3HAV1	0.63
NACAM_HUMAN	4666	NACA	HDAC2_HUMAN	3066	HDAC2	0.63
NACAM_HUMAN	4666	NACA	TCP4_HUMAN	10923	SUB1	0.63
NACAM_HUMAN	4666	NACA	YK021_HUMAN	143872	ARHGAP42	0.63
NACAM_HUMAN	4666	NACA	TRI37_HUMAN	4591	TRIM37	0.63
ODF3B_HUMAN	440836	ODF3B	KRA33_HUMAN	85293	KRTAP3-3	0.63
RAB19_HUMAN	401409	RAB19	CSPG2_HUMAN	1462	VCAN	0.63
SBNO1_HUMAN	55206	SBNO1	MCM2_HUMAN	4171	MCM2	0.63
TMM72_HUMAN	643236	TMEM72	F209A_HUMAN	200232	FAM209A	0.63
ZN320_HUMAN	162967	ZNF320	ZN677_HUMAN	342926	ZNF677	0.63
D11L8_HUMAN			TPC2_HUMAN	219931	TPCN2	0.63
GXLT2_HUMAN	727936	GXYLT2	TRI25_HUMAN	7706	TRIM25	0.63
SRTM1_HUMAN	400120	SERTM1	SACA1_HUMAN	81833	SPACA1	0.63
AQ12B_HUMAN	653437	AQP12B	PCYOX_HUMAN	51449	PCYOX1	0.63
CE044_HUMAN	80006	TRAPPC13	EF1A1_HUMAN	1915	EEF1A1	0.63
CQ089_HUMAN	284184	NDUFAF8	NB5R3_HUMAN	1727	CYB5R3	0.63
CQ089_HUMAN	284184	NDUFAF8	DRS7B_HUMAN	25979	DHRS7B	0.63
CQ089_HUMAN	284184	NDUFAF8	RDH11_HUMAN	51109	RDH11	0.63
CQ089_HUMAN	284184	NDUFAF8	BOLA3_HUMAN	388962	BOLA3	0.63
GOG8A_HUMAN	23015	GOLGA8A	A1AT_HUMAN	5265	SERPINA1	0.63
PTPC1_HUMAN	138639	PTPDC1	POF1B_HUMAN	79983	POF1B	0.63
SBNO1_HUMAN	55206	SBNO1	NS1BP_HUMAN	10625	IVNS1ABP	0.63
SPDE4_HUMAN	388333	SPDYE4	AKP8L_HUMAN	26993	AKAP8L	0.63
TMM72_HUMAN	643236	TMEM72	FXYD6_HUMAN	53826	FXYD6	0.63
C2C4B_HUMAN	388125	C2CD4B	MPP5_HUMAN	64398	MPP5	0.63
AXA2L_HUMAN	304	ANXA2P2	DDX3X_HUMAN	1654	DDX3X	0.63
F127A_HUMAN	8933	RTL8C	SKA3_HUMAN	221150	SKA3	0.63
FBLL1_HUMAN	345630	FBLL1	KI20A_HUMAN	10112	KIF20A	0.63
HIG1C_HUMAN	613227	HIGD1C	TM14B_HUMAN	81853	TMEM14B	0.63
MEX3A_HUMAN	92312	MEX3A	EGLN3_HUMAN	112399	EGLN3	0.63
NACAM_HUMAN	4666	NACA	DPPA4_HUMAN	55211	DPPA4	0.63
NACAM_HUMAN	4666	NACA	STA5B_HUMAN	6777	STAT5B	0.63
NACAM_HUMAN	4666	NACA	EP300_HUMAN	2033	EP300	0.63
PRR19_HUMAN	284338	PRR19	PDCD6_HUMAN	10016	PDCD6	0.63
SAC31_HUMAN	29901	SAC3D1	VIGLN_HUMAN	3069	HDLBP	0.63
SBNO1_HUMAN	55206	SBNO1	CBX3_HUMAN	11335	CBX3	0.63
TM223_HUMAN	79064	TMEM223	COA3_HUMAN	28958	COA3	0.63
TM223_HUMAN	79064	TMEM223	PKHA4_HUMAN	57664	PLEKHA4	0.63
WIPF3_HUMAN	644150	WIPF3	NCK1_HUMAN	4690	NCK1	0.63
BICR2_HUMAN	146439	BICDL2	SYNCI_HUMAN	81493	SYNC	0.63
FM25A_HUMAN	100132929, 643161, 644054, 100133093	FAM25BP, FAM25A, FAM25C, FAM25G	ARMX3_HUMAN	51566	ARMCX3	0.63
GXLT2_HUMAN	727936	GXYLT2	CL12B_HUMAN	387837	CLEC12B	0.63
AQ12B_HUMAN	653437	AQP12B	TUSC2_HUMAN	11334	TUSC2	0.63
CIB4_HUMAN	130106	CIB4	MYPOP_HUMAN	339344	MYPOP	0.63
CQ089_HUMAN	284184	NDUFAF8	ROA2_HUMAN	3181	HNRNPA2B1	0.63
CQ089_HUMAN	284184	NDUFAF8	COX7C_HUMAN	1350	COX7C	0.63
CQ089_HUMAN	284184	NDUFAF8	QCR9_HUMAN	29796	UQCR10	0.63
CQ089_HUMAN	284184	NDUFAF8	NDUA8_HUMAN	4702	NDUFA8	0.63
GOG8A_HUMAN	23015	GOLGA8A	SG1D1_HUMAN	10648	SCGB1D1	0.63
HIG1C_HUMAN	613227	HIGD1C	RBFA_HUMAN	79863	RBFA	0.63
NACAM_HUMAN	4666	NACA	MYPT1_HUMAN	4659	PPP1R12A	0.63
PTPC1_HUMAN	138639	PTPDC1	SDHB_HUMAN	6390	SDHB	0.63
PTPC1_HUMAN	138639	PTPDC1	NU188_HUMAN	23511	NUP188	0.63
SPDE4_HUMAN	388333	SPDYE4	ACTC_HUMAN	70	ACTC1	0.63
TMM72_HUMAN	643236	TMEM72	MBOA5_HUMAN	10162	LPCAT3	0.63
C2C4B_HUMAN	388125	C2CD4B	TCF25_HUMAN	22980	TCF25	0.63
FUCM_HUMAN	282969	FUOM	F10C1_HUMAN	118924	FRA10AC1	0.63
AXA2L_HUMAN	304	ANXA2P2	STK4_HUMAN	6789	STK4	0.63
BTBDB_HUMAN	121551	BTBD11	CEP97_HUMAN	79598	CEP97	0.63
CE044_HUMAN	80006	TRAPPC13		10597	TRAPPC2B	0.63
F127A_HUMAN	8933	RTL8C	HLAE_HUMAN	3133	HLA-E	0.63
FIGL2_HUMAN	401720	FIGNL2	CUL7_HUMAN	9820	CUL7	0.63
MEX3A_HUMAN	92312	MEX3A	MEX3B_HUMAN	84206	MEX3B	0.63
MP3B2_HUMAN	643246	MAP1LC3B2	ATG4B_HUMAN	23192	ATG4B	0.63
NACAM_HUMAN	4666	NACA	TADBP_HUMAN	23435	TARDBP	0.63
NACAM_HUMAN	4666	NACA	PR15A_HUMAN	23645	PPP1R15A	0.63
NACAM_HUMAN	4666	NACA	NINL_HUMAN	22981	NINL	0.63
NACAM_HUMAN	4666	NACA	CDC37_HUMAN	11140	CDC37	0.63
PTPC1_HUMAN	138639	PTPDC1	TRIM1_HUMAN	11043	MID2	0.63
SBNO1_HUMAN	55206	SBNO1	NTRK1_HUMAN	4914	NTRK1	0.63
SBNO1_HUMAN	55206	SBNO1	P53_HUMAN	7157	TP53	0.63
TM223_HUMAN	79064	TMEM223	5HT3B_HUMAN	9177	HTR3B	0.63
CE060_HUMAN	285679	C5orf60	GMCL1_HUMAN	64395	GMCL1	0.63
FM25A_HUMAN	100132929, 643161, 644054, 100133093	FAM25BP, FAM25A, FAM25C, FAM25G	NGAL_HUMAN	3934	LCN2	0.63
SH321_HUMAN	79729	SH3D21	JUN_HUMAN	3725	JUN	0.63
AQ12B_HUMAN	653437	AQP12B	LCAP_HUMAN	4012	LNPEP	0.63
CCD69_HUMAN	26112	CCDC69	MPPA_HUMAN	23203	PMPCA	0.63
CQ089_HUMAN	284184	NDUFAF8	GLYM_HUMAN	6472	SHMT2	0.63
CQ089_HUMAN	284184	NDUFAF8	ATD3A_HUMAN	55210	ATAD3A	0.63
CQ089_HUMAN	284184	NDUFAF8	NDUS8_HUMAN	4728	NDUFS8	0.63
DAPL1_HUMAN	92196	DAPL1	TSR2_HUMAN	90121	TSR2	0.63
GOG8A_HUMAN	23015	GOLGA8A	IGJ_HUMAN	3512	JCHAIN	0.63
MEX3A_HUMAN	92312	MEX3A	DDX58_HUMAN	23586	DDX58	0.63
NACAM_HUMAN	4666	NACA	LRIF1_HUMAN	55791	LRIF1	0.63
RAB19_HUMAN	401409	RAB19	VDAC3_HUMAN	7419	VDAC3	0.63
SPDE4_HUMAN	388333	SPDYE4	SLN11_HUMAN	91607	SLFN11	0.63
SPDE4_HUMAN	388333	SPDYE4	DNJA3_HUMAN	9093	DNAJA3	0.63
TMM72_HUMAN	643236	TMEM72	VKGC_HUMAN	2677	GGCX	0.63
ZBT7C_HUMAN	201501	ZBTB7C	KLH29_HUMAN	114818	KLHL29	0.63
C2C4B_HUMAN	388125	C2CD4B	FAT1_HUMAN	2195	FAT1	0.63
GXLT2_HUMAN	727936	GXYLT2	TCPW_HUMAN	10693	CCT6B	0.63
AXA2L_HUMAN	304	ANXA2P2	PAGE4_HUMAN	9506	PAGE4	0.63
CE051_HUMAN	285636	C5orf51	HCST_HUMAN	10870	HCST	0.63
FBLL1_HUMAN	345630	FBLL1	LGR4_HUMAN	55366	LGR4	0.63
HELT_HUMAN	391723	HELT	VP37C_HUMAN	55048	VPS37C	0.63
MADL2_HUMAN	255275	MYADML2	GP152_HUMAN	390212	GPR152	0.63
MEX3A_HUMAN	92312	MEX3A	FMR1_HUMAN	2332	FMR1	0.63
NACAM_HUMAN	4666	NACA	HXK2_HUMAN	3099	HK2	0.63
NACAM_HUMAN	4666	NACA	DCTN1_HUMAN	1639	DCTN1	0.63
NACAM_HUMAN	4666	NACA	TKT_HUMAN	7086	TKT	0.63
NACAM_HUMAN	4666	NACA	KIF14_HUMAN	9928	KIF14	0.63
ODF3B_HUMAN	440836	ODF3B	ACTN2_HUMAN	88	ACTN2	0.63
RBY1E_HUMAN	378950	RBMY1E	RBY1F_HUMAN	159163, 378951	RBMY1F, RBMY1J	0.63
SBNO1_HUMAN	55206	SBNO1	MCM6_HUMAN	4175	MCM6	0.63
U17L3_HUMAN	645836	USP17L3	RN123_HUMAN	63891	RNF123	0.63
ZN320_HUMAN	162967	ZNF320	ZN460_HUMAN	10794	ZNF460	0.63
D11L8_HUMAN			UPAR_HUMAN	5329	PLAUR	0.63
SRTM1_HUMAN	400120	SERTM1	CXB1_HUMAN	2705	GJB1	0.63
AQ12B_HUMAN	653437	AQP12B	RMD3_HUMAN	55177	RMDN3	0.63
CQ089_HUMAN	284184	NDUFAF8	CK084_HUMAN	144097	SPINDOC	0.63
CQ089_HUMAN	284184	NDUFAF8	QCR7_HUMAN	7381	UQCRB	0.63
CQ089_HUMAN	284184	NDUFAF8	SCO2_HUMAN	9997	SCO2	0.63
CQ089_HUMAN	284184	NDUFAF8	AFG32_HUMAN	10939	AFG3L2	0.63
CQ089_HUMAN	284184	NDUFAF8	MCCA_HUMAN	56922	MCCC1	0.63
F127A_HUMAN	8933	RTL8C	SAM11_HUMAN	148398	SAMD11	0.63
GOG8A_HUMAN	23015	GOLGA8A	TRI26_HUMAN	7726	TRIM26	0.63
NACAM_HUMAN	4666	NACA	SMYD2_HUMAN	56950	SMYD2	0.63
PTPC1_HUMAN	138639	PTPDC1	RFWD2_HUMAN	64326	COP1	0.63
SBNO1_HUMAN	55206	SBNO1	GSK3A_HUMAN	2931	GSK3A	0.63
TMM72_HUMAN	643236	TMEM72	CD20_HUMAN	931	MS4A1	0.63
WIPF3_HUMAN	644150	WIPF3	ITSN2_HUMAN	50618	ITSN2	0.63
C2C4B_HUMAN	388125	C2CD4B	LRP1B_HUMAN	53353	LRP1B	0.63
C2C4B_HUMAN	388125	C2CD4B	VPRBP_HUMAN	9730	DCAF1	0.63
AXA2L_HUMAN	304	ANXA2P2	ECT2_HUMAN	1894	ECT2	0.63
F127A_HUMAN	8933	RTL8C	APOL2_HUMAN	23780	APOL2	0.63
FBLL1_HUMAN	345630	FBLL1	ZCH18_HUMAN	124245	ZC3H18	0.63
HIG1C_HUMAN	613227	HIGD1C	PBX3_HUMAN	5090	PBX3	0.63
MEX3A_HUMAN	92312	MEX3A	TAU_HUMAN	4137	MAPT	0.63
NACAM_HUMAN	4666	NACA	VCAM1_HUMAN	7412	VCAM1	0.63
NACAM_HUMAN	4666	NACA	FXL13_HUMAN	222235	FBXL13	0.63
NACAM_HUMAN	4666	NACA	NAA40_HUMAN	79829	NAA40	0.63
NACAM_HUMAN	4666	NACA	PKHG1_HUMAN	57480	PLEKHG1	0.63
PRR19_HUMAN	284338	PRR19	KRT34_HUMAN	3885	KRT34	0.63
SAC31_HUMAN	29901	SAC3D1	VPS35_HUMAN	55737	VPS35	0.63
SBNO1_HUMAN	55206	SBNO1	KAP0_HUMAN	5573	PRKAR1A	0.63
TM223_HUMAN	79064	TMEM223	AMGO1_HUMAN	57463	AMIGO1	0.63
WIPF3_HUMAN	644150	WIPF3	ACTB_HUMAN	60	ACTB	0.63
BICR2_HUMAN	146439	BICDL2	CARD9_HUMAN	64170	CARD9	0.63
FM25A_HUMAN	100132929, 643161, 644054, 100133093	FAM25BP, FAM25A, FAM25C, FAM25G	PPIF_HUMAN	10105	PPIF	0.63
GXLT2_HUMAN	727936	GXYLT2	V2R_HUMAN	554	AVPR2	0.63
AQ12B_HUMAN	653437	AQP12B	DCTN3_HUMAN	11258	DCTN3	0.63
CIB4_HUMAN	130106	CIB4	TACO1_HUMAN	51204	TACO1	0.63
CQ089_HUMAN	284184	NDUFAF8	ROA1_HUMAN	3178	HNRNPA1	0.63
CQ089_HUMAN	284184	NDUFAF8	TIM21_HUMAN	29090	TIMM21	0.63
CQ089_HUMAN	284184	NDUFAF8	ATP5I_HUMAN	521	ATP5ME	0.63
CQ089_HUMAN	284184	NDUFAF8	USMG5_HUMAN	84833	ATP5MD	0.63
GOG8A_HUMAN	23015	GOLGA8A	PROL4_HUMAN	11272	PRR4	0.63
HIG1C_HUMAN	613227	HIGD1C	DCE2_HUMAN	2572	GAD2	0.63
NACAM_HUMAN	4666	NACA	NEDD4_HUMAN	4734	NEDD4	0.63
PTPC1_HUMAN	138639	PTPDC1	ANR28_HUMAN	23243	ANKRD28	0.63
SPDE4_HUMAN	388333	SPDYE4	CDK3_HUMAN	1018	CDK3	0.63
TMM72_HUMAN	643236	TMEM72	IFM3_HUMAN	10410	IFITM3	0.63
C2C4B_HUMAN	388125	C2CD4B	INADL_HUMAN	10207	PATJ	0.63
FUCM_HUMAN	282969	FUOM	PRRC1_HUMAN	133619	PRRC1	0.63
AXA2L_HUMAN	304	ANXA2P2	MCM5_HUMAN	4174	MCM5	0.63
BTBDB_HUMAN	121551	BTBD11	ABTB2_HUMAN	25841	ABTB2	0.63
CE049_HUMAN	134121	C5orf49	KRT34_HUMAN	3885	KRT34	0.63
F127A_HUMAN	8933	RTL8C	C3AR_HUMAN	719	C3AR1	0.63
GOG8A_HUMAN	23015	GOLGA8A	IFT57_HUMAN	55081	IFT57	0.63
K132L_HUMAN	222223	KIAA1324L	VIR_HUMAN	25962	VIRMA	0.63
MEX3A_HUMAN	92312	MEX3A	PUM1_HUMAN	9698	PUM1	0.63
MP3B2_HUMAN	643246	MAP1LC3B2	TPX2_HUMAN	22974	TPX2	0.63
NACAM_HUMAN	4666	NACA	H31_HUMAN	8350, 8351, 8352, 8353, 8354, 8355, 8356, 8357, 8358, 8968	HIST1H3A, HIST1H3D, HIST1H3C, HIST1H3E, HIST1H3I, HIST1H3G, HIST1H3J, HIST1H3H, HIST1H3B, HIST1H3F	0.63
NACAM_HUMAN	4666	NACA	FZR_HUMAN	51343	FZR1	0.63
O14I1_HUMAN	401994	OR14I1	ELAV1_HUMAN	1994	ELAVL1	0.63
PTPC1_HUMAN	138639	PTPDC1	CRKL_HUMAN	1399	CRKL	0.63
SBNO1_HUMAN	55206	SBNO1	UBR4_HUMAN	23352	UBR4	0.63
SBNO1_HUMAN	55206	SBNO1	MCA32_HUMAN	284021	MILR1	0.63
TM223_HUMAN	79064	TMEM223	ACHA4_HUMAN	1137	CHRNA4	0.63
ZN320_HUMAN	162967	ZNF320	ZN467_HUMAN	168544	ZNF467	0.63
CE060_HUMAN	285679	C5orf60	KRA32_HUMAN	83897	KRTAP3-2	0.63
FM25A_HUMAN	100132929, 643161, 644054, 100133093	FAM25BP, FAM25A, FAM25C, FAM25G	MID49_HUMAN	125170	MIEF2	0.63
SH321_HUMAN	79729	SH3D21	PSDE_HUMAN	10213	PSMD14	0.63
AQ12B_HUMAN	653437	AQP12B	PEX5_HUMAN	5830	PEX5	0.63
CQ089_HUMAN	284184	NDUFAF8	ATP5L_HUMAN	10632	ATP5MG	0.63
CQ089_HUMAN	284184	NDUFAF8	HEBP1_HUMAN	50865	HEBP1	0.63
CQ089_HUMAN	284184	NDUFAF8	TIM23_HUMAN	100287932, 10431	TIMM23, TIMM23B	0.63
DAPL1_HUMAN	92196	DAPL1	TRI55_HUMAN	84675	TRIM55	0.63
GOG8A_HUMAN	23015	GOLGA8A	IGHA2_HUMAN	3494	IGHA2	0.63
MEX3A_HUMAN	92312	MEX3A	LAMA2_HUMAN	3908	LAMA2	0.63
PTPC1_HUMAN	138639	PTPDC1	MISSL_HUMAN	93487	MAPK1IP1L	0.63
RAB19_HUMAN	401409	RAB19	VDAC1_HUMAN	7416	VDAC1	0.63
SPDE4_HUMAN	388333	SPDYE4	A4_HUMAN	351	APP	0.63
SPDE4_HUMAN	388333	SPDYE4	BRD2_HUMAN	6046	BRD2	0.63
TMM72_HUMAN	643236	TMEM72	EAA3_HUMAN	6505	SLC1A1	0.63
ZBT7C_HUMAN	201501	ZBTB7C	P66B_HUMAN	57459	GATAD2B	0.63
C2C4B_HUMAN	388125	C2CD4B	APC_HUMAN	324	APC	0.63
GXLT2_HUMAN	727936	GXYLT2	HSP7C_HUMAN	3312	HSPA8	0.63
AXA2L_HUMAN	304	ANXA2P2	PKHA4_HUMAN	57664	PLEKHA4	0.63
CE051_HUMAN	285636	C5orf51	TAXB1_HUMAN	8887	TAX1BP1	0.63
FBLL1_HUMAN	345630	FBLL1	KSR1_HUMAN	8844	KSR1	0.63
HELT_HUMAN	391723	HELT	LMO4_HUMAN	8543	LMO4	0.63
MADL2_HUMAN	255275	MYADML2	RN185_HUMAN	91445	RNF185	0.63
MEX3A_HUMAN	92312	MEX3A	RBM47_HUMAN	54502	RBM47	0.63
NACAM_HUMAN	4666	NACA	LARP1_HUMAN	23367	LARP1	0.63
NACAM_HUMAN	4666	NACA	MARCS_HUMAN	4082	MARCKS	0.63
NACAM_HUMAN	4666	NACA	SUMO2_HUMAN	6613	SUMO2	0.63
RBY1E_HUMAN	378950	RBMY1E	RBMX_HUMAN	27316	RBMX	0.63
SBNO1_HUMAN	55206	SBNO1	U5S1_HUMAN	9343	EFTUD2	0.63
TLCD2_HUMAN	727910	TLCD2	TECT3_HUMAN	26123	TCTN3	0.63
TM223_HUMAN	79064	TMEM223	ATD3A_HUMAN	55210	ATAD3A	0.63
U17L5_HUMAN	728386	USP17L5	MCM2_HUMAN	4171	MCM2	0.63
ZN320_HUMAN	162967	ZNF320	RL26L_HUMAN	51121	RPL26L1	0.63
D11L8_HUMAN			VMA5A_HUMAN	4013	VWA5A	0.63
SRTM1_HUMAN	400120	SERTM1	CD53_HUMAN	963	CD53	0.63
AQ12B_HUMAN	653437	AQP12B	OCAD1_HUMAN	54940	OCIAD1	0.63
CQ089_HUMAN	284184	NDUFAF8	NDUS7_HUMAN	374291	NDUFS7	0.63
CQ089_HUMAN	284184	NDUFAF8	NDUS5_HUMAN	4725	NDUFS5	0.63
CQ089_HUMAN	284184	NDUFAF8	TIM8B_HUMAN	26521	TIMM8B	0.63
CQ089_HUMAN	284184	NDUFAF8	G3PT_HUMAN	26330	GAPDHS	0.63
F127A_HUMAN	8933	RTL8C	GPAN1_HUMAN	7918	GPANK1	0.63
GOG8A_HUMAN	23015	GOLGA8A	GEMI2_HUMAN	8487	GEMIN2	0.63
SBNO1_HUMAN	55206	SBNO1	ARL6_HUMAN	84100	ARL6	0.63
SPDE4_HUMAN	388333	SPDYE4	CDK16_HUMAN	5127	CDK16	0.63
TMM72_HUMAN	643236	TMEM72	SFXN2_HUMAN	118980	SFXN2	0.63
YJEN3_HUMAN	374887	YJEFN3	PSB8_HUMAN	5696	PSMB8	0.63
C2C4B_HUMAN	388125	C2CD4B	CB029_HUMAN	55571	CNOT11	0.63
C2C4B_HUMAN	388125	C2CD4B	K0232_HUMAN	9778	KIAA0232	0.63
AXA2L_HUMAN	304	ANXA2P2	PRC1_HUMAN	9055	PRC1	0.63
CE044_HUMAN	80006	TRAPPC13	LAMP1_HUMAN	3916	LAMP1	0.63
F127A_HUMAN	8933	RTL8C	RYBP_HUMAN	23429	RYBP	0.63
FBLL1_HUMAN	345630	FBLL1	AURKB_HUMAN	9212	AURKB	0.63
HIG1C_HUMAN	613227	HIGD1C	DDRGK_HUMAN	65992	DDRGK1	0.63
MEX3A_HUMAN	92312	MEX3A	CPEB4_HUMAN	80315	CPEB4	0.63
NACAM_HUMAN	4666	NACA	HIF1N_HUMAN	55662	HIF1AN	0.63
NACAM_HUMAN	4666	NACA	PINK1_HUMAN	65018	PINK1	0.63
NACAM_HUMAN	4666	NACA	NGB_HUMAN	58157	NGB	0.63
PRR19_HUMAN	284338	PRR19	CI169_HUMAN	375791	CYSRT1	0.63
SBNO1_HUMAN	55206	SBNO1	STAU1_HUMAN	6780	STAU1	0.63
TM223_HUMAN	79064	TMEM223	AT1A3_HUMAN	478	ATP1A3	0.63
WIPF3_HUMAN	644150	WIPF3	CDC42_HUMAN	998	CDC42	0.63
C1T9B_HUMAN	387911	C1QTNF9B	ADIPO_HUMAN	9370	ADIPOQ	0.63
FM25A_HUMAN	100132929, 643161, 644054, 100133093	FAM25BP, FAM25A, FAM25C, FAM25G	MID51_HUMAN	54471	MIEF1	0.63
GXLT2_HUMAN	727936	GXYLT2	BST1_HUMAN	683	BST1	0.63
AQ12B_HUMAN	653437	AQP12B	FILA_HUMAN	2312	FLG	0.63
CCD69_HUMAN	26112	CCDC69	ASH2L_HUMAN	9070	ASH2L	0.63
CIB4_HUMAN	130106	CIB4	ZBTB9_HUMAN	221504	ZBTB9	0.63
CQ089_HUMAN	284184	NDUFAF8	ACTG_HUMAN	71	ACTG1	0.63
CQ089_HUMAN	284184	NDUFAF8	NDUV1_HUMAN	4723	NDUFV1	0.63
CQ089_HUMAN	284184	NDUFAF8	RAB35_HUMAN	11021	RAB35	0.63
CQ089_HUMAN	284184	NDUFAF8	ACAD9_HUMAN	28976	ACAD9	0.63
GOG8A_HUMAN	23015	GOLGA8A	GRAN_HUMAN	25801	GCA	0.63
HIG1C_HUMAN	613227	HIGD1C	SYFM_HUMAN	10667	FARS2	0.63
NACAM_HUMAN	4666	NACA	PEBP1_HUMAN	5037	PEBP1	0.63
PTPC1_HUMAN	138639	PTPDC1	SIR1_HUMAN	23411	SIRT1	0.63
SPDE4_HUMAN	388333	SPDYE4	QPCTL_HUMAN	54814	QPCTL	0.63
SPDE4_HUMAN	388333	SPDYE4	SKP1_HUMAN	6500	SKP1	0.63
TMM72_HUMAN	643236	TMEM72	TM41B_HUMAN	440026	TMEM41B	0.63
C2C4B_HUMAN	388125	C2CD4B	GASP2_HUMAN	114928	GPRASP2	0.63
FUCM_HUMAN	282969	FUOM	AFAD_HUMAN	4301	AFDN	0.63
AXA2L_HUMAN	304	ANXA2P2	MCM2_HUMAN	4171	MCM2	0.63
BTBDB_HUMAN	121551	BTBD11	GCR_HUMAN	2908	NR3C1	0.63
CE049_HUMAN	134121	C5orf49	K1H1_HUMAN	3881	KRT31	0.63
DEND3_HUMAN	22898	DENND3	DVL2_HUMAN	1856	DVL2	0.63
F127A_HUMAN	8933	RTL8C	C4BPB_HUMAN	725	C4BPB	0.63
GOG8A_HUMAN	23015	GOLGA8A	ITSN2_HUMAN	50618	ITSN2	0.63
K132L_HUMAN	222223	KIAA1324L	SDC2_HUMAN	6383	SDC2	0.63
MEX3A_HUMAN	92312	MEX3A	Z3H7A_HUMAN	29066	ZC3H7A	0.63
MP3B2_HUMAN	643246	MAP1LC3B2	CAV1_HUMAN	857	CAV1	0.63
NACAM_HUMAN	4666	NACA	HUWE1_HUMAN	10075	HUWE1	0.63
NACAM_HUMAN	4666	NACA	FAF1_HUMAN	11124	FAF1	0.63
PTPC1_HUMAN	138639	PTPDC1	TEX11_HUMAN	56159	TEX11	0.63
SBNO1_HUMAN	55206	SBNO1	SRSF2_HUMAN	6427	SRSF2	0.63
SBNO1_HUMAN	55206	SBNO1	ARP3B_HUMAN	57180	ACTR3B	0.63
TM223_HUMAN	79064	TMEM223	DX39A_HUMAN	10212	DDX39A	0.63
ZN320_HUMAN	162967	ZNF320	NOTC2_HUMAN	4853	NOTCH2	0.63
CE060_HUMAN	285679	C5orf60	RN123_HUMAN	63891	RNF123	0.63
FM25A_HUMAN	100132929, 643161, 644054, 100133093	FAM25BP, FAM25A, FAM25C, FAM25G	S10A6_HUMAN	6277	S100A6	0.63
SH321_HUMAN	79729	SH3D21	SENP2_HUMAN	59343	SENP2	0.63
AQ12B_HUMAN	653437	AQP12B	PRPS1_HUMAN	5631	PRPS1	0.63
CQ089_HUMAN	284184	NDUFAF8	MEP50_HUMAN	79084	WDR77	0.63
CQ089_HUMAN	284184	NDUFAF8	SFXN4_HUMAN	119559	SFXN4	0.63
CQ089_HUMAN	284184	NDUFAF8	NDUF3_HUMAN	25915	NDUFAF3	0.63
CQ089_HUMAN	284184	NDUFAF8	ATP5J_HUMAN	522	ATP5PF	0.63
CQ089_HUMAN	284184	NDUFAF8	QCR8_HUMAN	27089	UQCRQ	0.63
DAPL1_HUMAN	92196	DAPL1	LSM1_HUMAN	27257	LSM1	0.63
GOG8A_HUMAN	23015	GOLGA8A	IGHA1_HUMAN	3493	IGHA1	0.63
MEX3A_HUMAN	92312	MEX3A	RC3H1_HUMAN	149041	RC3H1	0.63
NACAM_HUMAN	4666	NACA	PYC_HUMAN	5091	PC	0.63
POTEC_HUMAN	388468	POTEC	POTED_HUMAN	100288966	LOC100288966	0.63
RAB19_HUMAN	401409	RAB19	TOM5_HUMAN	401505	TOMM5	0.63
SPDE4_HUMAN	388333	SPDYE4	NDUF4_HUMAN	29078	NDUFAF4	0.63
SPDE4_HUMAN	388333	SPDYE4	CDK9_HUMAN	1025	CDK9	0.63
TMM72_HUMAN	643236	TMEM72	SURF4_HUMAN	6836	SURF4	0.63
ZN320_HUMAN	162967	ZNF320	KR105_HUMAN	386680	KRTAP10-5	0.63
C2C4B_HUMAN	388125	C2CD4B	APBA2_HUMAN	321	APBA2	0.63
GXLT2_HUMAN	727936	GXYLT2	PPCS_HUMAN	79717	PPCS	0.63
AXA2L_HUMAN	304	ANXA2P2	CTRO_HUMAN	11113	CIT	0.63
CE051_HUMAN	285636	C5orf51	SUOX_HUMAN	6821	SUOX	0.63
FBLL1_HUMAN	345630	FBLL1	BMI1_HUMAN	648	BMI1	0.63
HELT_HUMAN	391723	HELT	FZR_HUMAN	51343	FZR1	0.63
MADL2_HUMAN	255275	MYADML2	GPX8_HUMAN	493869	GPX8	0.63
MEX3A_HUMAN	92312	MEX3A	PRC2A_HUMAN	7916	PRRC2A	0.63
NACAM_HUMAN	4666	NACA	AKT2_HUMAN	208	AKT2	0.63
NACAM_HUMAN	4666	NACA	PRP8_HUMAN	10594	PRPF8	0.63
NACAM_HUMAN	4666	NACA	GRWD1_HUMAN	83743	GRWD1	0.63
NACAM_HUMAN	4666	NACA	VIR_HUMAN	25962	VIRMA	0.63
OTOL1_HUMAN	131149	OTOL1	MTMR2_HUMAN	8898	MTMR2	0.63
SBNO1_HUMAN	55206	SBNO1	CDK8_HUMAN	1024	CDK8	0.63
TLCD2_HUMAN	727910	TLCD2	TECT2_HUMAN	79867	TCTN2	0.63
TM223_HUMAN	79064	TMEM223	HA27_HUMAN	3117	HLA-DQA1	0.63
UNC4_HUMAN	340260	UNCX	DDX58_HUMAN	23586	DDX58	0.63
ZN320_HUMAN	162967	ZNF320	KI20A_HUMAN	10112	KIF20A	0.63
D11L8_HUMAN			SH2D3_HUMAN	10044	SH2D3C	0.63
SRTM1_HUMAN	400120	SERTM1	CLD7_HUMAN	1366	CLDN7	0.63
AQ12B_HUMAN	653437	AQP12B	PYRG2_HUMAN	56474	CTPS2	0.63
CAN8_HUMAN	388743	CAPN8	KDM8_HUMAN	79831	KDM8	0.63
CQ089_HUMAN	284184	NDUFAF8	COQ9_HUMAN	57017	COQ9	0.63
CQ089_HUMAN	284184	NDUFAF8	NDUA2_HUMAN	4695	NDUFA2	0.63
CQ089_HUMAN	284184	NDUFAF8	MTCH2_HUMAN	23788	MTCH2	0.63
F127A_HUMAN	8933	RTL8C	C102B_HUMAN	79839	CCDC102B	0.63
GOG8A_HUMAN	23015	GOLGA8A	RSPRY_HUMAN	89970	RSPRY1	0.63
NACAM_HUMAN	4666	NACA	CYTSA_HUMAN	23384	SPECC1L	0.63
PTPC1_HUMAN	138639	PTPDC1	DDX3Y_HUMAN	8653	DDX3Y	0.63
SBNO1_HUMAN	55206	SBNO1	HSP72_HUMAN	3306	HSPA2	0.63
TMM72_HUMAN	643236	TMEM72	ENDD1_HUMAN	23052	ENDOD1	0.63
YJEN3_HUMAN	374887	YJEFN3	HSP7C_HUMAN	3312	HSPA8	0.63
C2C4B_HUMAN	388125	C2CD4B	LAP2_HUMAN	55914	ERBIN	0.63
C2C4B_HUMAN	388125	C2CD4B	CELR1_HUMAN	9620	CELSR1	0.63
AXA2L_HUMAN	304	ANXA2P2	GBRL1_HUMAN	23710	GABARAPL1	0.63
AXA2L_HUMAN	304	ANXA2P2	CHM4B_HUMAN	128866	CHMP4B	0.63
CE044_HUMAN	80006	TRAPPC13	TGON2_HUMAN	10618	TGOLN2	0.63
CQ096_HUMAN	100170841	EPOP	H4_HUMAN	121504, 554313, 8294, 8359, 8360, 8361, 8362, 8363, 8364, 8365, 8366, 8367, 8368, 8370	HIST4H4, HIST2H4B, HIST1H4I, HIST1H4A, HIST1H4D, HIST1H4F, HIST1H4K, HIST1H4J, HIST1H4C, HIST1H4H, HIST1H4B, HIST1H4E, HIST1H4L, HIST2H4A	0.63
F127A_HUMAN	8933	RTL8C	PDCD1_HUMAN	5133	PDCD1	0.63
FBLL1_HUMAN	345630	FBLL1	ANLN_HUMAN	54443	ANLN	0.63
HIG1C_HUMAN	613227	HIGD1C	TMM31_HUMAN	203562	TMEM31	0.63
MEX3A_HUMAN	92312	MEX3A	UBP2L_HUMAN	9898	UBAP2L	0.63
NACAM_HUMAN	4666	NACA	ISG15_HUMAN	9636	ISG15	0.63
NACAM_HUMAN	4666	NACA	UBC12_HUMAN	9040	UBE2M	0.63
NACAM_HUMAN	4666	NACA	UBP14_HUMAN	9097	USP14	0.63
NACAM_HUMAN	4666	NACA	CALM_HUMAN	801, 805, 808	CALM1, CALM2, CALM3	0.63
PTPC1_HUMAN	138639	PTPDC1	XPO1_HUMAN	7514	XPO1	0.63
SAC31_HUMAN	29901	SAC3D1	HDBP1_HUMAN	338328	GPIHBP1	0.63
SBNO1_HUMAN	55206	SBNO1	H2B1C_HUMAN	8339, 8343, 8344, 8346, 8347	HIST1H2BG, HIST1H2BF, HIST1H2BE, HIST1H2BI, HIST1H2BC	0.63
TM223_HUMAN	79064	TMEM223	CCBP2_HUMAN	1238	ACKR2	0.63
WIPF3_HUMAN	644150	WIPF3	PROF1_HUMAN	5216	PFN1	0.63
C2C4B_HUMAN	388125	C2CD4B	ALPK2_HUMAN	115701	ALPK2	0.63
FM25A_HUMAN	100132929, 643161, 644054, 100133093	FAM25BP, FAM25A, FAM25C, FAM25G	TDRKH_HUMAN	11022	TDRKH	0.63
GXLT2_HUMAN	727936	GXYLT2	PGFRA_HUMAN	5156	PDGFRA	0.63
AQ12B_HUMAN	653437	AQP12B	HEMH_HUMAN	2235	FECH	0.63
CIB4_HUMAN	130106	CIB4	CREB5_HUMAN	9586	CREB5	0.63
CQ089_HUMAN	284184	NDUFAF8	LETM1_HUMAN	3954	LETM1	0.63
CQ089_HUMAN	284184	NDUFAF8	NDUA6_HUMAN	4700	NDUFA6	0.63
CQ089_HUMAN	284184	NDUFAF8	PGES2_HUMAN	80142	PTGES2	0.63
GOG8A_HUMAN	23015	GOLGA8A	LACRT_HUMAN	90070	LACRT	0.63
HIG1C_HUMAN	613227	HIGD1C	NTAQ1_HUMAN	55093	WDYHV1	0.63
NACAM_HUMAN	4666	NACA	IGS21_HUMAN	84966	IGSF21	0.63
NACAM_HUMAN	4666	NACA	MORC4_HUMAN	79710	MORC4	0.63
PTPC1_HUMAN	138639	PTPDC1	MAPK3_HUMAN	7867	MAPKAPK3	0.63
PTPC1_HUMAN	138639	PTPDC1	GAPD1_HUMAN	26130	GAPVD1	0.63
SPDE4_HUMAN	388333	SPDYE4	RAF1_HUMAN	5894	RAF1	0.63
SPDE4_HUMAN	388333	SPDYE4	PPIL1_HUMAN	51645	PPIL1	0.63
TMM72_HUMAN	643236	TMEM72	YIPF5_HUMAN	81555	YIPF5	0.63
ZBT7C_HUMAN	201501	ZBTB7C	F134B_HUMAN	54463	RETREG1	0.63
C2C4B_HUMAN	388125	C2CD4B	SETD2_HUMAN	29072	SETD2	0.63
FUCM_HUMAN	282969	FUOM	RBM27_HUMAN	54439	RBM27	0.63
AXA2L_HUMAN	304	ANXA2P2	TRI14_HUMAN	9830	TRIM14	0.63
CAN8_HUMAN	388743	CAPN8	P53_HUMAN	7157	TP53	0.63
CE049_HUMAN	134121	C5orf49	HSF2B_HUMAN	11077	HSF2BP	0.63
DISP2_HUMAN	85455	DISP2	VIR_HUMAN	25962	VIRMA	0.63
F127A_HUMAN	8933	RTL8C	TMEM5_HUMAN	10329	RXYLT1	0.63
K132L_HUMAN	222223	KIAA1324L	CN037_HUMAN	145407	ARMH4	0.63
MP3B2_HUMAN	643246	MAP1LC3B2	SQSTM_HUMAN	8878	SQSTM1	0.63
NACAM_HUMAN	4666	NACA	PKHA4_HUMAN	57664	PLEKHA4	0.63
O14I1_HUMAN	401994	OR14I1	KRA11_HUMAN	81851	KRTAP1-1	0.63
PTPC1_HUMAN	138639	PTPDC1	PHS_HUMAN	5092	PCBD1	0.63
SBNO1_HUMAN	55206	SBNO1	JIP4_HUMAN	9043	SPAG9	0.63
SBNO1_HUMAN	55206	SBNO1	CEA16_HUMAN	388551	CEACAM16	0.63
TM223_HUMAN	79064	TMEM223	DUS19_HUMAN	142679	DUSP19	0.63
TMM72_HUMAN	643236	TMEM72	CERS4_HUMAN	79603	CERS4	0.63
ZN320_HUMAN	162967	ZNF320	TIM50_HUMAN	92609	TIMM50	0.63
CE060_HUMAN	285679	C5orf60	MEPCE_HUMAN	56257	MEPCE	0.63
FM25A_HUMAN	100132929, 643161, 644054, 100133093	FAM25BP, FAM25A, FAM25C, FAM25G	TTPA_HUMAN	7274	TTPA	0.63
SHSA9_HUMAN	729993	SHISA9	SPTN1_HUMAN	6709	SPTAN1	0.63
AQ12B_HUMAN	653437	AQP12B	CLPB_HUMAN	81570	CLPB	0.63
CCD69_HUMAN	26112	CCDC69	ACTS_HUMAN	58	ACTA1	0.63
CQ089_HUMAN	284184	NDUFAF8	IDE_HUMAN	3416	IDE	0.63
CQ089_HUMAN	284184	NDUFAF8	TMM70_HUMAN	54968	TMEM70	0.63
CQ089_HUMAN	284184	NDUFAF8	HINT3_HUMAN	135114	HINT3	0.63
CQ089_HUMAN	284184	NDUFAF8	AL1L1_HUMAN	10840	ALDH1L1	0.63
DAPL1_HUMAN	92196	DAPL1	ZIC1_HUMAN	7545	ZIC1	0.63
GOG8A_HUMAN	23015	GOLGA8A	LCN1_HUMAN	3933	LCN1	0.63
MTMRB_HUMAN	10903	MTMR11	SMAD9_HUMAN	4093	SMAD9	0.63
POTEC_HUMAN	388468	POTEC	FA83F_HUMAN	113828	FAM83F	0.63
PTPC1_HUMAN	138639	PTPDC1	CCNB1_HUMAN	891	CCNB1	0.63
RAB19_HUMAN	401409	RAB19	TOM40_HUMAN	10452	TOMM40	0.63
SPDE4_HUMAN	388333	SPDYE4	ORC6_HUMAN	23594	ORC6	0.63
TMM72_HUMAN	643236	TMEM72	PEX3_HUMAN	8504	PEX3	0.63
ZN320_HUMAN	162967	ZNF320	KR107_HUMAN	386675	KRTAP10-7	0.63
C2C4B_HUMAN	388125	C2CD4B	PCDH7_HUMAN	5099	PCDH7	0.63
RHG42_HUMAN	143872	ARHGAP42	APOD_HUMAN	347	APOD	0.63
AXA2L_HUMAN	304	ANXA2P2	CHM4C_HUMAN	92421	CHMP4C	0.63
EFCB7_HUMAN	84455	EFCAB7	CRCM_HUMAN	4163	MCC	0.63
HELT_HUMAN	391723	HELT	TRAF1_HUMAN	7185	TRAF1	0.63
MADL2_HUMAN	255275	MYADML2	AQP6_HUMAN	363	AQP6	0.63
MEX3A_HUMAN	92312	MEX3A	R3HD2_HUMAN	22864	R3HDM2	0.63
NACAM_HUMAN	4666	NACA	BASP1_HUMAN	10409	BASP1	0.63
NACAM_HUMAN	4666	NACA	FACD2_HUMAN	2177	FANCD2	0.63
TLCD2_HUMAN	727910	TLCD2	NIPA3_HUMAN	152519	NIPAL1	0.63
TM223_HUMAN	79064	TMEM223	TTYH1_HUMAN	57348	TTYH1	0.63
ZN320_HUMAN	162967	ZNF320	RL4_HUMAN	6124	RPL4	0.63
D11L8_HUMAN			I17RA_HUMAN	23765	IL17RA	0.63
SRTM1_HUMAN	400120	SERTM1	GPR42_HUMAN	2866	GPR42	0.63
AQ12B_HUMAN	653437	AQP12B	RN214_HUMAN	257160	RNF214	0.63
CQ089_HUMAN	284184	NDUFAF8	ATP5E_HUMAN	514	ATP5F1E	0.63
CQ089_HUMAN	284184	NDUFAF8	ACSL4_HUMAN	2182	ACSL4	0.63
CQ089_HUMAN	284184	NDUFAF8	NDUB3_HUMAN	4709	NDUFB3	0.63
CQ089_HUMAN	284184	NDUFAF8	NDUB9_HUMAN	4715	NDUFB9	0.63
F127A_HUMAN	8933	RTL8C	CDN2B_HUMAN	1030	CDKN2B	0.63
GOG8A_HUMAN	23015	GOLGA8A	RL26L_HUMAN	51121	RPL26L1	0.63
NACAM_HUMAN	4666	NACA	NEST_HUMAN	10763	NES	0.63
PTPC1_HUMAN	138639	PTPDC1	2ABB_HUMAN	5521	PPP2R2B	0.63
PTPC1_HUMAN	138639	PTPDC1	NU214_HUMAN	8021	NUP214	0.63
SPDE4_HUMAN	388333	SPDYE4	CCNB1_HUMAN	891	CCNB1	0.63
TMM72_HUMAN	643236	TMEM72	DRS7B_HUMAN	25979	DHRS7B	0.63
YJEN3_HUMAN	374887	YJEFN3	MET2B_HUMAN	55798	METTL2B	0.63
C2C4B_HUMAN	388125	C2CD4B	AGGF1_HUMAN	55109	AGGF1	0.63
C2C4B_HUMAN	388125	C2CD4B	FEZ2_HUMAN	9637	FEZ2	0.63
AXA2L_HUMAN	304	ANXA2P2	KIF23_HUMAN	9493	KIF23	0.63
CE044_HUMAN	80006	TRAPPC13	IFM3_HUMAN	10410	IFITM3	0.63
CQ096_HUMAN	100170841	EPOP	DX39A_HUMAN	10212	DDX39A	0.63
F127A_HUMAN	8933	RTL8C	OTC_HUMAN	5009	OTC	0.63
FBLL1_HUMAN	345630	FBLL1	BRD1_HUMAN	23774	BRD1	0.63
HMX2_HUMAN	3167	HMX2	STALP_HUMAN	57559	STAMBPL1	0.63
MEX3A_HUMAN	92312	MEX3A	RBMS1_HUMAN	5937	RBMS1	0.63
NACAM_HUMAN	4666	NACA	OSTP_HUMAN	6696	SPP1	0.63
NACAM_HUMAN	4666	NACA	HCD2_HUMAN	3028	HSD17B10	0.63
NACAM_HUMAN	4666	NACA	PPIB_HUMAN	5479	PPIB	0.63
NACAM_HUMAN	4666	NACA	NR2C2_HUMAN	7182	NR2C2	0.63
SBNO1_HUMAN	55206	SBNO1	VIR_HUMAN	25962	VIRMA	0.63
TM223_HUMAN	79064	TMEM223	KCNKI_HUMAN	338567	KCNK18	0.63
WIPF3_HUMAN	644150	WIPF3	ACTC_HUMAN	70	ACTC1	0.63
C2C4B_HUMAN	388125	C2CD4B	ATS13_HUMAN	11093	ADAMTS13	0.63
FM25A_HUMAN	100132929, 643161, 644054, 100133093	FAM25BP, FAM25A, FAM25C, FAM25G	PPIC_HUMAN	5480	PPIC	0.63
RFOX3_HUMAN	146713	RBFOX3	GTR5_HUMAN	6518	SLC2A5	0.63
AQ12B_HUMAN	653437	AQP12B	EDC3_HUMAN	80153	EDC3	0.63
CCD69_HUMAN	26112	CCDC69	EPDR1_HUMAN	54749	EPDR1	0.63
CIB4_HUMAN	130106	CIB4	THIOM_HUMAN	25828	TXN2	0.63
CQ089_HUMAN	284184	NDUFAF8	MRRP1_HUMAN	54931	TRMT10C	0.63
CQ089_HUMAN	284184	NDUFAF8	QCR2_HUMAN	7385	UQCRC2	0.63
CQ089_HUMAN	284184	NDUFAF8	SFXN1_HUMAN	94081	SFXN1	0.63
GOG8A_HUMAN	23015	GOLGA8A	ZN320_HUMAN	162967	ZNF320	0.63
HIG1C_HUMAN	613227	HIGD1C	TCEA2_HUMAN	6919	TCEA2	0.63
NACAM_HUMAN	4666	NACA	CC90B_HUMAN	60492	CCDC90B	0.63
PTPC1_HUMAN	138639	PTPDC1	GPSM1_HUMAN	26086	GPSM1	0.63
SPDE4_HUMAN	388333	SPDYE4	GLCM_HUMAN	2629	GBA	0.63
SPDE4_HUMAN	388333	SPDYE4	HXK4_HUMAN	2645	GCK	0.63
TMM72_HUMAN	643236	TMEM72	PTSS2_HUMAN	81490	PTDSS2	0.63
ZBT7C_HUMAN	201501	ZBTB7C	PI51A_HUMAN	8394	PIP5K1A	0.63
C2C4B_HUMAN	388125	C2CD4B	K0754_HUMAN	643314	KIAA0754	0.63
FUCM_HUMAN	282969	FUOM	DDX46_HUMAN	9879	DDX46	0.63
CCD69_HUMAN	26112	CCDC69	MLTK_HUMAN	51776	MAP3K20	0.63
CE051_HUMAN	285636	C5orf51	ELAV1_HUMAN	1994	ELAVL1	0.63
DISP2_HUMAN	85455	DISP2	DX39A_HUMAN	10212	DDX39A	0.63
F127A_HUMAN	8933	RTL8C	THTPA_HUMAN	79178	THTPA	0.63
GOG8A_HUMAN	23015	GOLGA8A	BRCA1_HUMAN	672	BRCA1	0.63
K132L_HUMAN	222223	KIAA1324L	LTOR1_HUMAN	55004	LAMTOR1	0.63
MEX3A_HUMAN	92312	MEX3A	TDRD3_HUMAN	81550	TDRD3	0.63
MP3B2_HUMAN	643246	MAP1LC3B2	SNX33_HUMAN	257364	SNX33	0.63
NACAM_HUMAN	4666	NACA	CCDC8_HUMAN	83987	CCDC8	0.63
NACAM_HUMAN	4666	NACA	CALX_HUMAN	821	CANX	0.63
NACAM_HUMAN	4666	NACA	ZCH18_HUMAN	124245	ZC3H18	0.63
ODF3B_HUMAN	440836	ODF3B	FHL3_HUMAN	2275	FHL3	0.63
PTPC1_HUMAN	138639	PTPDC1	APEX1_HUMAN	328	APEX1	0.63
SBNO1_HUMAN	55206	SBNO1	TF3C4_HUMAN	9329	GTF3C4	0.63
SBNO1_HUMAN	55206	SBNO1	MYC_HUMAN	4609	MYC	0.63
TMM72_HUMAN	643236	TMEM72	S35A5_HUMAN	55032	SLC35A5	0.63
ZN320_HUMAN	162967	ZNF320	ZKSC8_HUMAN	7745	ZKSCAN8	0.63
D11L8_HUMAN			HAVR2_HUMAN	84868	HAVCR2	0.63
FM25A_HUMAN	100132929, 643161, 644054, 100133093	FAM25BP, FAM25A, FAM25C, FAM25G	ARM10_HUMAN	83787	ARMC10	0.63
SRTM1_HUMAN	400120	SERTM1	EMP1_HUMAN	2012	EMP1	0.63
AQ12B_HUMAN	653437	AQP12B	TMM97_HUMAN	27346	TMEM97	0.63
AQ12B_HUMAN	653437	AQP12B	SEMG1_HUMAN	6406	SEMG1	0.63
CCD69_HUMAN	26112	CCDC69	MLE3_HUMAN	4632	MYL1	0.63
CQ089_HUMAN	284184	NDUFAF8	CCHL_HUMAN	3052	HCCS	0.63
CQ089_HUMAN	284184	NDUFAF8	NNTM_HUMAN	23530	NNT	0.63
CQ089_HUMAN	284184	NDUFAF8	GOLP3_HUMAN	64083	GOLPH3	0.63
CQ089_HUMAN	284184	NDUFAF8	PAK7_HUMAN	57144	PAK5	0.63
DAPL1_HUMAN	92196	DAPL1	FHL2_HUMAN	2274	FHL2	0.63
GOG8A_HUMAN	23015	GOLGA8A	LYSC_HUMAN	4069	LYZ	0.63
POTEC_HUMAN	388468	POTEC	FA83B_HUMAN	222584	FAM83B	0.63
PTPC1_HUMAN	138639	PTPDC1	PTPC1_HUMAN	138639	PTPDC1	0.63
SPDE4_HUMAN	388333	SPDYE4	CKS2_HUMAN	1164	CKS2	0.63
SPDE4_HUMAN	388333	SPDYE4	HBS1L_HUMAN	10767	HBS1L	0.63
TMM72_HUMAN	643236	TMEM72	CDS2_HUMAN	8760	CDS2	0.63
C2C4B_HUMAN	388125	C2CD4B	RB_HUMAN	5925	RB1	0.63
RHG42_HUMAN	143872	ARHGAP42	MACOI_HUMAN	55219	MACO1	0.63
AXA2L_HUMAN	304	ANXA2P2	NALP7_HUMAN	199713	NLRP7	0.63
CE051_HUMAN	285636	C5orf51	TACD2_HUMAN	4070	TACSTD2	0.63
EFCB7_HUMAN	84455	EFCAB7	ML12B_HUMAN	103910	MYL12B	0.63
FBLL1_HUMAN	345630	FBLL1	CA172_HUMAN	126695	KDF1	0.63
MADL2_HUMAN	255275	MYADML2	CD79A_HUMAN	973	CD79A	0.63
MEX3A_HUMAN	92312	MEX3A	UCP3_HUMAN	7352	UCP3	0.63
NACAM_HUMAN	4666	NACA	GBRL1_HUMAN	23710	GABARAPL1	0.63
NACAM_HUMAN	4666	NACA	FBW1B_HUMAN	23291	FBXW11	0.63
NACAM_HUMAN	4666	NACA	RC3H2_HUMAN	54542	RC3H2	0.63
NACAM_HUMAN	4666	NACA	WWP2_HUMAN	11060	WWP2	0.63
POTEC_HUMAN	388468	POTEC	POTEG_HUMAN	404785	POTEG	0.63
RFPLA_HUMAN	342931	RFPL4A	KCNRG_HUMAN	10206, 283518	TRIM13, KCNRG	0.63
SBNO1_HUMAN	55206	SBNO1	ACRBP_HUMAN	84519	ACRBP	0.63
TLCD2_HUMAN	727910	TLCD2	GPR12_HUMAN	2835	GPR12	0.63
TM223_HUMAN	79064	TMEM223	DRA_HUMAN	3122	HLA-DRA	0.63
ZN320_HUMAN	162967	ZNF320	RL7L_HUMAN	285855	RPL7L1	0.63
ENO4_HUMAN			CKAP4_HUMAN	10970	CKAP4	0.63
SRTM1_HUMAN	400120	SERTM1	GPX8_HUMAN	493869	GPX8	0.63
AQ12B_HUMAN	653437	AQP12B	ECM29_HUMAN	23392	ECPAS	0.63
CQ089_HUMAN	284184	NDUFAF8	UCRI_HUMAN	7386	UQCRFS1	0.63
CQ089_HUMAN	284184	NDUFAF8	TIM44_HUMAN	10469	TIMM44	0.63
CQ089_HUMAN	284184	NDUFAF8	COA3_HUMAN	28958	COA3	0.63
F127A_HUMAN	8933	RTL8C	RBTN2_HUMAN	4005	LMO2	0.63
GOG8A_HUMAN	23015	GOLGA8A	PEO1_HUMAN	56652	TWNK	0.63
NACAM_HUMAN	4666	NACA	NEB2_HUMAN	84687	PPP1R9B	0.63
PTPC1_HUMAN	138639	PTPDC1	FXR1_HUMAN	8087	FXR1	0.63
SPDE4_HUMAN	388333	SPDYE4	Z587B_HUMAN	100293516	ZNF587B	0.63
TMM72_HUMAN	643236	TMEM72	RER1_HUMAN	11079	RER1	0.63
YJEN3_HUMAN	374887	YJEFN3	MAGE1_HUMAN	57692	MAGEE1	0.63
C2C4B_HUMAN	388125	C2CD4B	FAT3_HUMAN	120114	FAT3	0.63
C2C4B_HUMAN	388125	C2CD4B	ARMX3_HUMAN	51566	ARMCX3	0.63
AXA2L_HUMAN	304	ANXA2P2	UFL1_HUMAN	23376	UFL1	0.63
CE044_HUMAN	80006	TRAPPC13	CMBL_HUMAN	134147	CMBL	0.63
CQ096_HUMAN	100170841	EPOP	JARD2_HUMAN	3720	JARID2	0.63
F127A_HUMAN	8933	RTL8C	ICAM1_HUMAN	3383	ICAM1	0.63
FBLL1_HUMAN	345630	FBLL1	SP100_HUMAN	6672	SP100	0.63
HMX2_HUMAN	3167	HMX2	UBP38_HUMAN	84640	USP38	0.63
MEX3A_HUMAN	92312	MEX3A	F120C_HUMAN	54954	FAM120C	0.63
NACAM_HUMAN	4666	NACA	PTBP3_HUMAN	9991	PTBP3	0.63
NACAM_HUMAN	4666	NACA	BIRC3_HUMAN	330	BIRC3	0.63
NACAM_HUMAN	4666	NACA	TIP_HUMAN	81533	ITFG1	0.63
PTPC1_HUMAN	138639	PTPDC1	LMTK2_HUMAN	22853	LMTK2	0.63
SBNO1_HUMAN	55206	SBNO1	SUMO2_HUMAN	6613	SUMO2	0.63
SBNO1_HUMAN	55206	SBNO1	PKHA4_HUMAN	57664	PLEKHA4	0.63
TM223_HUMAN	79064	TMEM223	NAGAB_HUMAN	4668	NAGA	0.63
C2C4B_HUMAN	388125	C2CD4B	PLXB2_HUMAN	23654	PLXNB2	0.63
FM25A_HUMAN	100132929, 643161, 644054, 100133093	FAM25BP, FAM25A, FAM25C, FAM25G	COX16_HUMAN	51241	COX16	0.63
RFOX3_HUMAN	146713	RBFOX3	SH3G3_HUMAN	6457	SH3GL3	0.63
AQ12B_HUMAN	653437	AQP12B	PAI2_HUMAN	5055	SERPINB2	0.63
CIB4_HUMAN	130106	CIB4	ATG9A_HUMAN	79065	ATG9A	0.63
CQ089_HUMAN	284184	NDUFAF8	NDUC2_HUMAN	4718	NDUFC2	0.63
CQ089_HUMAN	284184	NDUFAF8	HEMH_HUMAN	2235	FECH	0.63
CQ089_HUMAN	284184	NDUFAF8	TAM41_HUMAN	132001	TAMM41	0.63
GOG8A_HUMAN	23015	GOLGA8A	CLUS_HUMAN	1191	CLU	0.63
HIG1C_HUMAN	613227	HIGD1C	NB5R1_HUMAN	51706	CYB5R1	0.63
NACAM_HUMAN	4666	NACA	FUND2_HUMAN	65991	FUNDC2	0.63
O2A25_HUMAN	392138	OR2A25	GHDC_HUMAN	84514	GHDC	0.63
PTPC1_HUMAN	138639	PTPDC1	SAHH2_HUMAN	10768	AHCYL1	0.63
SPDE4_HUMAN	388333	SPDYE4	RSU1_HUMAN	6251	RSU1	0.63
TMM72_HUMAN	643236	TMEM72	AT1A3_HUMAN	478	ATP1A3	0.63
ZBT7C_HUMAN	201501	ZBTB7C	ZBTB5_HUMAN	9925	ZBTB5	0.63
C2C4B_HUMAN	388125	C2CD4B	FREM2_HUMAN	341640	FREM2	0.63
FUCM_HUMAN	282969	FUOM	PKN1_HUMAN	5585	PKN1	0.63
AXA2L_HUMAN	304	ANXA2P2	HXK1_HUMAN	3098	HK1	0.63
CE051_HUMAN	285636	C5orf51	CENPJ_HUMAN	55835	CENPJ	0.63
EFCB5_HUMAN	374786	EFCAB5	UBD_HUMAN	10537	UBD	0.63
F127A_HUMAN	8933	RTL8C	UBQL2_HUMAN	29978	UBQLN2	0.63
GOG8B_HUMAN	440270	GOLGA8B	CADH1_HUMAN	999	CDH1	0.63
MADL2_HUMAN	255275	MYADML2	COMT_HUMAN	1312	COMT	0.63
MEX3A_HUMAN	92312	MEX3A	TTP_HUMAN	7538	ZFP36	0.63
MTMRB_HUMAN	10903	MTMR11	EPHA3_HUMAN	2042	EPHA3	0.63
NACAM_HUMAN	4666	NACA	YBOX1_HUMAN	4904	YBX1	0.63
NACAM_HUMAN	4666	NACA	GBF1_HUMAN	8729	GBF1	0.63
ODF3B_HUMAN	440836	ODF3B	MKRN3_HUMAN	7681	MKRN3	0.63
RAB19_HUMAN	401409	RAB19	RAB10_HUMAN	10890	RAB10	0.63
SBNO1_HUMAN	55206	SBNO1	UBP15_HUMAN	9958	USP15	0.63
SBNO1_HUMAN	55206	SBNO1	EP300_HUMAN	2033	EP300	0.63
TMM72_HUMAN	643236	TMEM72	LENEP_HUMAN	55891	LENEP	0.63
ZN320_HUMAN	162967	ZNF320	RS19_HUMAN	6223	RPS19	0.63
D11L8_HUMAN			ISLR_HUMAN	3671	ISLR	0.63
FM25A_HUMAN	100132929, 643161, 644054, 100133093	FAM25BP, FAM25A, FAM25C, FAM25G	SNX1_HUMAN	6642	SNX1	0.63
SRTM1_HUMAN	400120	SERTM1	KCNJ6_HUMAN	3763	KCNJ6	0.63
AQ12B_HUMAN	653437	AQP12B	PLCD_HUMAN	56895	AGPAT4	0.63
AQ12B_HUMAN	653437	AQP12B	SEMG2_HUMAN	6407	SEMG2	0.63
CCD69_HUMAN	26112	CCDC69	MYH2_HUMAN	4620	MYH2	0.63
CQ089_HUMAN	284184	NDUFAF8	CX7A2_HUMAN	1347	COX7A2	0.63
CQ089_HUMAN	284184	NDUFAF8	UQCC2_HUMAN	84300	UQCC2	0.63
CQ089_HUMAN	284184	NDUFAF8	TBRG4_HUMAN	9238	TBRG4	0.63
CQ089_HUMAN	284184	NDUFAF8	ACPM_HUMAN	4706	NDUFAB1	0.63
DAPL1_HUMAN	92196	DAPL1	TRI63_HUMAN	84676	TRIM63	0.63
GOG8A_HUMAN	23015	GOLGA8A	TRFL_HUMAN	4057	LTF	0.63
NACAM_HUMAN	4666	NACA	EF1G_HUMAN	1937	EEF1G	0.63
PRR19_HUMAN	284338	PRR19	HIBCH_HUMAN	26275	HIBCH	0.63
PTPC1_HUMAN	138639	PTPDC1	FLNB_HUMAN	2317	FLNB	0.63
SAC31_HUMAN	29901	SAC3D1	VP26A_HUMAN	9559	VPS26A	0.63
SPDE4_HUMAN	388333	SPDYE4	MGN2_HUMAN	55110	MAGOHB	0.63
SPDE4_HUMAN	388333	SPDYE4	SYQ_HUMAN	5859	QARS	0.63
TMM72_HUMAN	643236	TMEM72	TBA1A_HUMAN	7846	TUBA1A	0.63
BICR2_HUMAN	146439	BICDL2	API5_HUMAN	8539	API5	0.63
C2C4B_HUMAN	388125	C2CD4B	P5CS_HUMAN	5832	ALDH18A1	0.63
RHG42_HUMAN	143872	ARHGAP42	DEK_HUMAN	7913	DEK	0.63
AXA2L_HUMAN	304	ANXA2P2	KI20A_HUMAN	10112	KIF20A	0.63
CE051_HUMAN	285636	C5orf51	MRM1_HUMAN	79922	MRM1	0.63
EFCB7_HUMAN	84455	EFCAB7	DVL2_HUMAN	1856	DVL2	0.63
FBLL1_HUMAN	345630	FBLL1	CHM4B_HUMAN	128866	CHMP4B	0.63
MEX3A_HUMAN	92312	MEX3A	NTRK1_HUMAN	4914	NTRK1	0.63
MEX3A_HUMAN	92312	MEX3A	IF2B1_HUMAN	10642	IGF2BP1	0.63
NACAM_HUMAN	4666	NACA	NTRK1_HUMAN	4914	NTRK1	0.63
NACAM_HUMAN	4666	NACA	GSK3B_HUMAN	2932	GSK3B	0.63
NACAM_HUMAN	4666	NACA	CTRO_HUMAN	11113	CIT	0.63
SBNO1_HUMAN	55206	SBNO1	ZN444_HUMAN	55311	ZNF444	0.63
TLCD2_HUMAN	727910	TLCD2	S6A20_HUMAN	54716	SLC6A20	0.63
TM223_HUMAN	79064	TMEM223	PCDG9_HUMAN	56107	PCDHGA9	0.63
WASH4_HUMAN	374677	WASH4P		374666	WASH3P	0.63
ZN320_HUMAN	162967	ZNF320	RL27A_HUMAN	6157	RPL27A	0.63
ENO4_HUMAN			WDR3_HUMAN	10885	WDR3	0.63
AQ12B_HUMAN	653437	AQP12B	APBB2_HUMAN	323	APBB2	0.63
CE049_HUMAN	134121	C5orf49	CDN2D_HUMAN	1032	CDKN2D	0.63
CQ089_HUMAN	284184	NDUFAF8	CB047_HUMAN	79568	MAIP1	0.63
CQ089_HUMAN	284184	NDUFAF8	CMC2_HUMAN	10165	SLC25A13	0.63
CQ089_HUMAN	284184	NDUFAF8	FIS1_HUMAN	51024	FIS1	0.63
FIGL2_HUMAN	401720	FIGNL2	CX04A_HUMAN	91966	CXorf40A	0.63
GOG8A_HUMAN	23015	GOLGA8A	APOA1_HUMAN	335	APOA1	0.63
NACAM_HUMAN	4666	NACA	CTND1_HUMAN	1500	CTNND1	0.63
PTPC1_HUMAN	138639	PTPDC1	NUP93_HUMAN	9688	NUP93	0.63
SPDE4_HUMAN	388333	SPDYE4	NTAQ1_HUMAN	55093	WDYHV1	0.63
SPDE4_HUMAN	388333	SPDYE4	GUAA_HUMAN	8833	GMPS	0.63
